frame,ball_x,ball_y,ball_w,ball_h,ball_visible,lfoot_x,lfoot_y,lfoot_visible,rfoot_x,rfoot_y,rfoot_visible,lknee_x,lknee_y,rknee_x,rknee_y,head_x,head_y,ball_dy,ball_dy2,lfoot_dy,rfoot_dy,lknee_dy,rknee_dy,lfoot_rfoot_dy,lfoot_rfoot_dist,ball_lfoot_dist,ball_rfoot_dist
0,0.48211124539375305,0.6747593283653259,0.0780598521232605,0.04359722137451172,1,0.5561671853065491,0.689894437789917,1,0.4090685248374939,0.6495264768600464,1,0.5873276591300964,0.5685470700263977,0.43943479657173157,0.5355878472328186,0.5623648166656494,0.3888814151287079,,,,,,,0.040367960929870605,0.15253716983550578,0.07558673014267782,0.07727830110287914
1,0.48201060877706775,0.6754823833479916,0.07807713747024536,0.043236613273620605,1,0.5675551738954129,0.6902555831168827,1,0.5078299246672401,0.6510744973232871,1,0.5767679481129897,0.5968427745471324,0.44992731035427935,0.5306692644393534,0.5574241957270113,0.3922493023083622,0.0007230549826656718,,0.0003611453269657394,0.0015480204632407624,0.02829570452073471,-0.004918582793465243,0.03918108579359558,0.07143012585269924,0.08681082912113186,0.03553001510316972
2,0.5145072580704935,0.6798368388492443,0.07552224397659302,0.04215860366821289,1,0.5631936913591692,0.6925626437442803,1,0.5913130536449773,0.637560867649172,1,0.5781636183857861,0.5934060985709967,0.4705276474451767,0.5160345206848277,0.5557704456775273,0.3859239366724708,0.004354455501252685,0.0036314005185870135,0.0023070606273976058,-0.01351362967411518,-0.003436675976135728,-0.01463474375452567,0.05500177609510837,0.06177292213403024,0.050322111408397756,0.08767204785300015
3,0.5380591308737195,0.6672223805981643,0.0746198296546936,0.04182291030883789,1,0.5465849512683781,0.6836930956267125,1,0.6062595707782475,0.601294930350438,1,0.5803003974889172,0.5782927687480558,0.49484885474795776,0.5082345371357802,0.5581818526565782,0.37974286471681956,-0.012614458251079985,-0.01696891375233267,-0.008869548117567794,-0.03626593729873395,-0.01511332982294089,-0.00779998354904754,0.08239816527627453,0.10173749483127614,0.018546537869737912,0.09485635824412388
4,0.52733987155637,0.6419805968795116,0.07592478394508362,0.04245704412460327,1,0.5468961352832505,0.6778671848309071,1,0.6154144130280189,0.6007097980234675,1,0.5810876461865158,0.5781162415202186,0.5041514669392911,0.5140038134468216,0.5568305779200456,0.3802419666003196,-0.02524178371865271,-0.012627325467572725,-0.005825910795805411,-0.00058513232697055,-0.00017652722783723096,0.005769276311041405,0.07715738680743967,0.10318922775203856,0.04086923837984448,0.09726460658254503
5,0.509341201336452,0.6206373883308474,0.0774126946926117,0.0443342924118042,1,0.5423443712739326,0.6804796293885805,1,0.6445126959518052,0.6184509691261053,1,0.5693907117559032,0.5760580756730841,0.5145060191584301,0.5196219448436578,0.5534569572206491,0.3766296292433652,-0.021343208548664228,0.003898575169988483,0.002612444557673399,0.017741171102637843,-0.0020581658471344744,0.005618131396836201,0.06202866026247522,0.11952372677188722,0.06833961545643985,0.1351891762882196
6,0.4932909281805009,0.6049447005657895,0.07687732577323914,0.044213950634002686,1,0.5447315862594826,0.6828981249423892,1,0.6638439008323792,0.6281793021059584,1,0.5687757601474484,0.5757230960010229,0.5227726176295077,0.5223231263551619,0.5535772284362329,0.37739518585870835,-0.015692687765057833,0.005650520783606394,0.002418495553808686,0.009728332979853094,-0.0003349796720611975,0.002701181511504114,0.054718822836430814,0.13107972022977996,0.09339634722855573,0.1721283334873221
7,0.47897705396656387,0.5957185329589956,0.07622435688972473,0.04270070791244507,1,0.5618703150595448,0.6848226895958051,1,0.6742305224768784,0.6353937258160076,1,0.5768724268878448,0.5773631902308799,0.5358069410973821,0.53812080107248,0.5541476034348074,0.38018113268097053,-0.009226167606793956,0.006466520158263878,0.001924564653415839,0.0072144237100492115,0.0016400942298570031,0.015797674717318078,0.04942896377979744,0.12275193958227613,0.12169980881080372,0.19924366462587836
8,0.46824909396126646,0.5908214005126078,0.07618221640586853,0.04417926073074341,1,0.5726679930015638,0.68442209652511,1,0.6653331131410488,0.6454956233262965,1,0.5810759188442118,0.5803793654403987,0.5432213620033661,0.5478994672285299,0.5549822013115279,0.3832283884613313,-0.004897132446387786,0.004329035160406169,-0.00040059307069506556,0.010101897510288893,0.003016175209518801,0.009778666156049942,0.03892647319881348,0.10050917772105758,0.14022979986726306,0.20452721397490775
9,0.46049648681686794,0.5885014903121011,0.07789766788482666,0.04489850997924805,1,0.573035658838635,0.6844460836628703,1,0.6397279330423168,0.66001914154647,1,0.5864779347845293,0.584614755575921,0.5593341217629975,0.5666488038734904,0.5554676368638446,0.3841449732888459,-0.002319910200506703,0.0025772222458810834,2.3987137760306254e-05,0.014523518220173504,0.004235390135522321,0.01874933664496048,0.024426942116400285,0.07102488957835162,0.14788654513710622,0.19297327730581454
10,0.4550065156935132,0.5875118551077303,0.07891154289245605,0.044530272483825684,1,0.5881381907210893,0.6823401076142956,1,0.6084168497645751,0.6765516322557585,1,0.5849366523696776,0.5854763790182704,0.564792232846834,0.5748938512044168,0.5574671431157739,0.3867596197826459,-0.0009896352043707868,0.0013302749961359162,-0.0021059760485746537,0.016532490709288528,0.0008616234423494129,0.008245047330926458,0.005788475358537104,0.021088633421308737,0.16345164535451165,0.17737759868248684
11,0.44977523459965035,0.5893741262687561,0.08060628175735474,0.04480099678039551,1,0.587987556283004,0.679228291629648,1,0.5822968442868378,0.6814820127653882,1,0.5825188505008972,0.5854166747934828,0.5609035598995255,0.5749164199666835,0.560082448574485,0.3912045925208142,0.0018622711610257747,0.0028519063653965615,-0.0031118159846476035,0.004930380509629684,-5.9704224787626714e-05,2.2568762266694797e-05,-0.002253721135740183,0.006120740313147761,0.16485271274020746,0.1613872355205322
12,0.44547859664884576,0.5928856493166625,0.07976266741752625,0.04515200853347778,1,0.5840409368782477,0.6650648087449738,1,0.5660024284411164,0.6808288252278031,1,0.5847654925942543,0.5760654291049861,0.5532226648844605,0.570864348895215,0.5616945536196343,0.3939693437263859,0.003511523047906473,0.0016492518868806982,-0.014163482884674283,-0.0006531875375851426,-0.009351245688496657,-0.004052071071468544,-0.015764016482829324,0.02395604312709783,0.15623492946721643,0.1491978425421405
13,0.4464363056948491,0.5954028561014963,0.07943651080131531,0.04528844356536865,1,0.5770421715859474,0.6651828230937025,1,0.5657693102477523,0.6748883349706687,1,0.5850394621381846,0.5725641422687043,0.5486838359032323,0.5640634987174106,0.5620998286540223,0.39398327863383037,0.002517206784833803,-0.0009943162630726698,0.00011801434872871219,-0.00594049025713439,-0.003501286836281814,-0.006800850177804407,-0.009705511876966222,0.01487529372967489,0.14807814152871088,0.14338168406977533
14,0.441737814411199,0.5989326040762437,0.0807027816772461,0.04562753438949585,1,0.5727235636536355,0.6719891039096265,1,0.5417783908040132,0.6632715820370952,1,0.5851965442482753,0.5808369195247955,0.538083048722601,0.5654704859084287,0.5621897116050083,0.39193518222939894,0.003529747974747366,0.0010125411899135628,0.006806280815924048,-0.011616752933573449,0.008272777256091213,0.001406987191018172,0.008717521872531275,0.03214963312840539,0.14998172779544686,0.1189437724727673
15,0.4336063807958293,0.604975407285651,0.0804305374622345,0.0459672212600708,1,0.5714397926948888,0.6781704045844483,1,0.4996033532320783,0.6696926046621622,1,0.585318612778983,0.5875744633987475,0.5215473823120796,0.5711122557304216,0.5612385950881484,0.3900254924322067,0.00604280320940731,0.0025130552346599444,0.00618130067482181,0.006421022625066941,0.006737543873951979,0.005641769821992826,0.008477799922286144,0.07233496475575522,0.15606267031326462,0.09243330572375581
16,0.42330874484461983,0.6130754150469212,0.0812215805053711,0.04522705078125,1,0.569708741624375,0.6812442954086564,1,0.44663297584399697,0.6725623416194744,1,0.5848868694829155,0.5885486241007291,0.4928918124168989,0.5693270256801702,0.5577653376003158,0.3893457002575229,0.008100007761270178,0.002057204551862868,0.0030738908242080587,0.0028697369573121856,0.0009741607019815302,-0.0017852300502513296,0.008681953789182018,0.12338160496615355,0.16149289553068547,0.0638961202637581
17,0.4074750374296965,0.62871674149177,0.0788918137550354,0.04498410224914551,1,0.566607956977856,0.6843944023042545,1,0.3816657231700179,0.6575762679787317,1,0.5844955516092841,0.5869180760463248,0.4600429787854146,0.5659128242536777,0.5505445979567856,0.3891080355018627,0.015641326444848835,0.007541318683578657,0.003150106895598137,-0.01498607364074267,-0.0016305480544042128,-0.0034142014264925136,0.026818134325522824,0.18687654260108424,0.1685920757256138,0.03871683059867491
18,0.39523203063622986,0.6437633886913617,,,0,0.5671940844800715,0.6848506625472944,1,0.3739391053998909,0.6277685879662369,1,0.584358596017434,0.5851492987459115,0.46535277856171436,0.5454716858262435,0.5417436700006518,0.38929227267692806,0.0150466471995917,-0.0005946792452571348,0.00045626024303990764,-0.029807680012494786,-0.00176877730041336,-0.020441138427434224,0.05708207458105752,0.2015089332455473,0.17680246614542652,0.026631228198428523
19,0.40394780064752805,0.5877786544063248,0.08035275340080261,0.0453946590423584,1,0.5685224365948413,0.6835483100238813,1,0.3296220756993696,0.600966400238553,1,0.583875726655119,0.5837756265843624,0.4684975353972128,0.5415132275319071,0.5327910340141886,0.3879216093712055,-0.05598473428503692,-0.07103138148462862,-0.0013023525234131528,-0.026802187727683946,-0.0013736721615490444,-0.003958458294336387,0.08258190978532831,0.25277095216772577,0.1904117583929523,0.07548662152464342
20,0.4061980909244575,0.55791649904339,0.07719427347183228,0.044004201889038086,1,0.567494910609965,0.681833172015304,1,0.32944081107697587,0.6075291919167882,1,0.5821650782283766,0.5827300132000433,0.46079487113498696,0.5492857304270933,0.5273805700416374,0.3871278385557793,-0.029862155362934795,0.026122578922102124,-0.001715138008577255,0.006562791678235258,-0.0010456133843191884,0.007772502895186162,0.0743039800985158,0.24938090496857002,0.2034010960665832,0.0913952914746419
21,0.4146291060088642,0.5142747988891264,0.08176848292350769,0.04520761966705322,1,0.5643333916259556,0.680399398499641,1,0.3766088945156867,0.6268003841399727,1,0.5770353797089195,0.5784165293877693,0.4570385191396901,0.5527596271410257,0.5212211647466618,0.38592413519880586,-0.04364170015426361,-0.013779544791328813,-0.0014337735156629838,0.01927119222318452,-0.004313483812273922,0.0034738967139323895,0.053599014359668296,0.19522638437370934,0.2236263752956647,0.11877518182697694
22,0.413987646403812,0.5213593675183169,0.08044108748435974,0.04484593868255615,1,0.5643657922348284,0.6802672078866424,1,0.40246008426889623,0.6396609676606037,1,0.5742277329213195,0.5771097944228036,0.4611077015144296,0.5557354283857072,0.5243956098778064,0.3861253720443796,0.007084568629190491,0.0507262687834541,-0.00013219061299862833,0.012860583520630908,-0.0013067349649656945,0.002975801244681553,0.04060624022603876,0.16692011567586598,0.21878137140556472,0.11886190846944972
23,0.4189367223681744,0.516843659123818,0.08503568172454834,0.05215877294540405,1,0.5650350878582154,0.6809618131171582,1,0.4357442891292845,0.6816550220584856,1,0.573435422815243,0.5776310674653887,0.46747647785634294,0.5618594656970626,0.5178815085779337,0.3817150254446316,-0.004515708394498885,-0.011600277023689376,0.0006946052305157879,0.04199405439788195,0.0005212730425850909,0.006124037311355357,-0.0006932089413274056,0.12929265707920642,0.21972596767119568,0.16566616930686812
24,0.42127030475887256,0.5105472732420283,0.08372560143470764,0.050285547971725464,1,0.5658007934029585,0.6815258411932188,1,0.45200744424460576,0.7018032652691659,1,0.573202600566119,0.5784623969156778,0.4728088832664576,0.5691410257791599,0.5176492040094077,0.37923186580513085,-0.006296385881789712,-0.001780677487290827,0.0005640280760605965,0.020148243210680317,0.0008313294502890756,0.007281560082097349,-0.020277424075947126,0.11558589983138334,0.22388106853045464,0.19371016036865477
25,0.4238837277100714,0.5032506170905362,0.08439770340919495,0.04878881573677063,1,0.566755409197572,0.6822777201324294,1,0.47001981463702214,0.711097360323117,1,0.5721253889047221,0.5816884995591404,0.4786679450896057,0.5802522474713501,0.5146724233590746,0.37530398906220436,-0.007296656151492109,-0.0010002702697023969,0.0007518789392105818,0.009294095053951068,0.0032261026434625695,0.011111221692190143,-0.028819640190687612,0.10093734153277355,0.22904807572786648,0.21290562977366645
26,0.4269851841089812,0.4998277094202263,0.08570030331611633,0.051649272441864014,1,0.5672080444261749,0.6834839875090285,1,0.4997653156968323,0.7021800456655871,1,0.5712290202566602,0.585512805441287,0.48188852670235005,0.5917709998655408,0.5099113281736432,0.37150879568642686,-0.0034229076703098937,0.0038737484811822154,0.0012062673765991239,-0.008917314657529873,0.0038243058821466613,0.011518752394190757,-0.018696058156558615,0.06998617184167966,0.23106726085052956,0.21504282256773996
27,0.4254001039018656,0.4948241034791121,0.08377176523208618,0.04852285981178284,1,0.5632579288141354,0.683923259421998,1,0.5004955903412055,0.6915334117887957,1,0.5656532313236148,0.5859782485979336,0.49578157013595353,0.5944053831474783,0.49850246011363736,0.3699108237502666,-0.005003605941114209,-0.001580698270804315,0.00043927191296955215,-0.010646633876791434,0.0004654431566465389,0.0026343832819374358,-0.007610152366797629,0.06322203373537182,0.23401553509939022,0.21055613042425345
28,0.42140640995533973,0.49162403869087856,0.07985648512840271,0.04543986916542053,1,0.5623663590855738,0.6846912764712425,1,0.4803307021702986,0.6847220587384387,1,0.5601047620251268,0.5849985872565471,0.5003193943833907,0.5896516118484768,0.4931175851736323,0.36886967025700146,-0.0032000647882335365,0.0018035411528806722,0.0007680170492444516,-0.006811353050356961,-0.0009796613413864952,-0.0047537712990014525,-3.078226719621657e-05,0.0820356626904952,0.2390495044189336,0.2018883789605578
29,0.41913702258326746,0.49271974613343655,0.07938870787620544,0.0438385009765625,1,0.5616656201639638,0.6853788179951096,1,0.46726922383793523,0.6798244774310089,1,0.5542580495312196,0.5851985003124094,0.49585957296655553,0.5851076907501316,0.49326413153949866,0.3707742905354256,0.0010957074425579916,0.004295772230791528,0.0006875415238670746,-0.004897581307429788,0.00019991305586231078,-0.004543921098345227,0.005554340564100646,0.09455966549455785,0.23964957562850256,0.1931965042943495
30,0.4201297961515207,0.49911131059833885,0.07967281341552734,0.04537022113800049,1,0.5583455538649901,0.6853222554482393,1,0.46467550644401895,0.6794361996164812,1,0.5388298458683002,0.584098355073794,0.4898849075858131,0.5816080338202141,0.4892771103108688,0.3728349997832606,0.0063915644649023,0.005295857022344308,-5.656254687025353e-05,-0.000388277814527771,-0.0011001452386153465,-0.003499656929917494,0.0058860558317581635,0.09385479975526852,0.23190108163223636,0.18574548690309686
31,0.42324845483050805,0.5045049188051298,0.0797906219959259,0.045737504959106445,1,0.5584814455680147,0.6850876510393514,1,0.47095244114267454,0.6808029995846582,1,0.5293547356611872,0.5819694989598917,0.4860885519308739,0.5804245169393925,0.48034105425924023,0.3730126178004355,0.005393608206790967,-0.0009979562581113322,-0.00023460440888789513,0.0013667999681770127,-0.0021288561139023443,-0.0011835168808216334,0.004284651454693256,0.0876338111334856,0.22560603929191952,0.18263812196969303
32,0.4258081001468455,0.5176625679168726,0.08121207356452942,0.04741582274436951,1,0.547918421912525,0.6813791646729477,1,0.4678161451044811,0.6831498888834356,1,0.5115336917561437,0.5738575793305077,0.4840252496480087,0.5784179733661347,0.4771963257256333,0.3754156812235601,0.013157649111742775,0.007764040904951808,-0.0037084863664037515,0.002346889298777466,-0.008111919629383957,-0.002006543573257802,-0.0017707242104879617,0.08012184604751754,0.2042401888343944,0.1707358463880769
33,0.4279084166687817,0.5326407835251441,0.08305889368057251,0.04831179976463318,1,0.5257699180152973,0.6752488294192012,1,0.4654976108311299,0.6852125949900787,1,0.49571757859112653,0.5655767591245009,0.4840763723999755,0.5784957679092328,0.47849436710183113,0.3822849599122921,0.014978215608271506,0.0018205664965287305,-0.0061303352537465106,0.002062706106643053,-0.008280820206006845,7.779454309819744e-05,-0.009963765570877525,0.06109032360082928,0.17295643439755445,0.15713403568758189
34,0.4277970283686454,0.5488707385041227,0.08522865176200867,0.04939723014831543,1,0.5000093967223002,0.6680190468692908,1,0.47134144306891523,0.6848801871351534,1,0.49125262603483616,0.5595753615305754,0.48312860873284474,0.5694239822717415,0.479874579417977,0.38828086425096997,0.01622995497897861,0.0012517393707071056,-0.007229782549910357,-0.00033240785492527625,-0.006001397593925484,-0.009071785637491336,-0.016861140265862606,0.033258827666316194,0.13932316939233438,0.14280996522829228
35,0.42615506413690735,0.5578812878560893,0.08361548185348511,0.04773491621017456,1,0.4788078773685941,0.6624509643346957,1,0.47231327845285165,0.6840441895620818,1,0.4955519052759433,0.5595646944703734,0.48214157452681095,0.5682195514276355,0.4757188339985239,0.3899189971553702,0.009010549351966546,-0.0072194056270120655,-0.005568082534595065,-0.0008359975730716229,-1.0667060202029788e-05,-0.0012044308441060414,-0.021593225227386048,0.02254877359851272,0.11707747853473492,0.13434157404062444
36,0.4252291166204848,0.5704844077746956,0.0825442373752594,0.045643746852874756,1,0.4544812961443902,0.6591265254339076,1,0.4718560075697838,0.6776427448906409,1,0.4931610093966073,0.5449552826716784,0.48101161075040694,0.5616390572381027,0.47155996540662903,0.39113252300666607,0.012603119918606298,0.0035925705666397523,-0.0033244389007881514,-0.006401444671440881,-0.014609411798695016,-0.006580494189532771,-0.018516219456733318,0.025391553321638522,0.09334406799582061,0.11686306590643775
37,0.4255109741244008,0.5883546722969903,0.0819358229637146,0.04691493511199951,1,0.44325365359048713,0.6493926936478763,1,0.45351170905370647,0.6594419853600871,1,0.49486344049737413,0.539366765797269,0.47932638836239977,0.562565762566797,0.46581484406885015,0.39036398691554597,0.017870264522294788,0.0052671446036884895,-0.009733831786031266,-0.01820075953055378,-0.0055885168744093106,0.0009267053286943217,-0.010049291712210806,0.014360221648832338,0.06356447691177435,0.07640318864492482
38,0.42481940073602076,0.6343581779054706,0.08064794540405273,0.04353982210159302,1,0.4408522731375691,0.6284776244782901,1,0.42440663518800975,0.6680539333430692,1,0.5005773445822765,0.5305716956100005,0.47928809152297874,0.573331443034316,0.45965940976539404,0.3896144301772027,0.04600350560848021,0.028133241086185423,-0.020915069169586187,0.008611947982982038,-0.00879507018726855,0.010765680467519023,-0.03957630886477903,0.04285724245595338,0.017077292117143553,0.03369828348607806
39,0.42003487852994303,0.6081970028792039,0.08052816987037659,0.04562711715698242,1,0.44527817623051275,0.5960264199788277,1,0.425575720177789,0.6810854337547544,1,0.5050830483048372,0.5282749822249129,0.4752777216597795,0.5834487167879977,0.45384983501505505,0.39040975003231887,-0.026161175026266692,-0.0721646806347469,-0.03245120449946248,0.013031500411685215,-0.0022967133850876342,0.010117273753681655,-0.08505901377592673,0.08731106802143015,0.02802404622702649,0.07309872968572308
40,0.4199354504252862,0.5759320173941848,0.08222022652626038,0.047040700912475586,1,0.43810061275863554,0.5934331178482944,1,0.4403887287190991,0.689515890036446,1,0.5044893443471749,0.5353763233077021,0.4780497146993931,0.5882943253416701,0.44815738855380455,0.3909175257582117,-0.032264985485019104,-0.006103810458752412,-0.002593302130533215,0.00843045628169159,0.007101341082789259,0.0048456085536724425,-0.09608277218815153,0.09611001293314216,0.02522422723695956,0.11541071318286521
41,0.41854253510483863,0.5436321992985715,0.08125463128089905,0.04612916707992554,1,0.4243322168632311,0.6098784598759547,1,0.4627925280421392,0.6906944624737972,1,0.5038650341227744,0.5439341247208811,0.4845102266427868,0.5788358606324703,0.44681793606447184,0.39201303749069455,-0.03229981809561322,-3.4832610594115465e-05,0.016445342027660237,0.0011785724373511997,0.008557801413178967,-0.009458464709199865,-0.0808160025978425,0.08950095983771868,0.06649877784854404,0.15357529464458297
42,0.4144713187630881,0.5208242598166468,0.08444371819496155,0.049018919467926025,1,0.43671730928796876,0.6358683135031203,1,0.483500196416128,0.6827822940658175,1,0.4998480321751492,0.5484896454357304,0.4886251451259573,0.5738215515155096,0.45007350581670563,0.3908292138836856,-0.02280793948192472,0.009491878613688498,0.02598985362716566,-0.007912168407979703,0.004555520714849326,-0.005014309116960658,-0.04691398056269713,0.06625375536739946,0.11717516111808544,0.17605507890400063
43,0.41336300580641894,0.5070585791599429,0.083529531955719,0.04738384485244751,1,0.4470655609021089,0.6497305136157463,1,0.48902250936579006,0.6696153875947738,1,0.49431665192978386,0.548199415921371,0.48821974572358956,0.5688553247175048,0.45590771912552563,0.38960981947213813,-0.013765680656703916,0.009042258825220806,0.013862200112625955,-0.013166906471043682,-0.00029022951435941913,-0.004966226798004847,-0.019884873979027495,0.046430525923639936,0.146598578101355,0.1793016353728231
44,0.410148085322724,0.4985678665275403,0.07961681485176086,0.04637712240219116,1,0.4591283745420941,0.6628560074976972,1,0.46951483286180684,0.6543954008519061,1,0.49216946139170403,0.5473301611626198,0.4779979308700885,0.5661838883938879,0.4599187835664525,0.38906567749286053,-0.008490712632402586,0.00527496802430133,0.013125493881950945,-0.01521998674286773,-0.0008692547587512145,-0.0026714363236168825,0.00846060664579118,0.01339628236646033,0.1714341331107761,0.16675320436795385
45,0.408555980069114,0.49497769098744265,0.08222800493240356,0.045590758323669434,1,0.47422221515069934,0.6898884294563818,1,0.44717015577605096,0.6580593853448617,1,0.4907357005186684,0.5668861555170464,0.4671442352557787,0.5673971978924313,0.4613678680035513,0.38670054252452946,-0.003590175540097662,0.004900537092304924,0.027032421958684605,0.0036639844929556853,0.019555994354426565,0.001213309498543369,0.0318290441115201,0.04177202371758632,0.20567510884960594,0.1675908517790063
46,0.40696126677355643,0.4949139015194688,0.08171948790550232,0.04596149921417236,1,0.4788933925579804,0.7016989475072656,1,0.43804803675551934,0.6740385517427182,1,0.48563584456455977,0.580370201328487,0.4675919708637531,0.5760617397055631,0.461232412626033,0.3821312747889401,-6.378946797386265e-05,0.0035263860721237994,0.011810518050883734,0.01597916639785646,0.013484045811440692,0.00866454181313181,0.027660395764547374,0.04932991571532462,0.2189390005550437,0.18180216606386435
47,0.4064207087734189,0.49768939976889404,0.08170169591903687,0.04558184742927551,1,0.4773951865605254,0.7046375514367728,1,0.44138551981240076,0.6830969345829823,1,0.4875844517201554,0.5882194470232097,0.47087204547187794,0.5795534995167632,0.4594023665994198,0.3790983771214313,0.0027754982494252456,0.0028392877173991082,0.0029386039295071775,0.009058382840264056,0.007849245694722673,0.0034917598112000903,0.021540616853790495,0.041960627661568585,0.218780515530757,0.1886756263454001
48,0.4045092760828362,0.5004001062456064,0.08111733198165894,0.046130627393722534,1,0.49088336253008374,0.6927485671220703,1,0.4508139118096928,0.6853996758287895,1,0.4991506079419205,0.5943323389909081,0.46970816952309796,0.5815941266873903,0.4565658668396464,0.37667800340927865,0.0027107064767123434,-6.479177271290215e-05,-0.011888984314702422,0.002302741245807205,0.006112891967698375,0.0020406271706271406,0.007348891293280868,0.040737784479206715,0.2108516379142955,0.19070647612433062
49,0.4011015073921929,0.5021683275606081,0.07974231243133545,0.045224398374557495,1,0.4996130882594582,0.6839190862770622,1,0.45910048471516424,0.6868423605505702,1,0.5115049922388736,0.5912731978927792,0.464873587233918,0.5819924684816964,0.453538173151063,0.3763484026441057,0.0017682213150017612,-0.0009424851617105823,-0.00882948084500812,0.0014426847217807737,-0.0030591410981288814,0.0003983417943060896,-0.0029232742735080253,0.04061793419679655,0.20673139543614186,0.19356750716814058
50,0.3964838191585878,0.5054846745570006,0.07762113213539124,0.04291364550590515,1,0.5016868983777476,0.6790352026441633,1,0.47191155293619963,0.6897101390396898,1,0.5150863292574446,0.5829897741714773,0.45790296465281405,0.581010404180024,0.45312570093234583,0.3774626471196852,0.003316346996392494,0.001548125681390733,-0.004883883632898933,0.0028677784891195657,-0.008283423721301864,-0.0009820643016723585,-0.010674936395526524,0.03163108381342708,0.2029469725729503,0.19906874387178128
51,0.3934775684590135,0.5125224692260868,0.07696458697319031,0.042352259159088135,1,0.499590148474549,0.677968733898687,1,0.4798716402877866,0.6881896462311433,1,0.5156361276485815,0.578537415115926,0.45014549046907015,0.5794833593054634,0.45348538643434094,0.3797441993142296,0.0070377946690861615,0.0037214476726936674,-0.0010664687454763344,-0.001520492808546492,-0.004452359055551303,-0.001527044874560679,-0.010220912332456367,0.022210056596487428,0.1965511285433627,0.19576233734832926
52,0.39069907910383084,0.5222466882798895,0.07750040292739868,0.044749677181243896,1,0.4976791755266675,0.678855204914432,1,0.4770733113571281,0.6851449091951369,1,0.51617876952359,0.5770372493035594,0.4435056750036705,0.5782807270292147,0.4544282177766125,0.3816347532474782,0.009724219053802718,0.002686424384716557,0.0008864710157450162,-0.003044737036006384,-0.0015001658123666717,-0.0012026322762486163,-0.006289704280704966,0.021544419651321,0.18966013949460017,0.18438095990285788
53,0.388712232171388,0.5328563419736891,0.077487051486969,0.04347050189971924,1,0.49310406071779084,0.6815129427912446,1,0.4594739249228391,0.6837420929789259,1,0.5148376610281447,0.5780376030557588,0.4406342451170371,0.5790993608309327,0.4540701429940372,0.3855405207421101,0.010609653693799626,0.0008854346399969071,0.0026577378768126714,-0.001402816216211078,0.0010003537521994232,0.0008186338017179828,-0.002229150187681217,0.033703933659828676,0.18164921919428006,0.1666545139426624
54,0.3844794891192385,0.5529465335701936,0.07609760761260986,0.04438281059265137,1,0.488670776293629,0.6831133703545316,1,0.43582949143687805,0.6829513711009522,1,0.5117523656954899,0.5774077731636216,0.43574768129082525,0.5764821396710004,0.4492737155893968,0.39131812119588344,0.020090191596504492,0.009480537902704866,0.0016004275632869325,-0.000790721877973688,-0.0006298298921372236,-0.002617221159932348,0.00016199925357940348,0.05284153318243572,0.16673101007760008,0.13977868406670776
55,0.38135125376399365,0.572676547296418,0.07617947459220886,0.04257768392562866,1,0.4881286398293475,0.6866114963932118,1,0.40805617119888,0.6805206208852245,1,0.5098280829723133,0.5786778778658992,0.43033657268044956,0.5746555140027385,0.44435802348746467,0.3957601950760495,0.019730013726224405,-0.0003601778702800873,0.0034981260386802715,-0.002430750215727695,0.001270104702277619,-0.001826625668261861,0.00609087550798737,0.08030379192187008,0.15614923246893855,0.11110129082702862
56,0.38116812779803927,0.5941015675067467,0.07789283990859985,0.043802857398986816,1,0.48957776678332005,0.691534118715815,1,0.38187286558486794,0.6801026540980044,1,0.5090925066434625,0.5843515011525473,0.4188203489577693,0.5808759339438687,0.4387456389433412,0.3993082398014699,0.02142502021032866,0.0016950064841042556,0.0049226223226032095,-0.00041796678722005876,0.005673623286648111,0.006220419941130206,0.011431464617810638,0.1083098523933838,0.14575922564293017,0.08600397403739662
57,0.37971315139085504,0.6169594376901697,0.08047989010810852,0.044992148876190186,1,0.48923606529957897,0.6919138594994936,1,0.3630162297881244,0.6793210157441032,1,0.5091587362110676,0.5877594493117322,0.40883927746801185,0.5824147051564106,0.4354363452493694,0.40435052433493157,0.022857870183423,0.0014328499730943411,0.00037974078367852826,-0.0007816383539012151,0.0034079481591848815,0.0015387712125418673,0.012592843755390382,0.12684646857672593,0.13271561332348128,0.06455814130212062
58,0.3761415069321249,0.6404233233480524,0.07948705554008484,0.04446876049041748,1,0.48932282087764467,0.6899867262265459,1,0.369384722375953,0.6612238238770123,1,0.5095692999647812,0.5879344545167847,0.413897749709138,0.5646393287339297,0.4314587854998623,0.40638129559316927,0.02346388565788271,0.000606015474459709,-0.0019271332729476898,-0.01809719186709091,0.00017500520505253636,-0.017775376422480837,0.028762902349533603,0.12333876934593721,0.123557843665751,0.021870412885763798
59,0.3748450133764634,0.6441003210179467,0.07938072085380554,0.04436391592025757,1,0.48662789606084184,0.6886448469645678,1,0.3793888945321837,0.6539202304128833,1,0.5101157207101223,0.5855596329938549,0.41999168878480575,0.5565041172607754,0.43053244255005696,0.40458941013116556,0.0036769976698942664,-0.019786887987988444,-0.0013418792619780406,-0.00730359346412901,-0.002374821522929782,-0.008135211473154325,0.03472461655168457,0.11272090508652362,0.12033132448800983,0.010820234585353226
60,0.3715379348280133,0.6517523240451959,0.07726716995239258,0.04364889860153198,1,0.484256596807371,0.6873456183756342,1,0.3789098384100313,0.6520712449328494,1,0.5104934721743624,0.5832655876679836,0.4266149449213799,0.5538453139571309,0.4343362371062745,0.40895704692426105,0.007652003027249221,0.003975005357354955,-0.0012992285889336097,-0.0018489854800338712,-0.0022940453258712967,-0.0026588033036445413,0.035274373442784834,0.11109554863543591,0.1182048195282659,0.007378798882958632
61,0.36956111561401633,0.6276831216837524,0.07570797204971313,0.04264330863952637,1,0.4846698576045176,0.6866697274769208,1,0.3722045697769486,0.6545437270438036,1,0.510623857591867,0.5824323338944346,0.42948526225663375,0.5567164456602987,0.43550204730632597,0.4130942367579397,-0.024069202361443498,-0.03172120538869272,-0.0006758908987134493,0.0024724821109541884,-0.0008332537735490364,0.002871131703167773,0.0321260004331172,0.11696375878863752,0.1293423447507986,0.026990368100860255
62,0.3701847404271225,0.5983578238052436,0.0774666965007782,0.04326164722442627,1,0.48574644960680097,0.6866206332463536,1,0.34540939941628807,0.6546751794528725,1,0.510026843628349,0.5820343950195986,0.42215706099161754,0.5632749264888074,0.43366178506445063,0.4121567185830157,-0.029325297878508794,-0.005256095517065296,-4.9094230567203745e-05,0.00013145240906886624,-0.000397938874835968,0.006558480828508739,0.03194545379348113,0.14392706373106476,0.14541262723356,0.0615261088428697
63,0.3715686774773741,0.5698052780387879,0.0811828076839447,0.045251667499542236,1,0.4857720583152671,0.6872778676256398,1,0.33855693145198706,0.6613682984549891,1,0.5088591749440858,0.5820679570247992,0.40950291837487535,0.5736466493910329,0.43072322201692426,0.41024320306699535,-0.028552545766455717,0.0007727521120530767,0.0006572343792862201,0.006693119002116665,3.3562005200549194e-05,0.010371722902225544,0.02590956917065068,0.14947775537510713,0.163835959114737,0.0973322253078719
64,0.3705058093968978,0.5525756644152509,0.07785838842391968,0.04536843299865723,1,0.4865612035751739,0.6880597173428911,1,0.35456868930860835,0.6749739003877823,1,0.5076794350767148,0.5826373099762397,0.40192512903539535,0.5857572721468391,0.42328504317970855,0.4067352163475284,-0.017229613623537032,0.011322932142918685,0.0007818497172512595,0.013605601932793143,0.0005693529514405604,0.01211062275580621,0.013085816955108798,0.1326395960028231,0.1783950198732427,0.12343143832061604
65,0.37130859015967543,0.5470991268819829,0.07802784442901611,0.04526275396347046,1,0.4909127281627781,0.6885585774126206,1,0.36542834302434474,0.6898754153104459,1,0.5056399836820226,0.5823102431005068,0.40197219652952826,0.5867461629752165,0.4190336086465922,0.4047308699675429,-0.005476537533267933,0.011753076090269099,0.0004988600697295453,0.014901514922663672,-0.0003270668757329176,0.0009888908283773867,-0.0013168378978253292,0.12549129442164433,0.18524558286743348,0.14289732623034004
66,0.36885327344467167,0.5506098235171122,0.08001428842544556,0.04527103900909424,1,0.4929694217340819,0.6896991613248133,1,0.3760354542446092,0.7012227118241915,1,0.5045633187102453,0.5831264111059452,0.4080063780852437,0.5860021173742722,0.4147637156393944,0.4030009159861018,0.0035106966351292623,0.008987234168397196,0.0011405839121927386,0.011347296513745553,0.000816168005438378,-0.0007440456009443208,-0.011523550499378143,0.1175004041224573,0.18641529486065161,0.15078403710354665
67,0.3659707892639878,0.5564837952975479,0.07834455370903015,0.04467499256134033,1,0.4937012685420603,0.689806404522799,1,0.38009680279080166,0.6996207845672828,1,0.5020152955536249,0.5853066982226796,0.41438638963332575,0.5864626003802988,0.40822790961628974,0.3987577664984232,0.005873971780435694,0.0023632751453064316,0.000107243197985607,-0.001601927256908664,0.0021802871167343474,0.00046048300602663517,-0.009814380044483872,0.11402761373582482,0.18463475693171943,0.1438323397409774
68,0.3622654767534399,0.5624412620563511,0.07766753435134888,0.043250203132629395,1,0.4924201046488468,0.6896794604361329,1,0.4273877301593063,0.6942999631018913,1,0.49174482211018233,0.585932188414742,0.4233607494491903,0.5862879802961455,0.39983457142345263,0.39294103004826597,0.005957466758803265,8.349497836757092e-05,-0.0001269440866660254,-0.005320821465391479,0.0006254901920624834,-0.00017462008415336516,-0.004620502665758419,0.06519630953230493,0.1820158957056348,0.1470633364577148
69,0.36049509317680367,0.5689088987046907,0.08017429709434509,0.04440051317214966,1,0.48870125420334515,0.6892797926327239,1,0.42789891629977506,0.6908262068003977,1,0.47497857658425524,0.5865832251028513,0.42858294189367424,0.5883059530029431,0.3973472858339339,0.3904595918564244,0.006467636648339603,0.0005101698895363382,-0.00039966780340905395,-0.0034737563014936024,0.0006510366881092855,0.0020179727067975994,-0.0015464141676738707,0.06082200006015832,0.1758578170858415,0.13930938728203623
70,0.3598807316973976,0.5736974177179807,0.07966992259025574,0.045160651206970215,1,0.4790582942535678,0.6882106245195919,1,0.4024697179387891,0.6885905635801769,1,0.45046548046830437,0.5859074895317173,0.427994869410491,0.5879103732762336,0.3942607918845922,0.39168726158008477,0.004788519013289916,-0.0016791176350496873,-0.0010691681131319575,-0.002235643220220851,-0.0006757355711339841,-0.00039557972670944963,-0.0003799390605849773,0.07658951870598506,0.16527723965754765,0.12253267611205321
71,0.360259436801066,0.5794364769354744,0.07969039678573608,0.045399367809295654,1,0.45774900180104583,0.685698355362454,1,0.3869747718476129,0.6871221220111733,1,0.424657826579149,0.5819307371161353,0.4337229231877849,0.5848647446067837,0.3920097023626144,0.3946968857022059,0.005739059217493736,0.0009505402042038202,-0.0025122691571378697,-0.001468441569003609,-0.003976752415582041,-0.003045628669449907,-0.001423766648719238,0.07078854947639064,0.1442074966522736,0.11095002155032982
72,0.35957124217359493,0.5876194766345983,0.079212486743927,0.04498088359832764,1,0.44334770484981817,0.678638493573895,1,0.39929282035804853,0.6853961404358905,1,0.4142753619490307,0.5785114758224428,0.4321660968545343,0.5824932984738811,0.38674494427002787,0.3970712849180514,0.00818299969912395,0.0024439404816302135,-0.0070598617885589965,-0.001725981575282809,-0.0034192612936925215,-0.0023714461329026326,-0.0067576468619954255,0.04457015412464491,0.12370512173364774,0.10553710133206508
73,0.35721426848329957,0.5999972165571501,0.07986468076705933,0.04443931579589844,1,0.37533950891564277,0.6782697530576439,1,0.41678176480493473,0.6766525802872988,1,0.4091744779055003,0.5739389119050942,0.4288419864371626,0.5785079382277024,0.3806892857734906,0.39807375488796853,0.012377739922551756,0.004194740223427806,-0.00036874051625113147,-0.008743560148591678,-0.0045725639173486154,-0.003985360246178682,0.001617172770345121,0.041473796799457605,0.08034372602108633,0.09707899570262053
74,0.3543348839407285,0.6139147041253499,0.08021476864814758,0.04549664258956909,1,0.36187211275952696,0.6818287923220269,1,0.4146239873735084,0.6704776638601433,1,0.4066419839204184,0.5690347071778132,0.4270552268559049,0.5768454935999191,0.37258890062574657,0.39816688854095533,0.013917487568199771,0.0015397476456480153,0.003559039264382946,-0.006174916427155508,-0.004904204727280925,-0.0016624446277833105,0.011351128461883575,0.05395932164739846,0.06833105585202784,0.08266888415049703
75,0.35138029605790616,0.6300088921625283,0.0777057409286499,0.044345736503601074,1,0.36723407378813494,0.6710348653929262,1,0.4013312147346183,0.6640327049094853,1,0.4040403353603465,0.5594312389362736,0.42331476617599206,0.5719113734192548,0.36951605455325404,0.401027477021049,0.016094188037178436,0.002176700468978665,-0.010793926929100639,-0.006444958950657997,-0.009603468241539681,-0.004934120180664303,0.0070021604834409334,0.034808695352745035,0.04398264143751287,0.06043768783207629
76,0.3496469790108246,0.648176282918528,0.07696360349655151,0.04234856367111206,1,0.36083406960761344,0.66575641421381,1,0.38680796358488917,0.6633743827932105,1,0.41774479584719115,0.5610295720301162,0.42150166375354153,0.5683735071894881,0.3639712703924582,0.4021806388191338,0.018167390755999713,0.0020732027188212765,-0.005278451179116184,-0.0006583221162748121,0.0015983330938426077,-0.0035378662297667063,0.002382031420599562,0.02608289174979423,0.020837754494669423,0.04014873614841056
77,0.34804535810471054,0.6589426489617324,0.07839351892471313,0.04332965612411499,1,0.37639303122606754,0.6654199276036349,1,0.3916128281196286,0.6679186370150207,1,0.43472974118170765,0.5635232476548391,0.42563145653712847,0.5659681955895626,0.35957546846387295,0.4029793841024623,0.010766366043204356,-0.0074010247127953566,-0.00033648661017515735,0.004544254221810262,0.002493675624722913,-0.0024053115999255192,-0.0024987094113858577,0.015423545837575721,0.02907826868986791,0.04448249998632676
78,0.3470162402269146,0.6418851558284536,0.07998660206794739,0.04340517520904541,1,0.38501870872997285,0.6694121307405195,1,0.4123377319702911,0.6769952839016724,1,0.4426174076165891,0.5685271540388837,0.4353229265609454,0.5693952205047338,0.3558662580476267,0.4032366549507037,-0.017057493133278756,-0.027823859176483112,0.003992203136884642,0.009076646886651663,0.005003906384044576,0.0034270249151712173,-0.007583153161152878,0.028351953066244877,0.04692464128936354,0.07415941192389429
79,0.34473898186345375,0.6114438400851845,0.07926446199417114,0.04388606548309326,1,0.3482874701957171,0.6594142648626948,1,0.40141558720025516,0.6802579607811808,1,0.44248862854321364,0.5683081155067189,0.43938895110554976,0.5792689580958412,0.35214196209184584,0.4040917604853456,-0.030441315743269137,-0.013383822609990381,-0.009997865877824696,0.0032626768795084304,-0.00021903853216476143,0.009873737591107434,-0.020843695918486005,0.05707062708600806,0.048101490858173904,0.08914942960931775
80,0.3433713472599665,0.5828321877038408,0.07976523041725159,0.04457134008407593,1,0.3413569479844066,0.6571046095236572,1,0.3836272672238205,0.6757065660107544,1,0.4375851833924488,0.5673053396725957,0.4336849833011607,0.5774502577099688,0.35306962842186745,0.4033851087403915,-0.028611652381343666,0.001829663361925471,-0.0023096553390375973,-0.004551394770426431,-0.0010027758341232262,-0.001818700385872396,-0.01860195648709717,0.04618238488590454,0.0742997338314352,0.10122346189511561
81,0.34247333878483455,0.5628319646203304,0.0806114673614502,0.04541856050491333,1,0.3611399186399596,0.6604239321023594,1,0.380792154518064,0.67345583393017,1,0.43195190141623746,0.5678174293417023,0.4190138299276078,0.5757053653314719,0.35571830280314326,0.40260988821477833,-0.02000022308351046,0.008611429297833206,0.003319322578702155,-0.002250732080584461,0.0005120896691066523,-0.0017448923784969539,-0.013031901827810555,0.023580518235576275,0.09936112580129701,0.11707250787557966
82,0.34201754933144485,0.5530139002958069,0.08053573966026306,0.04523324966430664,1,0.38252837153657454,0.6822764064012228,1,0.3844092965230736,0.579060814812444,1,0.4256325778791852,0.5683708687659709,0.41214095113899185,0.5727617434339057,0.3581710155720942,0.40087800217916353,-0.009818064324523479,0.010182158758986981,0.02185247429886339,-0.09439501911772596,0.0005534394242685536,-0.00294362189756614,0.1032155915887788,0.10323272846256859,0.13546188467752954,0.049754416746616216
83,0.33894514602825365,0.5498836523205961,0.07977014780044556,0.043949782848358154,1,0.3918149101931671,0.7005544030217291,1,0.3894202693736356,0.6494186219723578,1,0.4232192749303512,0.5703611825238688,0.4212853456158419,0.5742650563177493,0.3623842343611028,0.39957814488558696,-0.003130247975210776,0.006687816349312703,0.01827799662050633,0.0703578071599138,0.0019903137578979324,0.0015033128838435328,0.05113578104937133,0.05119181973893691,0.15967744699767886,0.11160173950395505
84,0.3365268249896504,0.5505777197391842,0.07872575521469116,0.04362398386001587,1,0.4414028620489544,0.7007296954186927,1,0.3903708482461806,0.6978687426486886,1,0.4335605889598197,0.58107683609929,0.42610331742979024,0.5811612072128067,0.364229675679262,0.3945679085810013,0.000694067418588129,0.003824315393798905,0.0001752923969635667,0.04845012067633081,0.010715653575421147,0.006896150895057462,0.002860952770004088,0.051112146144714835,0.18315184670028364,0.15682418267020523
85,0.3346026254385242,0.5525306541912905,0.07859104871749878,0.044342994689941406,1,0.46913435768404804,0.6935034415358291,1,0.3907895744346095,0.7122587558615425,1,0.45830279706647,0.5896848340027053,0.4167379916146453,0.585824732171158,0.3643122597428232,0.3907936795928424,0.0019529344521063141,0.001258867033518185,-0.007226253882863576,0.014390013212853936,0.008607997903415376,0.004663524958351317,-0.018755314325713424,0.08055846869111787,0.19486434705371272,0.16932229534432564
86,0.33338947513905604,0.555984337748814,0.08008766174316406,0.04520761966705322,1,0.48222928835266876,0.6866368020618593,1,0.38700280869961035,0.7097519429400811,1,0.4733514457791694,0.5922056733706271,0.39745656838070975,0.5855527220779184,0.3629969410512747,0.38598693572166454,0.0034536835575234015,0.0015007491054170874,-0.0068666394739698156,-0.0025068129214613766,0.002520839367921801,-0.00027201009323962744,-0.023115140878221863,0.09799179641650821,0.19804887383808753,0.16284614193075833
87,0.3322665963754162,0.5608184645700467,0.07881644368171692,0.0446813702583313,1,0.46090685027623957,0.685254258728029,1,0.380152566183895,0.6975465313639051,1,0.4763986349299857,0.590222692715292,0.3734025501278793,0.5832829306386187,0.3717064696564774,0.3823409949684301,0.004834126821232743,0.0013804432637093411,-0.001382543333830255,-0.01220541157617605,-0.001982980655335087,-0.0022697914392997287,-0.012292272635876067,0.08168448056896613,0.1789764839061156,0.1448710818406639
88,0.3322991906117964,0.5633768456946826,0.0783156156539917,0.04444563388824463,1,0.43925275100348526,0.6853164277928255,1,0.37772621310631094,0.6867957265571254,1,0.4744472975486191,0.5877569923156132,0.3706621564693376,0.5810121151037714,0.3761485206666184,0.3820146813076259,0.002558381124635911,-0.0022757456965968315,6.21690647965023e-05,-0.010750804806779701,-0.0024657003996788607,-0.0022708155348473147,-0.0014792987642998634,0.0615443189128492,0.16219841479721178,0.13151362867039665
89,0.33233124567276656,0.5688223713340543,0.07951512932777405,0.0439075231552124,1,0.4270789244363382,0.6877686660159334,1,0.3755497296198731,0.6792819571329627,1,0.4680636300393143,0.5870355909125913,0.36559959156144894,0.576005906086934,0.381164832813343,0.3839616938073564,0.005445525639371729,0.0028871445147358177,0.0024522382231079165,-0.007513769424162708,-0.000721401403021904,-0.0050062090168373485,0.008486708882970762,0.0522233869650132,0.15207019316629208,0.11861347920684522
90,0.332583422629064,0.5765940523076913,0.07943505048751831,0.04439133405685425,1,0.4213045047501438,0.6891438313252555,1,0.3732263737791847,0.6766623116424544,1,0.4605785295419715,0.5852461936339411,0.36123904830770265,0.5716806132807065,0.3815027488205808,0.38651380775243754,0.007771680973637007,0.0023261553342652785,0.001375165309322024,-0.0026196454905083044,-0.0017893972786501289,-0.00432529280622751,0.01248151968280109,0.04967187344214879,0.14331393222446276,0.10800697201792342
91,0.3295626208560799,0.5872813376504922,0.08107709884643555,0.0449373722076416,1,0.4204045821109885,0.6912778828768678,1,0.3624701713797073,0.6777285468961395,1,0.4557472218000323,0.5858386333146011,0.36145074603534716,0.5703179974334281,0.38439358175945665,0.38540468312063203,0.010687285342800834,0.0029156043691638267,0.0021340515516122815,0.0010662352536850994,0.0005924396806599175,-0.00136261584727837,0.013549335980728272,0.05949773485015588,0.13808527562220346,0.0962476209669153
92,0.3272470859923022,0.601927514102765,0.08332440257072449,0.04662895202636719,1,0.42370312865654935,0.6913176497870549,1,0.3378603353688137,0.6757643427726644,1,0.4543920005711517,0.5855797051456287,0.3549600391534869,0.5692796486126421,0.3825586931902336,0.38463504137553706,0.014646176452272841,0.003958891109472007,3.976691018714451e-05,-0.0019642041234750884,-0.00025892816897232773,-0.001038348820786017,0.015553307014390505,0.08724041791810033,0.13150803976982864,0.07459569914114417
93,0.32414785884652003,0.6189724407912341,0.08326900005340576,0.04712569713592529,1,0.4346415003239649,0.690359531319847,1,0.30878485516539284,0.6599605439390069,1,0.45505952106650677,0.5855679734191984,0.35418358154470614,0.5659585117921905,0.3802071678412646,0.3825718996223822,0.01704492668846913,0.00239875023619629,-0.0009581184672079468,-0.015803798833657456,-1.1731726430319611e-05,-0.0033211368204516534,0.030398987380840015,0.12947584162441733,0.13154832382469375,0.0437726682047004
94,0.31847101987679355,0.6367371377146819,0.08013421297073364,0.04392731189727783,1,0.44285517466017504,0.6894381522490686,1,0.2742670713655177,0.6475993594260546,1,0.4567007516469772,0.5810301215214787,0.36045916307310844,0.5578375969905637,0.37811470379369894,0.3833205732611736,0.01776469692344773,0.0007197702349786006,-0.0009213790707783831,-0.012361184512952317,-0.0045378518977197135,-0.0081209148016268,0.04183879282301395,0.17370213918480434,0.135088174516239,0.04551897323638291
95,0.3164362121341022,0.6283853182103966,0.08120602369308472,0.04563450813293457,1,0.44434795391657916,0.6889536963090909,1,0.27665956020371224,0.6075465633763065,1,0.45807528986287804,0.5804503744030453,0.36332080605658246,0.5556184470666361,0.3732128371893443,0.38553258594122064,-0.008351819504285318,-0.02611651642773305,-0.00048445593997770153,-0.040052796049748096,-0.0005797471184334491,-0.002219149923927577,0.08140713293278434,0.18640418095723466,0.14152717799537107,0.044904740750022244
96,0.316475955202993,0.6026570190821092,0.08213850855827332,0.04626518487930298,1,0.4441197326326461,0.6888539920479833,1,0.2713067928496857,0.6216911593754869,1,0.4573477187921947,0.5804032940874041,0.35445709787338303,0.5611130501729484,0.368264953483768,0.3863586719601871,-0.025728299128287335,-0.017376479624002017,-9.970426110761377e-05,0.014144595999180387,-4.7080315641157e-05,0.005494603106312335,0.06716283267249634,0.18540538894277817,0.15402224535757955,0.04901583136505407
97,0.3185769586807461,0.5756142283481079,0.08480927348136902,0.04773890972137451,1,0.44178866047513465,0.6892476136081385,1,0.27187283212104596,0.6433656614767505,1,0.45647164215900976,0.5815007695495914,0.3404241365083373,0.564745242887427,0.3658924535275668,0.38618738461244917,-0.027042790734001287,-0.0013144916057139522,0.00039362156015521066,0.021674502101263537,0.0010974754621873029,0.003632192714478566,0.045881952131388015,0.17600154049508518,0.16761166339107747,0.08228931965139465
98,0.31849410035258996,0.5549657897112955,0.08001798391342163,0.04583096504211426,1,0.4407449512434102,0.6896167951807541,1,0.28879578270110934,0.6679067587932778,1,0.4534403797676315,0.5814739808841767,0.3302343892382058,0.5673143128641273,0.36775191743794866,0.38594266502164176,-0.020648438636812427,0.00639435209718886,0.0003691815726156733,0.024541097316527316,-2.6788665414723134e-05,0.0025690699767002556,0.021710036387476372,0.15349226527953158,0.1818685344348102,0.11678036037153472
99,0.3175309559955458,0.5450654521921138,0.08289951086044312,0.04623204469680786,1,0.4429129883565868,0.6900712229403783,1,0.301866061373245,0.7002152278705214,1,0.45019669661653144,0.5823174302475901,0.32100537767185183,0.5698007104703514,0.37028669031882777,0.3852086903198193,-0.009900337519181734,0.010748101117630693,0.00045442775962412085,0.03230846907724361,0.0008434493634134066,0.0024863976062241555,-0.010144004930143113,0.1414112316878222,0.19169592481136205,0.15593858347627756
100,0.3181009008989666,0.5441795011968988,0.0842035710811615,0.047246575355529785,1,0.4421533777449643,0.6915532166274062,1,0.31299261781379584,0.7173437254478815,1,0.4465788726986283,0.583120914276356,0.3288644291115869,0.5743950176656388,0.3622947901339195,0.37934051585763123,-0.0008859509952149347,0.0090143865239668,0.0014819936870279493,0.017128497577360124,0.000803484028765955,0.004594307195287417,-0.02579050882047529,0.13171048648917805,0.1926344439902142,0.17323955413392997
101,0.31865005510587535,0.5478761714801863,0.08588096499443054,0.04734039306640625,1,0.44108630263977394,0.69160248365733,1,0.31676039289661356,0.7116619195637612,1,0.43856025447882374,0.5831513580869241,0.34071512987838204,0.5784294910828666,0.35665484743547365,0.3754687784844915,0.003696670283287462,0.004582621278502397,4.926702992380516e-05,-0.005681805884120261,3.0443810568048235e-05,0.004034473417227735,-0.020059435906431222,0.12593376355191122,0.1888064816742896,0.1637966486182223
102,0.31823608409501214,0.5535373837287836,0.08806195855140686,0.04819542169570923,1,0.44021665423783135,0.6913512237549109,1,0.3187352219888167,0.7014068159261021,1,0.4292038727028779,0.5909822715097287,0.3469456519243728,0.589802766170998,0.3500787387724578,0.3746221474789307,0.0056612122485972804,0.0019645419653098184,-0.0002512599024191431,-0.010255103637659135,0.00783091342280462,0.011373275088131463,-0.01005559217119123,0.12189689624918781,0.1840432394713651,0.14787027462270574
103,0.3164171731703941,0.5601069344324838,0.08941000699996948,0.048459529876708984,1,0.4380312949624755,0.691194396775713,1,0.31736791363798067,0.6933474178231068,1,0.4091099557100878,0.5913645773134082,0.3486218996983546,0.5919932372657432,0.3456226459746481,0.3739081124910571,0.006569550703700244,0.0009083384551029638,-0.00015682697919783273,-0.008059398102995274,0.0003823058036794835,0.002190471094745128,-0.0021530210473937883,0.12068258819022307,0.17881252026311453,0.13324387536244806
104,0.3149892691224226,0.5671601695669038,0.08837231993675232,0.04925644397735596,1,0.4356582239087575,0.6907359207928562,1,0.3182273337924107,0.6895959868119691,1,0.384755980144142,0.5863656937930711,0.34623558900582896,0.5908633586111629,0.3415433283572007,0.37629914792077995,0.007053235134420022,0.0004836844307197774,-0.0004584759828568652,-0.003751431011137729,-0.004998883520337061,-0.001129878654580252,0.0011399339808870756,0.11743642281250866,0.1727193183760433,0.1224786283694998
105,0.3117550197728296,0.5739151303342271,0.08438166975975037,0.04841846227645874,1,0.41269450473364383,0.6872087431465488,1,0.31923054150980806,0.6894445127498043,1,0.3664164092444484,0.5798982879761214,0.33524239696167135,0.589584381072309,0.33605348027902343,0.37903437328939277,0.0067549607673232925,-0.00029827436709672916,-0.003527177646307389,-0.00015147406216475812,-0.006467405816949712,-0.001278977538853865,-0.002235769603255555,0.09349070053874539,0.15173734651766746,0.11577098784481678
106,0.30915511181452937,0.5838171032375984,0.0852472186088562,0.049641430377960205,1,0.36462994842753077,0.6860020895055563,1,0.3123921608827893,0.6907360732719328,1,0.35822788133559313,0.5742859129364634,0.32243254422288775,0.5880489428564033,0.3271333178240298,0.3816220257773716,0.009901972903371248,0.0031470121360479553,-0.0012066536409924833,0.001291560522128421,-0.005612375039658057,-0.0015354382159057378,-0.0047339837663764595,0.05245185458942192,0.11627221901994451,0.10696796081010994
107,0.307167941175414,0.5966750168521626,0.08656176924705505,0.050003111362457275,1,0.3156271219840825,0.6776940708834415,1,0.308956428917616,0.6894001851471779,1,0.355633549992638,0.5684834044796266,0.31984184228457097,0.5848455826156553,0.323796608594896,0.3845534565453023,0.012857913614564231,0.0029559407111929836,-0.008308018622114832,-0.0013358881247548249,-0.005802508456836719,-0.0032033602407479655,-0.011706114263736467,0.013473353596735248,0.08145946756563675,0.09274241491217985
108,0.3065990555627161,0.6127036727078199,0.08713355660438538,0.0498582124710083,1,0.29137327575643807,0.6720275054579126,1,0.3086629228405826,0.6630016983428155,1,0.3548060073841743,0.5601438070020398,0.32429462271068105,0.5719266368489598,0.32380346860280973,0.38600103592067575,0.01602865585565727,0.0031707422410930386,-0.005666565425528902,-0.02639848680436241,-0.008339597477586835,-0.0129189457666955,0.00902580711509704,0.019503771183368723,0.06124656319231499,0.05034035092169428
109,0.3050051214402527,0.6323728465117766,0.08710160851478577,0.04979175329208374,1,0.30306067034793427,0.6691462487904403,1,0.30036243114316663,0.657907249563363,1,0.3592066394298812,0.5623583551345178,0.31989573042971214,0.5657951570076744,0.3216808124826569,0.38597963369873584,0.01966917380395672,0.0036405179482994487,-0.0028812566674722984,-0.005094448779452532,0.0022145481324780114,-0.006131479841285481,0.011238999227077273,0.011558356216711295,0.03682477434009398,0.025953040523135653
110,0.30706088009754123,0.6381863383089184,0.08716005086898804,0.04890918731689453,1,0.32829797308428066,0.6385583977378269,1,0.29945609919828153,0.6646768737843066,1,0.361773591913688,0.5474244549609663,0.31070982686703935,0.5655778697787383,0.3210602773029571,0.38572936058906254,0.0058134917971417455,-0.013855682006814973,-0.030587851052613413,0.006769624220943626,-0.014933900173551562,-0.00021728722893610275,-0.026118476046479766,0.03891051888945219,0.02124035185080644,0.02756050003716459
111,0.3158520977822835,0.6148427496017329,0.08761131763458252,0.04936748743057251,1,0.34137888643412695,0.6228738455674516,1,0.3050841814855116,0.6785345725136808,1,0.3664177460704399,0.5451021725215169,0.30878304333116874,0.574499170162267,0.32370532215596476,0.3847054222175825,-0.023343588707185448,-0.029157080504327193,-0.015684552170375232,0.013857698729374146,-0.002322282439449319,0.008921300383528785,-0.055660726946229144,0.06644864281149558,0.026760333355294104,0.06459563706026292
112,0.32529932356023805,0.5850467096739165,0.08729657530784607,0.05131089687347412,1,0.31434951499672076,0.638394328595197,1,0.31238379281329576,0.6884496364357224,1,0.3678406662922176,0.5509088180706736,0.313702927596654,0.5818823326228817,0.3251578240146371,0.3827355578919776,-0.02979603992781643,-0.006452451220630984,0.015520483027745335,0.009915063922041667,0.005806645549156664,0.007383162460614656,-0.050055307840525476,0.05009389091208808,0.05445977187014136,0.10420641149844197
113,0.33528951259661455,0.5548262395439406,0.0873933732509613,0.05061948299407959,1,0.32542897683933475,0.6565328141589025,1,0.3202085169629821,0.6878287620170999,1,0.3574927491775958,0.5597304285978568,0.31706147431393195,0.583832996150824,0.32710192487016615,0.3702277159234607,-0.030220470129975863,-0.0004244302021594315,0.018138485563705564,-0.0006208744186225745,0.008821610527183221,0.0019506635279422646,-0.03129594785819734,0.03172837143100185,0.1021834501537769,0.13385479974033382
114,0.34663142796749685,0.5221306843334886,,,0,0.33867176987699305,0.6626923712530919,1,0.3214541423265154,0.6850180576561169,1,0.3468398342041952,0.5618694182265871,0.31974524274442245,0.5821852691395176,0.32913685710433344,0.358923875169439,-0.032695555210451976,-0.0024750850804761138,0.006159557094189361,-0.002810704360982963,0.00213898962873027,-0.0016477270113063325,-0.022325686403025014,0.02819366900268892,0.14078687434062268,0.1648216979047141
115,0.3434626534808048,0.5486166131414721,0.08633196353912354,0.04838496446609497,1,0.3447438696943821,0.689556338932898,1,0.31972447571669593,0.6818856718308858,1,0.3430250144472824,0.5629737931613333,0.3130775049474101,0.5789861117247759,0.3291340615277755,0.3507488300326741,0.026485928807983505,0.05918148401843548,0.026863967679806144,-0.003132385825231121,0.001104374934746244,-0.003199157414741749,0.007670667102012252,0.026168859524262254,0.14094554913564405,0.13536669859135522
116,0.35273825575873563,0.555307962445653,0.08875003457069397,0.048806071281433105,1,0.34389514836557505,0.7168713433721003,1,0.3080307167953689,0.6844912788413877,1,0.3473885907513687,0.57370115613865,0.29666394131344953,0.5773707125115023,0.3359377835459028,0.34762065511037016,0.006691349304180805,-0.0197945795038027,0.027315004439202317,0.0026056070105019424,0.01072736297731669,-0.0016153992132735828,0.03238006453071263,0.048319002792556805,0.16180521192085043,0.13670074350624972
117,0.3529342868551231,0.5637389757230197,0.08920615911483765,0.04888260364532471,1,0.3416186430121836,0.7174147761241259,1,0.30236748633337057,0.6844259725290323,1,0.35079330466898606,0.5798014693230512,0.290114225026447,0.5761457371104489,0.33714038476007074,0.3463239369592513,0.008431013277366728,0.0017396639731859231,0.0005434327520255078,-6.530631235546203e-05,0.006100313184401185,-0.0012249754010533742,0.032988803595093596,0.05127294084856444,0.154091840875826,0.13085240736440887
118,0.3540938130351509,0.5724926188489646,0.088998943567276,0.04998195171356201,1,0.33820132684634796,0.710963843827174,1,0.2953728766251972,0.6890533319632509,1,0.3539802185245585,0.5868700914436223,0.29068694036393466,0.5750950782236594,0.34071811851591,0.34933023288001847,0.008753643125944954,0.0003226298485782264,-0.006450932296951817,0.004627359434218659,0.007068622120571133,-0.0010506588867895683,0.02191051186392312,0.04810765717102327,0.13938023986285566,0.13051646721610566
119,0.3575050361148598,0.5803507574378063,0.08946681022644043,0.052422940731048584,1,0.33326252688197,0.6965036559350799,1,0.2854777458448796,0.6887535207809319,1,0.35657111555159265,0.5845678100713518,0.2970332731729,0.5629848231803474,0.34477371501324283,0.3552729669708204,0.007858138588841657,-0.0008955045371032977,-0.014460187892094134,-0.0002998111823190319,-0.0023022813722705093,-0.01211025504331198,0.007750135154148019,0.04840919224352162,0.11865578402768528,0.13015025794850227
120,0.3628173021700083,0.5894922016378481,0.09087160229682922,0.051875293254852295,1,0.32519683166718066,0.6923047250918175,1,0.2798171542371165,0.6870657848078227,1,0.35576006866658255,0.583615965342505,0.30322277038287465,0.5611752434171327,0.3526999161624637,0.3602188956780108,0.009141444200041815,0.0012833056112001584,-0.004198930843262394,-0.0016877359731092278,-0.0009518447288467957,-0.0018095797632147193,0.005238940283994853,0.04568108600893742,0.10947928927348374,0.12810007294888578
121,0.3661371378293957,0.6005346996797911,0.0904577374458313,0.05084967613220215,1,0.3256974390170596,0.6901885974404229,1,0.28680755169739947,0.6882715622322453,1,0.35343331361482816,0.5895826992471379,0.3064148500506211,0.5640153296887979,0.36365230864106,0.3638468923152565,0.011042498041943016,0.0019010538419012013,-0.0021161276513945726,0.0012057774244226271,0.0059667339046328705,0.0028400862716652098,0.0019170352081776532,0.038937107747305216,0.0983523798578676,0.11828330518894899
122,0.3718273002935299,0.6134951275068707,0.08830821514129639,0.05133897066116333,1,0.33091362925855655,0.6902912355467212,1,0.3185767648470182,0.6881162252495345,1,0.35244584175529353,0.5936304644809509,0.31018989665285057,0.5673599174090529,0.36685688021650315,0.36342791842664646,0.012960427827079624,0.0019179297851366073,0.00010263810629829173,-0.00015533698271075203,0.0040477652338130055,0.0033445877202550323,0.002175010297186697,0.012527126298618926,0.08701477281258858,0.09167293904779307
123,0.3764588905274317,0.6302876474904113,0.08759209513664246,0.051835715770721436,1,0.37175599320678315,0.6296124696455767,1,0.36004543700828273,0.6875377372483427,1,0.34836691674733916,0.5841022726620676,0.3208238758494923,0.564668046716705,0.369894487818754,0.3690284663739194,0.016792519983540588,0.0038320921564609645,-0.060678765901144516,-0.000578488001191868,-0.009528191818883314,-0.0026918706923478863,-0.05792526760276595,0.05909715520505436,0.004751116535165055,0.05955647935965035
124,0.38344492968759325,0.6574125539015538,0.08474966883659363,0.05211067199707031,1,0.4115018054522994,0.6333431833210745,1,0.40054858460620474,0.6382322363454728,1,0.3470216474140798,0.571716528956625,0.3291259955848812,0.551308994948216,0.36949840735322287,0.37133429576451327,0.027124906411142513,0.010332386427601925,0.003730713675497821,-0.04930550090286989,-0.012385743705442653,-0.01335905176848906,-0.004889053024398238,0.011994827484324259,0.03696651021961093,0.025698630179973696
125,0.38935075927320745,0.6832529095051778,,,0,0.42246622693798985,0.650205969544677,1,0.4198361577337044,0.6116932089041909,1,0.34839207292110635,0.5644377071505595,0.32890645249318945,0.5483991794673795,0.3672787146951251,0.3719388494164129,0.025840355603623966,-0.0012845508075185474,0.01686278622360249,-0.026539027441281893,-0.0072788218060654275,-0.002909815480836464,0.03851276064048614,0.03860246101184106,0.04678391218581653,0.07778271189279891
126,0.3926279868927354,0.6170889126435724,0.08795160055160522,0.05143922567367554,1,0.39876374789665064,0.6787224600903736,1,0.38468194273331985,0.631550598820807,1,0.3502091618599366,0.5662188142289427,0.3248088370726856,0.5549459707975524,0.3711549821732734,0.3698093772244405,-0.06616399686160546,-0.09200435246522942,0.028516490545696604,0.01985738991661612,0.0017811070783831928,0.006546791330172885,0.04717186126956663,0.04922887092238913,0.06193820899876158,0.01650090860747377
127,0.3959937976363474,0.5893771119634506,0.08904856443405151,0.05311083793640137,1,0.37657723220036105,0.6729132784125312,1,0.3718571512478501,0.6541044135148862,1,0.35017780085075245,0.5680834339932759,0.3214424208071426,0.5641267598504132,0.3839323613593108,0.3623398865854425,-0.0277118006801218,0.038452196181483655,-0.00580918167784239,0.022553814694079244,0.0018646197643331641,0.009180789052860794,0.018808864897644995,0.01939207474552732,0.0857630113646813,0.06908112090154478
128,0.3969012327901591,0.5664491692851202,0.09203770756721497,0.05264246463775635,1,0.36618071040554034,0.6766594264252386,1,0.34974353283269266,0.6883544165783244,1,0.36161255233274686,0.5782235668461222,0.31864400476033833,0.5802114594053732,0.37882956074496127,0.35747559311572813,-0.022927942678330315,0.004783858001791486,0.00374614801270734,0.03425000306343817,0.010140132852846317,0.016084699554960058,-0.011694990153085838,0.0201730910185351,0.11441176195861537,0.1307085994986393
129,0.398536957568479,0.5495353727378308,0.09134581685066223,0.05209416151046753,1,0.3405073743147041,0.6994240531681881,1,0.31490608662097724,0.7113048971727003,1,0.36399747980037006,0.5862794789351554,0.317669734315786,0.5912508516113607,0.37223719455910786,0.3560144391073926,-0.016913796547289417,0.006014146131040898,0.022764626742949545,0.022950480594375877,0.008055912089033224,0.011039392205987486,-0.01188084400451217,0.028223755700411742,0.16072973917032457,0.18210848857568812
130,0.4002269943183663,0.5376179952311125,0.08961808681488037,0.050908803939819336,1,0.316844821950181,0.7124921729407347,1,0.2793296101331986,0.7198579610907168,1,0.35948253023999216,0.5892569212786419,0.3111603902192533,0.5952891126284199,0.3640984977577667,0.35267400258903625,-0.011917377506718285,0.004996419040571132,0.013068119772546627,0.008553063918016468,0.002977442343486514,0.004038261017059175,-0.007365788149982011,0.038231478558165506,0.19373581160553227,0.21869518206701705
131,0.4019970024576828,0.5322968109213351,0.0890238881111145,0.05148017406463623,1,0.31530835302098426,0.7092281557258485,1,0.2474468793976454,0.7236148149758819,1,0.35268620243825716,0.5866263801727601,0.30183657115386203,0.5885910446994814,0.35377450879295247,0.3513050421065974,-0.00532118430977746,0.006596193196940825,-0.003264017214886228,0.0037568538851651123,-0.0026305411058817896,-0.006698067928938456,-0.014386659250033351,0.06936970208028635,0.19702695936214526,0.24594373180320797
132,0.4041174325027817,0.5319475179773779,0.08920598030090332,0.05134761333465576,1,0.3211801256997526,0.7071950258853535,1,0.24646720228111108,0.7166964627939355,1,0.3488086676981944,0.5861812086185704,0.28999273322404656,0.5877953639913217,0.3500687974617883,0.3492674941169743,-0.0003492929439571357,0.0049718913658203245,-0.002033129840494974,-0.006918352181946363,-0.0004451715541897716,-0.0007956807081597184,-0.009501436908581962,0.075314661448403,0.1938821443240603,0.24286985753645343
133,0.40686387361970183,0.5352398783215778,0.09006243944168091,0.052149295806884766,1,0.3300076161437732,0.7017233704088799,1,0.2624914956551278,0.7113006074450973,1,0.3483042665586069,0.5856891826890497,0.27534961998822716,0.593421023412226,0.35101321500265137,0.3461606027152139,0.003292360344199885,0.0036416532881570207,-0.005471655476473658,-0.005395855348838241,-0.0004920259295206897,0.0056256594209043165,-0.009577237036217379,0.06819200829338566,0.18336749289552115,0.227685668979519
134,0.4086447092234269,0.5395237918185817,0.09060892462730408,0.05155587196350098,1,0.33887172596600584,0.696099068408094,1,0.27800171115750116,0.7059531540169316,1,0.3496797246024845,0.5828457945829637,0.27294171174483794,0.5945277904343136,0.35176094426172716,0.3475175514805121,0.004283913497003855,0.00099155315280397,-0.005624302000785897,-0.005347453428165672,-0.0028433881060859756,0.0011067670220875625,-0.009854085608837604,0.061662482158715275,0.1714178708061754,0.21158054150938127
135,0.4108995490743187,0.5453697138392493,0.09226280450820923,0.05097454786300659,1,0.34453472438632055,0.6950749149262815,1,0.2916863802234316,0.7022487403097204,1,0.35196060376414307,0.5814473991738889,0.2759979734325852,0.592581760603467,0.3529811342881592,0.34593141086522283,0.005845922020667582,0.0015620085236637271,-0.0010241534818125064,-0.003704413707211196,-0.0013983954090748263,-0.001946029830846574,-0.007173825383438914,0.05333302214755163,0.16375572413927242,0.19703504402464275
136,0.4136127697852113,0.5519208883665673,0.09142705798149109,0.05139470100402832,1,0.34799644862467355,0.6938290747309828,1,0.2966925690619938,0.6999821052461122,1,0.3558277271846757,0.5761180917030818,0.28238791908632804,0.5878290137774071,0.3547337296617451,0.34578201285592314,0.0065511745273180155,0.0007052525066504334,-0.0012458401952987197,-0.0022666350636082466,-0.005329307470807065,-0.0047527468260598615,-0.006153030515129387,0.05167153803306091,0.15634396361830064,0.1886596334169265
137,0.4143090533005982,0.561314998747593,0.09162381291389465,0.0521702766418457,1,0.35693998857803133,0.6936861250454712,1,0.2892395803574691,0.7039850713156612,1,0.3611311038981488,0.5740050448645061,0.28655373790146305,0.5856727874703613,0.3547466874973134,0.34729341504586647,0.009394110381025778,0.002842935853707762,-0.00014294968551153975,0.004002966069549085,-0.002113046838575716,-0.0021562263070458165,-0.010298946270190013,0.06847929298340506,0.14426823858532023,0.18972907702524128
138,0.4135573020355385,0.573115331981767,0.09270048141479492,0.052740514278411865,1,0.38398896594339776,0.6944937780000281,1,0.2851636582978887,0.7073334356558053,1,0.3732445541772181,0.5757556671613647,0.2892166934021904,0.5861249128363516,0.3460667260752911,0.34897352972584805,0.011800333234173954,0.0024062228531481766,0.00080765295455687,0.003348364340144072,0.0017506222968586282,0.00045212536599026354,-0.012839657655777215,0.0996558991728391,0.12492803391179144,0.18574021402508784
139,0.414109975596522,0.5873668686481551,0.09259933233261108,0.0521511435508728,1,0.4061853550610116,0.6953242545502094,1,0.28176121085867595,0.7088437397559147,1,0.38176993030849093,0.5788561124720383,0.2893389203917303,0.5869598794791021,0.34551363570255267,0.3500312385200793,0.01425153666638812,0.0024512034322141663,0.0008304765501813138,0.0015103041001094386,0.0031004453106735497,0.000834966642750512,-0.01351948520570534,0.12515647862060877,0.10824784885362342,0.17964639083979664
140,0.41284754105468313,0.6055977749757194,0.09606236219406128,0.05372893810272217,1,0.42284126885287554,0.6936790734448136,1,0.2803048779638143,0.709683821189793,1,0.38918494849503754,0.5848603511735261,0.2886869868998322,0.587637452994306,0.3464145316446482,0.35505844518995716,0.0182309063275643,0.00397936966117618,-0.0016451811053957988,0.0008400814338782592,0.006004238701487807,0.000677573515203922,-0.016004747744979397,0.14343212568340358,0.08864643103535538,0.168527334743352
141,0.4141840986460686,0.6256680320576548,0.09502798318862915,0.053215980529785156,1,0.45011406194624265,0.6798950245522218,1,0.27853334486041265,0.7096894399310703,1,0.3927839929148809,0.5855906182040469,0.2867536995977124,0.5889111057271231,0.3482696132788129,0.35956290750880743,0.020070257081935328,0.0018393507543710275,-0.013784048892591771,5.618741277246819e-06,0.0007302670305208148,0.0012736527328170988,-0.029794415378848416,0.17414835532802195,0.06505020351818809,0.15956416885894997
142,0.4139158095679052,0.6480229750581331,0.09244340658187866,0.051885366439819336,1,0.4384723453182534,0.6206027256306751,1,0.27448098436445867,0.7084980293300026,1,0.3884362881164219,0.5554997651872137,0.28465292104309403,0.5896039935563115,0.34886612690982044,0.36360889089290943,0.022354943000478356,0.002284685918543028,-0.05929229892154675,-0.001191410601067644,-0.03009085301683323,0.0006928878291884155,-0.08789530369932752,0.18606114822787378,0.03680887836816197,0.15198454746684364
143,0.41169335642763866,0.6422864068402439,0.0916709303855896,0.051690757274627686,1,0.4431563452347852,0.5997494137365136,1,0.26919934537606227,0.706642801315266,1,0.3851203848822088,0.542793044882773,0.2829156965407863,0.5899434459917293,0.3541062697209082,0.36241995092220025,-0.00573656821788926,-0.028091511218367615,-0.020853311894161508,-0.0018552280147365874,-0.012706720304440644,0.00033945243541777526,-0.10689338757875244,0.20417451875273054,0.052908557407903546,0.15635308981721927
144,0.4097609267702991,0.6157571135724441,0.09296742081642151,0.051716506481170654,1,0.46162550982353373,0.61989672649678,1,0.2706936918017565,0.7068997841596342,1,0.38786136926563136,0.5493334905095326,0.28175292562848786,0.5906697550072281,0.3585483582691798,0.36060643326267117,-0.026529293267799736,-0.020792725049910477,0.020147312760266378,0.00025698284436814767,0.0065404456267595945,0.0007263090154987495,-0.08700305766285421,0.20982014006235672,0.052029524026740805,0.16627291494275573
145,0.4064113594742092,0.5857266177501387,0.09383329749107361,0.05182367563247681,1,0.44302432920707707,0.6421521549719811,1,0.27400515203259673,0.7083800759682809,1,0.3969202919795704,0.5580180824452587,0.2811568042894862,0.5908540176872615,0.37074321766642643,0.35737036354512447,-0.030030495822305436,-0.0035012025545057,0.022255428475201122,0.0014802918086467276,0.008684591935726127,0.00018426268003346458,-0.06622792099629982,0.18153131898444,0.06726329462220403,0.1804862171522825
146,0.40225528637806596,0.5591299516881503,0.09343796968460083,0.05107516050338745,1,0.42992288496018255,0.6835152377584847,1,0.27605883019649224,0.7098901083230177,1,0.4040451032591153,0.578546262661887,0.2818754413779163,0.5904692997184604,0.379314884369788,0.35206030912909503,-0.026596666061988405,0.003433829760317031,0.04136308278650358,0.00151003235473679,0.020528180216628278,-0.0003847179688011293,-0.026374870564533026,0.1561082353548965,0.12742525417710598,0.1966066387011324
147,0.3974590933327993,0.5456642276551663,0.0924212634563446,0.04993396997451782,1,0.4199977592996379,0.7167016417308795,1,0.27741664583341263,0.7097635654419456,1,0.40697458820323046,0.5834849069321337,0.2828199702824242,0.5866242100343998,0.38233459596586006,0.34794528976944966,-0.013465724032983961,0.013130942029004444,0.03318640397239481,-0.0001265428810720559,0.004938644270246706,-0.0038450896840606097,0.0069380762889338365,0.14274981898363187,0.17251605281037383,0.20331940847765245
148,0.3938766553724079,0.5450609354799514,0.09174448251724243,0.05027693510055542,1,0.4046432348863152,0.7391664662839792,1,0.2801479210022335,0.7109892090943458,1,0.40161955065333105,0.5843096702311863,0.28345426670554547,0.5861038550942623,0.3847506239783719,0.3432730382193414,-0.0006032921752149312,0.01286243185776903,0.022464824553099727,0.001225643652400188,0.0008247632990525666,-0.0005203549401374685,0.028177257189633376,0.12764419689835793,0.19440389996896326,0.2011626630518075
149,0.3890387145875937,0.5514967427133728,0.09327501058578491,0.053009748458862305,1,0.3718194443813361,0.7447794410914184,1,0.2789170474654962,0.7124924268451766,1,0.39777239160557176,0.5873465187982653,0.2836614003144967,0.5904607352721067,0.3874020107317894,0.3425740460849199,0.006435807233421409,0.00703909940863634,0.005612974807439164,0.001503217750830732,0.0030368485670789758,0.004356880177844413,0.03228701424624181,0.09835296966358094,0.19404820215280186,0.19505484325906283
150,0.38549873276843294,0.5616246696311173,0.09433355927467346,0.05384629964828491,1,0.3544575909470756,0.7278837863909043,1,0.28032906119673284,0.7128774331622588,1,0.3913381939664043,0.5855503581195989,0.28806056139618497,0.5891550155746275,0.38826615319691943,0.3433276512284614,0.010127926917744556,0.0036921196843231474,-0.016895654700514018,0.0003850063170822704,-0.001796160678666392,-0.0013057196974792795,0.01500635322864552,0.07563219922870369,0.16913203833490006,0.18422284954453033
151,0.38174889542900964,0.5733714701971961,0.09505119919776917,0.05455362796783447,1,0.36841310588686327,0.7145489411660598,1,0.28093174899467055,0.712007970016299,1,0.3761949753369169,0.5894293118126318,0.29307766324040574,0.5869173712009815,0.38435030305351064,0.3459969298376778,0.011746800566078797,0.0016188736483342403,-0.013334845224844516,-0.0008694631459598146,0.003878953693032927,-0.0022376443736459306,0.002540971149760818,0.08751825145695674,0.14180592932552843,0.17141813234677095
152,0.3770685391605748,0.5838460515185189,0.09636995196342468,0.05429434776306152,1,0.3759490077935986,0.705698730359903,1,0.27902524251092664,0.7111889644963634,1,0.3701109189185169,0.5951094424910548,0.2984148837096157,0.5886340334628031,0.3827031555509125,0.349752749965428,0.010474581321322729,-0.0012722192447560676,-0.008850210806156777,-0.0008190055199356339,0.00568013067842299,0.0017166622618215444,-0.005490234136460326,0.09707913754995785,0.121857821625463,0.1607131155307923
153,0.3729976033774005,0.5947222753874093,0.09666895866394043,0.05456572771072388,1,0.3729436422285296,0.7028108462905651,1,0.2939242430752088,0.7062545783271171,1,0.3714648299354557,0.5951709221571855,0.3137376968080163,0.5822612743706063,0.38206282914214257,0.35623892446944866,0.010876223868890422,0.00040164254756769324,-0.0028878840693379315,-0.004934386169246241,6.147966613068157e-05,-0.006372759092196811,-0.0034437320365520163,0.07909440392904804,0.10808858437269003,0.13671887546536868
154,0.366534830163922,0.60825890681328,0.097423255443573,0.05533474683761597,1,0.3774998655392518,0.7052975165472618,1,0.315848863147857,0.7018308074345382,1,0.3755514628985898,0.596893117510506,0.3303947584148002,0.5731744257734469,0.3814158062127983,0.3623529917937607,0.013536631425870693,0.002660407556980271,0.002486670256696688,-0.004423770892578949,0.0017221953533205214,-0.009086848597159358,0.0034667091127236205,0.06174839405147319,0.09765615075296724,0.10641789247221659
155,0.36069159067395246,0.6245773191001884,0.09324267506599426,0.0556148886680603,1,0.38160067908123446,0.7073591840359618,1,0.3334388821096678,0.6931830702523081,1,0.37642270337401257,0.5949273972683726,0.3362983706682944,0.5649589066421814,0.3847109385811943,0.36418072648653216,0.016318412286908446,0.0027817808610377526,0.0020616674886999586,-0.008647737182230109,-0.001965720242133373,-0.008215519131265503,0.014176113783653688,0.050204789507949356,0.08538165575970141,0.07382045255372252
156,0.35828484235707775,0.6446418598921297,0.09492069482803345,0.055981576442718506,1,0.3776264723992075,0.7075471431430245,1,0.34880140865491566,0.6857688684290046,1,0.3773859082220332,0.5829361552544161,0.3310875077888536,0.5553525834844991,0.38712575957460676,0.36213684225643483,0.02006454079194131,0.003746128505032864,0.00018795910706270735,-0.007414201823303435,-0.011991242013956516,-0.009606323157682284,0.02177827471401983,0.036127241098398356,0.06581165028748263,0.04220623586598886
157,0.3559679223702604,0.6658945168371531,0.09226220846176147,0.05521202087402344,1,0.3759211008660141,0.6614859716669205,1,0.3458790984650205,0.6505825838213898,1,0.3782952029928344,0.5626114898584104,0.32831522546710473,0.5477129781377781,0.387572125906313,0.3602659320761348,0.021252656945023318,0.0011881161530820084,-0.046061171476104,-0.03518628460761486,-0.020324665396005748,-0.0076396053467210345,0.010903387845530688,0.03195943952530098,0.0204343975345834,0.018336838889791277
158,0.35299998763710566,0.6573493009318631,0.09702840447425842,0.05474811792373657,1,0.3779148936698687,0.637207499065354,1,0.34807156660748684,0.6173339760218749,1,0.378865482657128,0.559365364222255,0.3286115984827796,0.5483080678212067,0.3868029302037021,0.35804688190014633,-0.008545215905290005,-0.029797872850313323,-0.02427847260156646,-0.033248607799514884,-0.0032461256361553392,0.0005950896834285846,0.019873523043479113,0.035855000882889246,0.032038176056871884,0.04031768298770538
159,0.3523680313982421,0.6248749841453379,0.09916320443153381,0.056177616119384766,1,0.3795027358854754,0.6705369446096533,1,0.3609911405654633,0.6432488691451183,1,0.37871920974485324,0.5764003426558864,0.3246681767828611,0.5577678765877468,0.3860107710039259,0.35771075142685865,-0.032474316786525126,-0.02392910088123512,0.033329445544299285,0.025914893123243354,0.01703497843363133,0.009459808766540179,0.027288075464535044,0.03297450869762966,0.053115975196302095,0.020296740174101026
160,0.352748822440443,0.5887932301227453,0.09840098023414612,0.05550330877304077,1,0.3832657811569764,0.7151424356113487,1,0.3461206052863686,0.6826606064932542,1,0.378405402713612,0.590618501131612,0.32640880480792295,0.5868686931776136,0.391646123657593,0.35539381951312565,-0.036081754022592616,-0.00360743723606749,0.04460549100169542,0.03941173734813597,0.014218158475725606,0.02910081658986674,0.032481829118094496,0.049344030168962424,0.12998233147973587,0.09410110312490677
161,0.3551729665796991,0.561226255940475,0.09735089540481567,0.05505681037902832,1,0.3790362738716436,0.7313203669105294,1,0.3248106111304129,0.7176730169931087,1,0.38014759755270705,0.589129306328828,0.3279762797713579,0.5949573262361871,0.3922187726279865,0.34779143711181787,-0.027566974182270276,0.00851477984032234,0.01617793129918066,0.035012410499854485,-0.0014891948027839774,0.008088633058573547,0.01364734991742067,0.055916658157424096,0.17175990225196022,0.15936581086383822
162,0.35603151435724767,0.5456290078323611,0.0986315906047821,0.0547633171081543,1,0.3710276496892411,0.7284870206614474,1,0.3174743735446008,0.7304168996531204,1,0.3813271331485425,0.5820815883584182,0.33186753087593096,0.5900998592685851,0.3909102114949856,0.3413824935827088,-0.015597248108113915,0.011969726074156362,-0.002833346249081936,0.012743882660011696,-0.007047717970409817,-0.004857466967602031,-0.001929878991672962,0.05358803801919421,0.1834718968417173,0.1887676298288637
163,0.3550229575744237,0.5387288169276425,0.09853732585906982,0.05479550361633301,1,0.36791695987710343,0.7228315969270308,1,0.3188563119815957,0.7273380108948984,1,0.3818186405238535,0.5781114843584036,0.3350917067257,0.5829460643058465,0.3894819442803519,0.33699314128220564,-0.006900190904718606,0.008697057203395309,-0.005655423734416631,-0.0030788887582220426,-0.003970104000014518,-0.007153794962738602,-0.004506413967867551,0.04926717912339593,0.1845537561223956,0.19204544853345304
164,0.35275778010136133,0.5386379615124671,0.09737950563430786,0.05481851100921631,1,0.3687481835985064,0.7148243696135216,1,0.3100980994987164,0.7212599509729466,1,0.3812765994629989,0.576845143237702,0.33590653586777974,0.5771037641404986,0.3887531963372447,0.33339205058743526,-9.085541517539486e-05,0.006809335489543211,-0.008007227313509224,-0.006078059921951762,-0.001266341120701675,-0.0058423001653479245,-0.006435581359425013,0.05900211074483877,0.176910551984761,0.18753836776410088
165,0.35054875107088396,0.5416030571478379,0.09654217958450317,0.055490970611572266,1,0.3688944410552104,0.7091626623561333,1,0.30750648913045575,0.7104732922187457,1,0.3806138929720043,0.5823408004669165,0.3347512143871785,0.5761379752865831,0.3820916225753011,0.33370328858829856,0.002965095635370729,0.003055951050546124,-0.005661707257388238,-0.010786658754200928,0.005495657229214523,-0.0009657888539155168,-0.0013106298626123225,0.06140194127348711,0.16856092559831554,0.1742693105680174
166,0.3491451049578706,0.5455104988602923,0.0955834686756134,0.0556064248085022,1,0.3709242876467844,0.7065842650739403,1,0.30728201072912037,0.7017308473020966,1,0.3809224339195977,0.5878525329800887,0.3331633787497475,0.5765814204020816,0.37856516977788474,0.3352934750755419,0.003907441712454496,0.0009423460770837666,-0.0025783972821930012,-0.008742444916649106,0.005511732513172163,0.00044344511549854193,0.004853417771843782,0.06382707164936116,0.16253950584656648,0.16173223527078312
167,0.34825756606497754,0.5508868978067183,0.09537312388420105,0.05568134784698486,1,0.3725503452408017,0.7066376598935072,1,0.31032157459873244,0.7008264284352841,1,0.3798659109201762,0.5909524480349775,0.3320063888093875,0.5804804141327999,0.37181752839820964,0.33763597132465095,0.005376398946425942,0.0014689572339714463,5.339481956689873e-05,-0.0009044188668124731,0.0030999150548888244,0.0038989937307183364,0.005811231458223154,0.06249952245165002,0.15763387646918062,0.15466415969332276
168,0.344524894278128,0.5581230799252674,0.09598168730735779,0.05499076843261719,1,0.3711171146946381,0.7071771884551719,1,0.30627826303936656,0.7046243752083324,1,0.3781029108853821,0.5895470909260885,0.32704464448608506,0.5840749685429752,0.361213805294038,0.3388101993625592,0.00723618211854915,0.0018597831721232083,0.000539528561664615,0.003797946773048344,-0.0014053571088890049,0.00359455441017531,0.002552813246839425,0.06488908644331146,0.15140764001966606,0.15141147354388176
169,0.34150617477566914,0.5706712045165727,0.09527099132537842,0.05317956209182739,1,0.36870803685645237,0.708840319184675,1,0.30167436180770507,0.7085075955055837,1,0.37428442253485594,0.5873662932364112,0.32172566891138776,0.5870561959692822,0.3530666027479402,0.33858855861793197,0.012548124591305276,0.005311942472756126,0.0016631307295031927,0.0038832202972512997,-0.002180797689677272,0.0029812274263069094,0.00033272367909131795,0.06703450078569746,0.14082132490794555,0.14347628377258168
170,0.3412791611694796,0.5752616015193528,0.09496992826461792,0.052461087703704834,1,0.36687526261570563,0.7102665528320616,1,0.3036120337096554,0.7102052200007865,1,0.37144415109298484,0.5858059584799852,0.3204112727545386,0.5868540695411277,0.35320864761524345,0.3387443206819753,0.004590397002780078,-0.007957727588525199,0.0014262336473865878,0.0016976244952027209,-0.0015603347564260295,-0.0002021264281544255,6.133283127518485e-05,0.0632632586367119,0.13740996065857955,0.1401020794275994
171,0.3419714320959184,0.5825774471208932,0.09648826718330383,0.05279541015625,1,0.36736003473463263,0.7117568816168421,1,0.3048607321987044,0.7118198581747831,1,0.36649295119037373,0.5863255497185648,0.3192751808129486,0.589962590862835,0.3589819480581218,0.34071056373503344,0.007315845601540416,0.0027254485987603383,0.0014903287847805036,0.001614638173996652,0.0005195912385795864,0.003108521321707247,-6.297655794096357e-05,0.06249933426464904,0.1316507023932637,0.1344648833780914
172,0.34188665969633386,0.5961734989448038,0.09589621424674988,0.052606940269470215,1,0.3647703540337835,0.7118820403206162,1,0.30291147566032206,0.712445545114764,1,0.36515433043896917,0.5863467247701839,0.31813966536130794,0.5900410977864695,0.36184893268871215,0.34731109127888893,0.013596051823910549,0.006280206222370133,0.00012515870377405314,0.0006256869399808851,2.1175051619137797e-05,7.850692363453593e-05,-0.0005635047941477955,0.061861444949788576,0.11794969272468633,0.12263055773823404
173,0.33948658137421545,0.6154713053535374,0.09527438879013062,0.05301392078399658,1,0.34960091413052524,0.7109778385627997,1,0.2976763061660772,0.7167726826250156,1,0.3624623854795593,0.5863026777281126,0.31784771412097795,0.5894937838558757,0.3574637292323263,0.35437208716486307,0.019297806408733686,0.005701754584823138,-0.0009042017578164696,0.0043271375102516,-4.4047042071282405e-05,-0.0005473139305938179,-0.005794844062215865,0.05224696287792256,0.09604060397955273,0.10959045647353882
174,0.3360678223897581,0.6369273915384123,0.09435021877288818,0.05340486764907837,1,0.34052598121074784,0.7037347468435845,1,0.2973537375618132,0.7160431319732596,1,0.3631003751158538,0.583390919658808,0.31786495878499954,0.5904668227600969,0.3546776740135571,0.3580836217148364,0.021456086184874823,0.0021582797761411365,-0.007243091719215222,-0.0007295506517559502,-0.0029117580693046596,0.0009730389042211796,-0.012308385129675137,0.044892526841150124,0.06695594001240437,0.08807996791904192
175,0.3316498629797533,0.6892756574919727,0.09288132190704346,0.054146766662597656,1,0.3458289718203058,0.6791277996106035,1,0.3061513004354087,0.6948902572084241,1,0.36528171621159394,0.5666037730381198,0.31683153773869915,0.5896378722858079,0.35636767749162407,0.36076969680080345,0.05234826595356046,0.030892179768685635,-0.024606947232980958,-0.021152874764835516,-0.016787146620688143,-0.0008289504742889919,-0.01576245759782058,0.04269394191276992,0.01743634557734794,0.02610939336338223
176,0.3325983223572873,0.6585450438789214,0.09432810544967651,0.05532503128051758,1,0.35730604084426476,0.6385586344792891,1,0.30064078363933155,0.6909931077976667,1,0.367661286132128,0.5489997443004649,0.31674821352952864,0.5885405067842192,0.3573817494647453,0.3627156790540687,-0.030730613613051294,-0.08307887956661175,-0.04056916513131448,-0.0038971494107574722,-0.017604028737654875,-0.0010973655015886763,-0.052434473318377584,0.07720314349996951,0.031779363013148015,0.045542959203203046
177,0.3336028084075229,0.640705973174559,0.09421217441558838,0.05586940050125122,1,0.36171404386801936,0.6449419132813223,1,0.284488560962221,0.693300879702596,1,0.3684367691807746,0.5512949195887287,0.31644796304403955,0.584558823638495,0.35776160862579537,0.3616304151589241,-0.017839070704362414,0.01289154290868888,0.006383278802033265,0.0023077719049293677,0.002295175288263729,-0.003981683145724224,-0.048358966421273686,0.09111731363120637,0.028428590322131013,0.07196133333125011
178,0.33582137077218355,0.6179571296844885,0.09401410818099976,0.055376410484313965,1,0.34570083649275335,0.6670926186112489,1,0.2843156685730504,0.6976850487866367,1,0.37170814604573005,0.5627253627094383,0.31640587907842316,0.5871249846121078,0.36078971887669103,0.36135986362963196,-0.02274884349007056,-0.004909772785708144,0.02215070532992658,0.004384169084040712,0.011430443120709621,0.002566160973612841,-0.03059243017538782,0.0685859725057982,0.05011885987326241,0.09491774567163133
179,0.33830736049577675,0.5974922803846647,0.09629827737808228,0.05538696050643921,1,0.3415925088196498,0.6830878358177614,1,0.291355326826278,0.7038561147416236,1,0.37424919918476,0.577206523198196,0.3173412334913088,0.5904831073940796,0.3688959944723223,0.3606502685780619,-0.02046484929982373,0.0022839941902468297,0.015995217206512535,0.006171065954986843,0.014481160488757694,0.003358122781971784,-0.020768278923862127,0.0543607934461455,0.08565857405660089,0.11626589665424819
180,0.34104438094056366,0.5819886598174422,0.09550014138221741,0.05421501398086548,1,0.35564575441119284,0.7031458569278237,1,0.30504692336126743,0.7075637307927533,1,0.3784396242245213,0.5840107683233863,0.3186262133981253,0.5910638962593826,0.38285161347318836,0.35822224022900984,-0.015503620567222542,0.004961228732601186,0.020058021110062274,0.0037076160511296807,0.006804245125190289,0.0005807888653029947,-0.0044178738649295335,0.0507913310822361,0.122033874472921,0.13063275011507505
181,0.34204908613382423,0.5723274891234236,0.095009446144104,0.05333423614501953,1,0.3838798406055694,0.7169313066818601,1,0.3182792199745145,0.708043748245254,1,0.38467696011292124,0.5891211900326987,0.3217198339639276,0.590482884873679,0.39229637742509077,0.35603299374453057,-0.009661170694018617,0.005842449873203925,0.013785449754036394,0.0004800174525007028,0.005110421709312418,-0.0005810113857036558,0.008887558436606158,0.06619992539379234,0.1505326412182721,0.1377821088794017
182,0.34219559602105354,0.5707546511018705,0.09404605627059937,0.053661882877349854,1,0.3991686666810344,0.7252663354533884,1,0.31845591288583985,0.7092577022116334,1,0.3962987257818894,0.5862501557937201,0.32189876936603,0.587713971571405,0.39453353415536246,0.3451080768428642,-0.001572838021553058,0.008088332672465559,0.008335028771528252,0.0012139539663794663,-0.002871034238978609,-0.002768913302273912,0.016008633241754944,0.0822850227166081,0.16468087740102144,0.14052283701261495
183,0.3414138167259184,0.5753993346582496,0.09429091215133667,0.0543782114982605,1,0.4130790146043746,0.7250952879045905,1,0.3117833209837675,0.7144789877015899,1,0.40291467915844137,0.5818378548128261,0.3210556724982056,0.5867990782157358,0.3938002829413414,0.33538401188718703,0.004644683556379037,0.006217521577932095,-0.00017104754879782025,0.005221285489956484,-0.004412300980893957,-0.0009148933556691885,0.01061630020300064,0.10185049521764795,0.16596619838174576,0.14220097105358162
184,0.3394355855883385,0.5818633417415764,0.09531170129776001,0.05378299951553345,1,0.4161809656957961,0.7208552913077082,1,0.30438037940612916,0.7138978974881963,1,0.4048307039204612,0.5783634294242748,0.3188318188833908,0.5840231636631752,0.39669417822260294,0.32889149048449445,0.006464007083326839,0.0018193235269478025,-0.004239996596882345,-0.0005810902133935869,-0.003474425388551361,-0.0027759145525606543,0.006957393819511881,0.1120168577646822,0.15877221234218628,0.13660889938684262
185,0.3387352887552641,0.5899071915668582,0.09680300951004028,0.05497950315475464,1,0.41554519295298903,0.7149449267457423,1,0.3000896201473863,0.7117851763359124,1,0.41090263597460625,0.5784992383659138,0.3155347821431688,0.5821817535159317,0.40664679112938573,0.33414431737424566,0.008043849825281835,0.0015798427419549954,-0.0059103645619659195,-0.002112721152283892,0.00013580894163900403,-0.001841410147243483,0.0031597504098298534,0.11549880222115831,0.1467453460983633,0.12785824523086384
186,0.3387412377751075,0.6002518391020576,0.09674346446990967,0.05402719974517822,1,0.40472016958472085,0.7091759744662206,1,0.2903112890149397,0.7090498060595782,1,0.41091744239453465,0.581529273218904,0.31428464210368257,0.5827420688338621,0.4204973784097457,0.34137827998720577,0.01034464753519937,0.0023007977099175347,-0.0057689522795216774,-0.0027353702763341925,0.0030300348529902488,0.0005603153179304377,0.0001261684066423685,0.11440895013807828,0.12734868160906934,0.11909012365012572
187,0.3382286629159055,0.6114329079153752,0.09823817014694214,0.05404305458068848,1,0.39632081990997564,0.707005312716737,1,0.2771577197407923,0.7043033629820242,1,0.4073161910598835,0.585771813179683,0.3153543714482768,0.5832140199656942,0.4232989444970726,0.3488807996937299,0.011181068813317596,0.0008364212781182268,-0.002170661749483549,-0.004746443077554008,0.004242539960778946,0.00047195113183207127,0.0027019497347128274,0.11919372875407389,0.11184267192685926,0.1111511651967013
188,0.33779291864816186,0.6250613739593565,0.09814000129699707,0.05383944511413574,1,0.39596976178999577,0.7064515098599045,1,0.2696635543452288,0.6987951139359954,1,0.40810630238666445,0.58699460535259,0.3257768541986287,0.5839268995910888,0.421560391535304,0.35919768461988777,0.013628466043981269,0.0024473972306636727,-0.000553802856832597,-0.005508249046028868,0.0012227921729069946,0.0007128796253945691,0.007656395923909098,0.1265380513427647,0.10004448660400643,0.10039061057322225
189,0.3410403429973582,0.6411657407579715,0.09688752889633179,0.054579317569732666,1,0.39586296946629607,0.7076791950304002,1,0.29033333653167614,0.6821577052728002,1,0.41195385471905005,0.5814289581990894,0.3554924862645202,0.5645486965256633,0.41702674540914336,0.36381468776859216,0.016104366798615044,0.0024759007546337752,0.0012276851704957625,-0.016637408663195186,-0.005565647153500608,-0.01937820306542548,0.025521489757600047,0.10857186498703475,0.08619489527926322,0.06520384696853164
190,0.3423926312545843,0.660618152149137,0.09666818380355835,0.055481672286987305,1,0.3984893612536228,0.705165203894125,1,0.3610972259695657,0.6360561199022732,1,0.41867008699040675,0.5795216972355224,0.3786743841187138,0.5413400898534606,0.4140535508176401,0.36273375151441445,0.01945241139116549,0.0033480445925504476,-0.002513991136275262,-0.046101585370527,-0.0019072609635669702,-0.023208606672202703,0.06910908399185178,0.07857631495109738,0.07163297380226273,0.03087321317173982
191,0.3487394297296894,0.6699035717302976,0.09517276287078857,0.05462026596069336,1,0.3999433941331616,0.7038211315342433,1,0.39830928795741194,0.6354441823997675,1,0.4225664825867769,0.5769095475488301,0.3846154636601309,0.5110640256659118,0.4242857698297531,0.36039254130787346,0.009285419581160581,-0.01016699181000491,-0.001344072359881654,-0.000611937502505655,-0.002612149686692322,-0.0302760641875488,0.06837694913447578,0.06839647268633312,0.06141861960095067,0.060370691214773745
192,0.3660840804392966,0.644802495906951,0.09553509950637817,0.05381202697753906,1,0.4009453381171495,0.7102839181153175,1,0.45567885522929685,0.6293579010588445,1,0.4181213928596312,0.5905545367252303,0.3759787543640378,0.4808339579258735,0.42546067607528215,0.35671655193505913,-0.02510107582334653,-0.03438649540450711,0.006462786581074242,-0.006086281340923039,0.013644989176400224,-0.03023006774003828,0.08092601705647307,0.09769738037475875,0.07418304348914254,0.09091622066327344
193,0.3988839206821283,0.5865867605521965,0.09812089800834656,0.05549800395965576,1,0.40547014155904976,0.7162208683363024,1,0.5444446598118451,0.6107583392418006,1,0.4146831234701611,0.6002391545236515,0.37309705076063937,0.4550649441978766,0.4302702731313362,0.3539030517343225,-0.05821573535475455,-0.03311465953140802,0.005936950220984838,-0.01859956181704392,0.009684617798421224,-0.025769013727996948,0.10546252909450182,0.1744599144978731,0.12980131049577573,0.14755403753316
194,0.42155630904049973,0.5427656196739725,0.09916961193084717,0.05587202310562134,1,0.41159837252267034,0.7178432126832166,1,0.5965583737353886,0.5711680810561828,1,0.4108319998150055,0.5998675498441727,0.3740738736669423,0.4399985761706112,0.43762623215668156,0.3549252422772262,-0.043821140878223974,0.014394594476530576,0.0016223443469142174,-0.03959025818561779,-0.0003716046794788319,-0.015066368027265353,0.14667513162703383,0.2360588830915211,0.17536055449730886,0.17729191312646497
195,0.43706740839019026,0.5260577272883548,0.0968860387802124,0.05487954616546631,1,0.410007492578147,0.7160646828291467,1,0.5904392606249542,0.5207095755631209,1,0.41335285849756154,0.5953481623803889,0.3785037094406162,0.42632544260390076,0.4467305444048884,0.35521565748839223,-0.016707892385617762,0.027113248492606212,-0.001778529854069899,-0.050458505493061856,-0.004519387463783775,-0.01367313356671046,0.19535510726602578,0.2659308948870313,0.19192415741025246,0.15346507024335665
196,0.4497511087200757,0.5208780489888317,0.09773826599121094,0.05649381875991821,1,0.4078236795484722,0.7137428965036783,1,0.4235207001693869,0.5394888415802969,1,0.4222685104543943,0.5631903540501958,0.37424952590837596,0.4173352472425039,0.4434231643771553,0.3561162361283814,-0.005179678299523038,0.011528214086094724,-0.0023217863254684223,0.018779266017175944,-0.032157808330193105,-0.008990195361396836,0.17425405492338142,0.17495962995392467,0.19736959928992318,0.03216202626730131
197,0.4649898435863882,0.5149684612376234,0.09813407063484192,0.0551377534866333,1,0.3967454813499094,0.708855839628306,1,0.2685877135152397,0.5562510219300941,1,0.4283992436034653,0.5439371547397023,0.3717565874351784,0.44184866462133066,0.4431914041050006,0.36033794556624105,-0.005909587751208312,-0.0007299094516852733,-0.004887056875372275,0.016762180349797262,-0.01925319931049352,0.02451341737882673,0.15260481769821188,0.199280314735474,0.20554709551894784,0.20069391249814195
198,0.48095685039719793,0.5093875562796699,0.09944695234298706,0.05475085973739624,1,0.39419243123499187,0.7061894411772542,1,0.3197103807174096,0.5619785332405202,1,0.4276743064293705,0.54834232078261,0.39027359096259395,0.4285341667771844,0.44946151674054136,0.36071954510427623,-0.005580904957953492,0.00032868279325481975,-0.0026663984510517658,0.005727511310426037,0.004405166042907749,-0.013314497844146234,0.14421090793673408,0.16230946311672917,0.21507916294192012,0.16960611675848128
199,0.49651172640809593,0.5054664483643649,0.09969842433929443,0.05490007996559143,1,0.3985565840911639,0.7066757103027865,1,0.36768963280491,0.5682040743572742,1,0.42006309012866233,0.5538114525780385,0.40204070383748736,0.42196593777488584,0.4673328531005613,0.3598397893728491,-0.003921107915304978,0.0016597970426485142,0.0004862691255322904,0.0062255411167539965,0.005469131795428517,-0.006568229002298587,0.13847163594551237,0.14187023170184251,0.2237864540050062,0.1432869202528066
200,0.5127646038072047,0.5070961752077326,0.09972766041755676,0.055798113346099854,1,0.4012037670484625,0.7080541727499745,1,0.3295448846626288,0.5337863881336438,1,0.411332265029223,0.5640844870003605,0.3959445616250941,0.4355163367819866,0.4794950307664791,0.35993128410677433,0.001629726843367707,0.005550834758672685,0.001378462447187978,-0.034417686223630395,0.01027303442232197,0.013550399007100755,0.17426778461633075,0.188425731204288,0.22984763882732928,0.1851535388520774
201,0.5271193937096358,0.5108557113376249,0.0989866852760315,0.057104408740997314,1,0.40844250777339347,0.7119934279650236,1,0.3340841956278765,0.5448295117454912,1,0.40977692966761137,0.5830408344716659,0.4163264670609125,0.4184043195469649,0.5006693808179835,0.35203708939326783,0.003759536129892216,0.002129809286524509,0.00393925521504912,0.01104312361184745,0.018956347471305368,-0.017112017235021704,0.16716391621953242,0.18295609711343588,0.23353925645511428,0.19600205818464658
202,0.5418438330689959,0.5156596190634856,0.10044822096824646,0.0571826696395874,1,0.4070873792488299,0.7130270065660771,1,0.3258833385175158,0.5627814587890989,1,0.4128723120235727,0.587127769866819,0.4234160163118323,0.4345012710870924,0.505314387053655,0.3455946835910256,0.004803907725860701,0.0010443715959684852,0.0010335786010534642,0.017951947043607697,0.004086935395153146,0.016096951540127524,0.15024554777697818,0.17078589185848214,0.23898365529003163,0.22104163179375566
203,0.5579042840325805,0.5234128627555027,0.10050627589225769,0.059107452630996704,1,0.40518317004808757,0.7130837207964564,1,0.3136195094832651,0.6007330035314057,1,0.41694233118782137,0.5898234715318049,0.4320968265017494,0.46913774048496504,0.5103363373187774,0.3455773324414855,0.007753243692017131,0.00294933596615643,5.671423037933998e-05,0.037951544742306775,0.0026957016649858945,0.03463646939787263,0.11235071726505075,0.14493649507974654,0.24351339397794142,0.2562293020835348
204,0.576060019518806,0.5307710885062888,0.10198348760604858,0.05757662653923035,1,0.4040472718749369,0.7131545382691948,1,0.3303409989175513,0.6669945637167473,1,0.4284783626749763,0.5868760603815948,0.43610473484427614,0.5051107416884999,0.5176215368126312,0.3462054941461375,0.0073582257507861515,-0.00039501794123097955,7.081747273840477e-05,0.06626156018534157,-0.002947411150210133,0.03597300120353486,0.04615997455244758,0.08696756823064122,0.2507032271419973,0.28095314962401513
205,0.5922852243994506,0.5426364602987457,0.10583406686782837,0.059209346771240234,1,0.3926654378111014,0.7119400135605306,1,0.3947731289780564,0.712117494223574,1,0.4412780549785595,0.5811762417515487,0.445037685502025,0.5323156700010845,0.5170765186178711,0.3474246721995547,0.011865371792456836,0.004507146041670684,-0.001214524708664233,0.0451229305068267,-0.005699818630046094,0.027204928312584586,-0.00017748066304335008,0.002115150453517272,0.26174749730349695,0.2602591952227217
206,0.6078114146844372,0.5563348427977023,0.1062435507774353,0.05826765298843384,1,0.39977623304059157,0.712607667986432,1,0.48830574461023285,0.7063630649576337,1,0.43862380124558387,0.5763433282676897,0.4530235226892198,0.5359952931384683,0.5186373036144956,0.3489158865274438,0.013698382498956607,0.0018330107064997714,0.0006676544259014427,-0.005754429265940275,-0.004832913483858947,0.0036796231373837918,0.006244603028798368,0.08874947597448972,0.2601919151204648,0.19180738417577756
207,0.6246875219699392,0.575642413613895,0.1056566834449768,0.059303224086761475,1,0.406765063703856,0.7125500106058882,1,0.6136159906431646,0.6914175474746307,1,0.4373490854860804,0.576971006508796,0.4458672538456958,0.5409551733688152,0.5182508768476736,0.3498581686055375,0.01930757081619272,0.0056091883172361134,-5.7657380543862935e-05,-0.01494551748300299,0.000627678241106211,0.00495988023034688,0.021132463131257495,0.20792760031714203,0.25735945277151717,0.11630331219011356
208,0.6405467044359945,0.5991954985803947,0.10719043016433716,0.06103646755218506,1,0.41530733139318154,0.7122590916189124,1,0.6927092585095582,0.6566406342580784,1,0.4447642776211102,0.5780054257502175,0.44277694252298083,0.5340705505703754,0.5150083378765714,0.3503434901592357,0.02355308496649966,0.004245514150306939,-0.00029091898697575225,-0.034776913216552297,0.001034419241421558,-0.00688462279843971,0.05561845736083404,0.2829226784248277,0.2520241084489716,0.0775943017270273
209,0.657631378630765,0.6185294721576373,0.10635679960250854,0.06036555767059326,1,0.419044710902095,0.712920725450401,1,0.7293158016050114,0.6336669196043327,1,0.44149018332366685,0.58242990214549,0.44127802347837786,0.529693146098602,0.5096511907949052,0.34917833571818624,0.019333973577242647,-0.004219111389257013,0.0006616338314885395,-0.022973714653745647,0.004424476395272436,-0.004377404471773483,0.07925380584606823,0.32023322043014785,0.25658002010298747,0.07326526334049532
210,0.666611980830643,0.5939396642158001,0.10835421085357666,0.060991108417510986,1,0.41606407631575,0.7129629466046375,1,0.7239710608577853,0.5556796563716206,1,0.4312784887547289,0.5873554207154077,0.43882613685335325,0.5224334025352175,0.5093773030089612,0.34813074365926266,-0.024589807941837183,-0.04392378151907983,4.222115423657691e-05,-0.0779872632327121,0.004925518569917742,-0.007259743563384435,0.1572832902330169,0.34575243240835285,0.27738203656224186,0.06894847541314304
211,0.6525989256252226,0.5177688547243046,0.1084638237953186,0.059064626693725586,1,0.41264817543194177,0.7124532003068482,1,0.6922845312639032,0.548034656099359,1,0.42714914937014264,0.5867180938785556,0.44208879553193037,0.5159524737158364,0.5154195583189777,0.34216365755024697,-0.07617080949149557,-0.05158100154965839,-0.0005097462977893263,-0.0076450002722616706,-0.0006373268368521368,-0.006480928819381115,0.16441854420748925,0.3243916601614312,0.30899572316331747,0.04990957851738607
212,0.6355030659668579,0.43990363516258413,0.10241979360580444,0.06071898341178894,1,0.4097489021878909,0.7125029680379762,1,0.6274456591445744,0.6106671635154453,1,0.4236365832250569,0.5849711997346346,0.45311483846659,0.5175136193702713,0.5213113331827817,0.3289554003530095,-0.07786521956172043,-0.001694410070224861,4.976773112796984e-05,0.06263250741608628,-0.0017468941439209296,0.0015611456544348812,0.10183580452253094,0.240338114064766,0.35394256419318865,0.17095351537835712
213,0.6212207078662474,0.36554752153473374,,,0,0.4100371598893837,0.7164917636736714,1,0.5313329922348108,0.7254291336769159,1,0.4269895854011478,0.5892467107326488,0.4584351706174748,0.5230517672315577,0.5190467117782434,0.3208489141916621,-0.07435611362785038,0.003509105933870049,0.003988795635695208,0.1147619701614706,0.004275510998014154,0.005538147861286369,-0.00893737000324446,0.12162465016165451,0.40958558571630616,0.3709374289277021
214,0.6015456789154496,0.2756372876872244,,,0,0.4118726170055308,0.7179730020476149,1,0.49946437182226766,0.7548879156114684,1,0.43042547677185394,0.5912928053780847,0.46137145637059573,0.531452927013405,0.5185353257083644,0.3187738216134983,-0.08991023384750935,-0.015554120219658962,0.0014812383739435386,0.029458781934552536,0.0020460946454359252,0.0084011597818473,-0.03691491356385346,0.09505275564286454,0.4812865618454362,0.49000179349022255
215,0.6165645609654175,0.4005682211820751,0.11541956663131714,0.06063348054885864,1,0.4031228922940031,0.7230397657239667,1,0.440772477255234,0.7854174877647498,1,0.43193750125950897,0.5936839676407154,0.4602991294113735,0.5489492758803862,0.516462768289339,0.32024410766714406,0.12493093349485068,0.21484116734236003,0.0050667636763517265,0.030529572153281448,0.002391162262630697,0.01749634886698126,-0.06237772204078318,0.07285925785204067,0.3867108001652798,0.4230978783737763
216,0.6019655878928284,0.37071220294701773,,,0,0.43116537839531033,0.742152431198816,1,0.3666526778271006,0.7560503590809886,1,0.44028697758978486,0.602570092337804,0.46487445356879553,0.5907991040066208,0.5156000900585205,0.3194357413063419,-0.029856018235057347,-0.15478695172990803,0.019112665474849355,-0.029367128683761234,0.008886124697088604,0.04184982812623461,-0.01389792788217259,0.06599273394868226,0.40882827046101405,0.4515059913404581
217,0.584585539960319,0.34031205989202307,,,0,0.4386480765726622,0.7439930852902019,1,0.3636750890367298,0.7233350875504029,1,0.4410525072936405,0.6040721160708427,0.4395228912240044,0.6025759851283515,0.5154554900213345,0.3157957098004195,-0.030400143054994666,-0.0005441248199373194,0.001840654091385896,-0.03271527153058573,0.0015020237330386488,0.011776881121730698,0.02065799773979904,0.07776697069245155,0.42925064180097483,0.44216294173512044
218,0.5644244171678894,0.3093677920170911,,,0,0.4286743760985313,0.7388328296864962,1,0.42392253241468847,0.7328584972377914,1,0.4396956674825234,0.5992527262943605,0.4233446437899873,0.6141291038901624,0.5165287533636546,0.31375072027173445,-0.030944267874931985,-0.0005441248199373194,-0.005160255603705699,0.009523409687388518,-0.004819389776482108,0.011553118761810866,0.005974332448704822,0.007633653555364203,0.4504090276967325,0.4461895976236199
219,0.5414822195155394,0.2778793993222218,,,0,0.4205524073445834,0.7267431068628489,1,0.46108147542237365,0.7229686204373726,1,0.43818611638243693,0.5910385452551478,0.4240330947905718,0.5913925184446598,0.5178868441067459,0.3128880498707218,-0.031488392694869305,-0.0005441248199373194,-0.012089722823647286,-0.009889876800418751,-0.008214181039212787,-0.02273658544550261,0.0037744864254762867,0.04070444824623303,0.4648684194681549,0.4522927087668188
220,0.6134598427203677,0.3865699496821626,0.09848737716674805,0.05903029441833496,1,0.3999381628450524,0.7062319638080741,1,0.4752005436392924,0.7285960136638076,1,0.456442667869273,0.5887770008319593,0.4228240350857326,0.5906442569397964,0.5222016249690301,0.31055343810887986,0.1086905503599408,0.1401789430548101,-0.02051114305477486,0.005627393226434907,-0.0022615444231884885,-0.0007482615048634012,-0.02236404985573348,0.07851481827506782,0.38441554475828765,0.3689138954080837
221,0.6113158736654647,0.38865950616561185,0.0976971983909607,0.05734190344810486,1,0.38867344480953775,0.6829922037622547,1,0.4797419303601611,0.7338184448673462,1,0.4905482684192159,0.5877874917354675,0.42317175489283215,0.5908355032838212,0.5271434931439183,0.3095926041530678,0.002089556483449273,-0.10660099387649152,-0.023239760045819402,0.005222431203538602,-0.0009895090964917586,0.0001912463440247869,-0.050826241105091485,0.10429178225228,0.36905472223151853,0.36938651237235887
222,0.6070550610520223,0.38854522897904176,0.09619146585464478,0.05757629871368408,1,0.3913392061554736,0.6592489054916582,1,0.47930624566528407,0.7402047892209703,1,0.5214207137476408,0.5829659528412546,0.41853541323545324,0.6006572421635902,0.5315922206993233,0.3096976692005674,-0.00011427718657008867,-0.0022038336700193617,-0.023743298270596513,0.006386344353624174,-0.0048215388942128845,0.009821738879769004,-0.08095588372931217,0.11954938373121993,0.34614131583963814,0.3741446326519486
223,0.602621710820225,0.3902008065391561,0.09466201066970825,0.056951314210891724,1,0.4076334275721908,0.6543418032212344,1,0.4777499703501352,0.7467781473175922,1,0.5634245474432098,0.5719853145861942,0.41815157253497676,0.6050464025870697,0.5318154358611545,0.3102539307573272,0.001655577560114363,0.0017698547466844516,-0.004907102270423791,0.006573358096621851,-0.01098063825506046,0.004389160423479477,-0.09243634409635781,0.1160207191885638,0.3283152398720128,0.3778099410082408
224,0.5981043266119568,0.3953655435733337,0.09347856044769287,0.054555803537368774,1,0.4348075032643875,0.6449801327712879,1,0.46837430127833063,0.7457534984790046,1,0.5902799583104861,0.547826706636205,0.4199229576862104,0.6009547137768058,0.5422358112066139,0.3103386831087672,0.00516473703417758,0.003509159474063217,-0.009361670449946513,-0.0010246488385875496,-0.02415860794998914,-0.004091688810263894,-0.10077336570771678,0.10621676499013744,0.2982839178632845,0.37363297287049196
225,0.5932855920303757,0.40525696275994383,0.09196680784225464,0.054537564516067505,1,0.47491813649578823,0.6333938562042589,1,0.46152162352865445,0.745352115848129,1,0.5992634750301141,0.5257820699203066,0.42371775835861264,0.59328501357332,0.554956493967122,0.31012333556509525,0.009891419186610129,0.004726682152432549,-0.01158627656702893,-0.0004013826308756352,-0.022044636715898402,-0.007669700203485785,-0.11195825964387007,0.11275689984281587,0.25701614089421565,0.3647279212637808
226,0.5886889391573868,0.41654667117307076,,,0,0.49137696044873236,0.6215584313326774,1,0.4598024237301933,0.7424219151762513,1,0.622191427318267,0.5066316717484535,0.4275948693493303,0.5926727830928403,0.5563766607663652,0.3101166662100392,0.011289708413126931,0.0013982892265168023,-0.011835424871581512,-0.0029302006718776585,-0.019150398171853156,-0.0006122304804796475,-0.12086348384357393,0.1249197065950614,0.22693488714592497,0.35043745306844226
227,0.58406923366411,0.4343483582159881,0.09364914894104004,0.05544465780258179,1,0.510685552960288,0.6155620523049703,1,0.460359588794521,0.7400563384840155,1,0.6217268862420461,0.49073150336211674,0.42820518125777324,0.5989159221896128,0.5509503179225876,0.3160969572615326,0.017801687042917347,0.006511978629790416,-0.0059963790277071105,-0.0023655766922358046,-0.015900168386336733,0.006243139096772432,-0.12449428617904523,0.13428153246237576,0.19550848451925487,0.32979000202146286
228,0.5806029822557011,0.4533538123455585,0.0943116545677185,0.054463714361190796,1,0.538292012905678,0.6026199169207047,1,0.46057535057856475,0.7406077535027898,1,0.6079956901286,0.46804470085972266,0.42585056478504435,0.6073925584442403,0.549771168909001,0.3214929413553424,0.019005454129570387,0.0012037670866530403,-0.012942135384265585,0.000551415018774315,-0.022686802502394077,0.008476636254627579,-0.13798783658208513,0.15836831326963982,0.15514698869903046,0.31132211466001647
229,0.5742856943889241,0.44871801983402293,0.10139626264572144,0.05496484041213989,1,0.5609657762149597,0.5897263519511681,1,0.46073996374003046,0.7407155651374753,1,0.601245330748536,0.44802371955903914,0.42446654594445077,0.6078164699174485,0.5525686144669678,0.32518873725829855,-0.004635792511535564,-0.02364124664110595,-0.012893564969536642,0.00010781163468542854,-0.020020981300683527,0.0004239114732081939,-0.1509892131863072,0.18122625633411898,0.14163604748304795,0.3132973019542824
230,0.5783996329008954,0.4217560406719776,0.09825479984283447,0.05566662549972534,1,0.5667357915701688,0.5928829686408039,1,0.4617388357400731,0.7416244452450882,1,0.5929702589566084,0.4496355660179169,0.4216750429841686,0.6059175795321056,0.5533514086573971,0.3254022562697272,-0.026961979162045346,-0.022326186650509783,0.0031566166896358494,0.0009088801076129194,0.0016118464588777415,-0.0018988903853429662,-0.14874147660428427,0.18206698656266582,0.17152396529533778,0.3404783955530008
231,0.5905339869476581,0.3755304635712026,0.09086287021636963,0.05142888426780701,1,0.5659979870713417,0.6006310884825717,1,0.4627602703288292,0.7434590624612697,1,0.5919929730578,0.45586063793206966,0.4209957160061396,0.6028875716019994,0.5568255606214821,0.32319361123235923,-0.04622557710077496,-0.019263597938729615,0.00774811984176782,0.0018346172161815,0.00622507191415278,-0.0030300079301062155,-0.14282797397869795,0.17623239290512646,0.2264338901874441,0.38948373077677667
232,0.5933073733206663,0.35155508340083613,0.09411352872848511,0.05413001775741577,1,0.5448875514387101,0.6142521922534495,1,0.46057054576257284,0.7440674367013624,1,0.5924275812891275,0.4773565762347929,0.42120122680624766,0.6043708634843609,0.557218336566777,0.3211663756834169,-0.02397538017036649,0.022250196930408472,0.013621103770877774,0.0006083742400927461,0.021495938302723228,0.0014832918823615149,-0.12981524444791293,0.15479455784122761,0.2671221633459159,0.41434890235609917
233,0.5909891612032415,0.34201100343444457,0.09216731786727905,0.055831968784332275,1,0.5233166628205883,0.6265622479256848,1,0.4603930185135891,0.7438021517032536,1,0.5955613235186608,0.5029904077391074,0.42186698730527,0.6048192809749757,0.5547576512353354,0.3210193484149945,-0.009544079966391561,0.014431300203974928,0.01231005567223531,-0.0002652849981088501,0.02563383150431453,0.0004484174906148608,-0.11723990377756877,0.1330585587275292,0.2924875685885877,0.42248251953493193
234,0.5906484812553257,0.34411548362195754,0.09292769432067871,0.05441337823867798,1,0.5072631620299471,0.651812210636401,1,0.4578310861860485,0.7435818719442321,1,0.5960876240030609,0.5271663567326653,0.4237923050361042,0.6036458896570165,0.5532937391080516,0.32085647199949713,0.0021044801875129693,0.01164856015390453,0.025249962710716223,-0.0002202797590215022,0.024175948993557905,-0.0011733913179592381,-0.09176966130783104,0.10423627419852922,0.31879521213110973,0.4209677610366745
235,0.5890964865107221,0.34964576073746784,0.0938827395439148,0.05639484524726868,1,0.5035742713437349,0.692593113781145,1,0.4569777494255633,0.7430366678741432,1,0.5936696899670934,0.5659877706551906,0.4270021489059793,0.6026508852443369,0.5539976850082482,0.3208599099108915,0.005530277115510296,0.0034257969279973266,0.04078090314474392,-0.000545204070088845,0.03882141392252525,-0.0009950044126796342,-0.05044355409299828,0.06867159532444174,0.3534500477390447,0.41498405572599256
236,0.5890924743218706,0.352788611862566,0.09433615207672119,0.055972933769226074,1,0.4923006187683626,0.7261307413387366,1,0.4566123489824777,0.7400541545363201,1,0.5582506266836299,0.5957925223491247,0.42892980548506554,0.5988475165940269,0.5548843883736453,0.3211047146858565,0.003142851125098156,-0.0023874259904121398,0.0335376275575916,-0.0029825133378231783,0.02980475169393415,-0.003803368650309946,-0.0139234131975835,0.03830814580974584,0.3856851163103042,0.4092988934169484
237,0.5897578856616964,0.35546141746217763,0.09537065029144287,0.05565112829208374,1,0.4606041647464615,0.7586457797635395,1,0.45737632261306,0.7384474651167554,1,0.507548647269523,0.6089448234862078,0.43118492430711136,0.5944213449471643,0.5549769343657249,0.32212836424598307,0.0026728055996116384,-0.0004700455254865177,0.03251503842480297,-0.0016066894195646553,0.0131523011370831,-0.004426171646862653,0.02019831464678412,0.02045460533495222,0.42336546107424283,0.4052199290919372
238,0.5912664414881076,0.36111618812000185,0.09594035148620605,0.05610078573226929,1,0.4365051181353776,0.7402481632095399,1,0.4571174927393335,0.7397961482697919,1,0.4684794364856183,0.6093223428977651,0.4308863959360067,0.5975727291779518,0.5522033875262129,0.3284320099960845,0.005654770657824215,0.0029819650582125767,-0.01839761655399963,0.0013486831530364896,0.0003775194115572811,0.003151384230787535,0.0004520149397480022,0.020617330193785043,0.4095022853918917,0.40173928444881735
239,0.5926557900005708,0.36779617191592445,0.0958094596862793,0.0562463104724884,1,0.4407870517249551,0.7247204163070338,1,0.45639402251521066,0.7401989858081761,1,0.4441202066537856,0.5955190682905145,0.4352578660402403,0.5977454415002312,0.5522330397870973,0.3322081057500365,0.006679983795922606,0.0010252131380983909,-0.015527746902506134,0.0004028375383842153,-0.013803274607250615,0.00017271232227944466,-0.015478569501142347,0.02198098385081034,0.3878904869929034,0.3965490197606109
240,0.5928165966075094,0.3764511252397095,0.09667843580245972,0.05556747317314148,1,0.45296677423771425,0.7222603551775764,1,0.44660676159715124,0.7378815427190186,1,0.4378358227446929,0.580608954384023,0.43923073136607194,0.5933897814218827,0.5610221259518876,0.33083752037113884,0.008654953323785075,0.001974969527862469,-0.0024600611294574026,-0.0023174430891574893,-0.01491011390649144,-0.004355660078348533,-0.01562118754144226,0.01686627584836179,0.3730174209431561,0.389883652559355
241,0.5921885511306905,0.38890850103180125,0.09622770547866821,0.05619212985038757,1,0.46592448355253774,0.708544823246776,1,0.44516072170075033,0.7364552837741156,1,0.4558672350765253,0.5684918579568593,0.4451123869471843,0.5902088899412382,0.5706372629194384,0.3273580651252129,0.012457375792091718,0.003802422468306643,-0.013715531930800329,-0.0014262589449030028,-0.012117096427163743,-0.0031808914806444877,-0.027910460527339587,0.034786888522630524,0.34367134480560857,0.3773671273725535
242,0.5920755603784,0.40276493630764526,0.09496629238128662,0.05431202054023743,1,0.471945582765635,0.7081750244305316,1,0.4479792008069696,0.7293447823111647,1,0.4666687044678854,0.5706742271023397,0.4452122678641972,0.590288469558624,0.5798006904701026,0.32581427030629245,0.013856435275844015,0.0013990594837522963,-0.00036979881624443767,-0.007110501462950891,0.002182369145480423,7.957961738580543e-05,-0.021169757880633133,0.03197727494508043,0.32818673563761325,0.3569567994273557
243,0.5901213579791454,0.4311408258369311,0.09945935010910034,0.060022830963134766,1,0.4750786655194135,0.699903877840138,1,0.4738404670692825,0.7275329943740523,1,0.47608409456801853,0.567813006405616,0.45041879417601394,0.5900254496785762,0.5814565465211682,0.32537966068110225,0.028375889529285825,0.01451945425344181,-0.00827114659039363,-0.0018117879371124523,-0.0028612206967236764,-0.0002630198800478434,-0.02762911653391431,0.027656847539922622,0.2923497891404455,0.3183858714844751
244,0.5926477385198755,0.4557443066351393,0.09732204675674438,0.05792635679244995,1,0.47747931368065705,0.709341099927009,1,0.48145185402113505,0.7212052489147106,1,0.4775730853760891,0.5736464661972376,0.45652751069993786,0.5837489203418873,0.5854958924931049,0.32645161543231277,0.024603480798208233,-0.0037724087310775922,0.009437222086871033,-0.0063277454593416715,0.005833459791621531,-0.006276529336688874,-0.011864148987701606,0.012511558973969076,0.2785230684303654,0.2878090280123525
245,0.5939019938723985,0.47758597452446766,0.0972030758857727,0.05608177185058594,1,0.4827909338918059,0.7174079589895839,1,0.4806098198102284,0.7131498322236404,1,0.4724142855197858,0.5760223601294526,0.47121271075254534,0.5633190171511016,0.5865331872406397,0.3294638908424453,0.021841667889328342,-0.0027618129088798904,0.008066859062574872,-0.008055416691070238,0.002375893932215045,-0.020429903190785748,0.004258126765943504,0.0047842347550784104,0.26431090004537705,0.26139136894291126
246,0.5918950523382914,0.4978599093046413,0.10182851552963257,0.058489829301834106,1,0.4894848994245447,0.7205779140293201,1,0.47600451748227524,0.7064017891137019,1,0.4705006015770846,0.5776894594945535,0.47946884942338863,0.5513463638440713,0.5841540584467644,0.3354800536230588,0.02027393478017364,-0.0015677331091547009,0.003169955039736272,-0.006748043109938484,0.0016670993651008992,-0.011972653307030234,0.01417612491561826,0.019562290636136598,0.2451349608855478,0.23857982249869786
247,0.5913315343260274,0.5206320191806384,0.10115885734558105,0.05708432197570801,1,0.48718125875997464,0.721541098129288,1,0.4594139417737338,0.7041537220691111,1,0.47009572080324724,0.5807906714846593,0.48713068065922666,0.5465883380622467,0.588443060329059,0.3406669997954362,0.022772109875997093,0.0024981750958234517,0.0009631840999678731,-0.0022480670445907958,0.0031012119901058233,-0.004758025781824604,0.01738737606017693,0.03276194040151458,0.22630010584283747,0.22601430630798083
248,0.5902443322844472,0.5555509408940278,0.10124456882476807,0.05597585439682007,1,0.49148311167586295,0.7193320613411954,1,0.4806517040619568,0.7035240127012601,1,0.4679092717982407,0.5868532788326347,0.48954327107682105,0.550750417010549,0.5885611468633196,0.3477754566092865,0.034918921713389395,0.012146811837392302,-0.0022090367880925887,-0.0006297093678510057,0.006062607347975368,0.004162078948302339,0.015808048639935346,0.019162823192346846,0.19125384731039288,0.1841373784455001
249,0.5891654326977832,0.5976741677335455,0.10212981700897217,0.05779540538787842,1,0.4694770703239859,0.7220150184438183,1,0.5050101530197016,0.703963405862993,1,0.45806238007222894,0.5914130947258871,0.48580638995225317,0.5505353926560137,0.5895483669829359,0.35265666513961624,0.04212322683951775,0.007204305126128352,0.002682957102622896,0.000439393161732915,0.004559815893252384,-0.00021502435453535362,0.018051612580825327,0.039855497520778556,0.1725860690875013,0.1355710634310822
250,0.5872064377561319,0.6423250448133528,0.10153132677078247,0.057942211627960205,1,0.45285616930302486,0.7225222690555305,1,0.5608729514110672,0.7008627028289496,1,0.4528455652423509,0.5973921633108779,0.4833320906765686,0.5503002396804174,0.5951799326994941,0.3550759216786181,0.044650877079807305,0.0025276502402895584,0.0005072506117121955,-0.003100703034043417,0.005979068584990754,-0.00023515297559628667,0.02165956622658094,0.11016697339084858,0.15646593689864915,0.064188082297547
251,0.585450785872861,0.6876863300828794,0.0994727611541748,0.056876301765441895,1,0.4231899248290535,0.7209889238016766,1,0.5865171880682357,0.683369893178268,1,0.42347709148262014,0.5921913759834342,0.4765592619698931,0.5496017080221528,0.5995985728590401,0.3589757082273971,0.04536128526952654,0.000710408189719236,-0.0015333452538539571,-0.017492809650681562,-0.005200787327443668,-0.0006985316582646117,0.037619030623408545,0.1676036586183192,0.16564313983705178,0.00444621650325205
252,0.5911565903770906,0.6938375119042905,0.10202968120574951,0.057917773723602295,1,0.4171733376935442,0.7189522985095756,1,0.6292127435925517,0.6481763062216934,1,0.4205581389902126,0.5872525746396594,0.4655127016309411,0.5522418971892257,0.6032601658734785,0.361863362670287,0.006151181821411167,-0.039210103448115374,-0.002036625292100913,-0.035193586956574596,-0.004938801343774779,0.0026401891670728705,0.07077599228788223,0.22353959545981655,0.17578658856857013,0.059440865588811016
253,0.6054723612259134,0.6371876794763183,0.09917056560516357,0.056221604347229004,1,0.43016597019072617,0.7174558371970274,1,0.6421464263452654,0.6477198493780566,1,0.42434633019660134,0.5843509476501784,0.45803725279213664,0.5503014702840446,0.6126162301667037,0.3604768804633231,-0.05664983242797228,-0.06280101424938345,-0.001496461312548214,-0.00045645684363682104,-0.002901626989481043,-0.0019404269051810363,0.06973598781897083,0.22315649618277794,0.192808993259284,0.03815643661582609
254,0.6108574211350698,0.5943474129826379,0.10089099407196045,0.0582195520401001,1,0.44141733817244494,0.7172416122873861,1,0.6152624191929169,0.6649627168957655,1,0.4339064491901503,0.5826120445029611,0.45378626674103706,0.5459377053149583,0.6164805498026557,0.35697902723176017,-0.042840266493680335,0.013809565934291945,-0.00021422490964129182,0.01724286751770887,-0.0017389031472172523,-0.004363764969086303,0.05227889539162067,0.18153565792533014,0.2093153743448779,0.07075256288384896
255,0.6135594317167858,0.5701898447083925,0.1015920639038086,0.05917102098464966,1,0.45210359877650946,0.7176308187074182,1,0.5781535463314001,0.6849017022675444,1,0.4428690392705404,0.5824514233001861,0.4547410038713592,0.5462763004543877,0.6101223751918312,0.35378401643711826,-0.024157568274245422,0.018682698219434912,0.00038920642003204,0.01993898537177896,-0.00016062120277504643,0.00033859513942935404,0.03272911643987375,0.13022973677899188,0.21864772307119917,0.12005160134123255
256,0.615394235210563,0.5608240438845893,0.10375404357910156,0.059547483921051025,1,0.46979236108874267,0.724528171123816,1,0.5432844714839548,0.7197920404284586,1,0.44801399751513066,0.5864563488642541,0.45877538125931916,0.5495957219574442,0.6034651137241247,0.35157288021901,-0.009365800823803228,0.014791767450442195,0.006897352416397773,0.034890338160914136,0.0040049255640680625,0.00331942150305653,0.004736130695357388,0.07364456004556988,0.2190866199085269,0.17455841987678195
257,0.6181738907676988,0.5622664707572873,0.1048659086227417,0.05980086326599121,1,0.4717227048273533,0.7263592865300597,1,0.45935011109380397,0.7460089820357115,1,0.44853565314323496,0.5884902056674352,0.4611708363706039,0.5546857179482395,0.5952318157176612,0.3509589020312286,0.0014424268726980216,0.01080822769650125,0.0018311154062436996,0.026216941607252964,0.0020338568031810222,0.005089995990795293,-0.019649695505651876,0.023220499761208834,0.21994181515021344,0.24287096047243636
258,0.6212766642492826,0.5698500151787386,0.10470521450042725,0.06017875671386719,1,0.4438774176626217,0.7259390327394822,1,0.388494703314004,0.7432146250588236,1,0.4472092463338209,0.5857130581876394,0.44762689717748566,0.5608433959521846,0.5873972940053585,0.35119088432441226,0.00758354442145126,0.006141117548753239,-0.0004202537905774184,-0.0027943569768879017,-0.0027771474797957385,0.006157678003945066,-0.017275592319341393,0.058014576949286384,0.23629277198550339,0.29024598067113294
259,0.6247949282351678,0.5801135922163615,0.10462605953216553,0.06072390079498291,1,0.4350775943333059,0.7177587542620218,1,0.3804277562807108,0.7420149652976109,1,0.4630895917160802,0.5853019302086759,0.4306030068500505,0.5929424320495175,0.5831383080674514,0.3466880446186454,0.010263577037622929,0.002680032616171668,-0.00818027847746039,-0.0011996597612127236,-0.00041112797896347697,0.03209903609733289,-0.02425621103558906,0.05979104090896816,0.2343903953181671,0.29313370555876556
260,0.6290540449206428,0.5903303010566343,0.10618758201599121,0.06113636493682861,1,0.44461967318305856,0.7076708711001591,1,0.401417287662531,0.7286563235229429,1,0.48949738721657104,0.588884435248294,0.42400752497839456,0.6009214367658956,0.5759595163391497,0.34280857359897765,0.010216708840272815,-4.686819735011394e-05,-0.01008788316186271,-0.013358641774668056,0.0035825050396181,0.007979004716378135,-0.020985452422783712,0.048029525586384986,0.2185974539110114,0.26636925826066754
261,0.6332460333771227,0.6014104262916914,0.1072196364402771,0.06105959415435791,1,0.4961755221243195,0.7071437825140251,1,0.4394579529348448,0.7230925410906888,1,0.5244829787064488,0.5896894070521411,0.4127250539725027,0.6003153686713789,0.572645781585691,0.34072392945273494,0.011080125235057081,0.0008634163947842666,-0.0005270885861340391,-0.005563782432254083,0.0008049718038470877,-0.0006060680945166874,-0.01594875857666367,0.058917277218991974,0.17311229786801333,0.2288238562376291
262,0.6364274324219249,0.6137648027281793,0.10665756464004517,0.06066250801086426,1,0.5294990892207666,0.7102640472989407,1,0.44841278908739873,0.7226389473161193,1,0.5452182668400299,0.5838598766701292,0.4101502076524249,0.5940141427671762,0.5735509880163668,0.3420707260471373,0.012354376436487957,0.001274251201430876,0.0031202647849155607,-0.0004535937745694385,-0.005829530382011949,-0.006301225904202679,-0.01237490001717867,0.08202515601785701,0.14403393621807434,0.21726271071669143
263,0.6394765761716924,0.6282397925271774,0.10603249073028564,0.05998885631561279,1,0.5658963166169602,0.7156740427009821,1,0.46321132866146236,0.722063849886762,1,0.5495296533239205,0.5794742450116351,0.4131063955204841,0.5899556943966875,0.5769974655030211,0.34331187169643085,0.014474989798998084,0.0021206133625101264,0.0054099954020414565,-0.0005750974293573519,-0.004385631658494038,-0.004058448370488743,-0.006389807185779861,0.1028836060181221,0.11427511846240733,0.19968072320396196
264,0.6424763830067209,0.6449217837038175,0.10715723037719727,0.05999743938446045,1,0.5972288619903445,0.7178999198165242,1,0.47572396368460884,0.7336512898003571,1,0.5546963178351696,0.5705005266581423,0.4166400276791895,0.5960874625502409,0.5777821833072053,0.34308815313574526,0.016681991176640043,0.0022070013776419595,0.0022258771155421186,0.011587439913595121,-0.00897371835349281,0.00613176815355343,-0.015751369983832864,0.12252161429174349,0.08586702806439839,0.18888963603626688
265,0.6450533997340867,0.6643231520586566,0.10653847455978394,0.06031835079193115,1,0.6417394710144567,0.7126756800204889,1,0.4651692630699976,0.736617332549938,1,0.5492366850005704,0.5714806709864173,0.42092289532742294,0.596215792462748,0.5790370868531892,0.34231244605565575,0.019401368354839077,0.002719377178199034,-0.005224239796035368,0.0029660427495808994,0.0009801443282749789,0.000128329912507108,-0.02394165252944913,0.1781859732397318,0.048465957989691735,0.19386787035579325
266,0.6498546586012297,0.6751714144306723,0.10754036903381348,0.06017124652862549,1,0.7202466392075871,0.6660167694107618,1,0.45368565967272345,0.7323414554735724,1,0.5452176729878159,0.5700792000400826,0.42277763205765395,0.5934274974480894,0.5794044764468788,0.3403409961100895,0.010848262372015749,-0.008553105982823328,-0.046658910609727045,-0.004275877076365564,-0.001401470946334693,-0.002788295014658604,-0.06632468606281061,0.27468840490984764,0.0709847762490407,0.20432985521812316
267,0.6513479972069102,0.6523904301393552,0.10836631059646606,0.06180167198181152,1,0.7602974936359854,0.6295528251543736,1,0.4382876280973966,0.7284886601850927,1,0.539906790090088,0.557235382572259,0.42392562081053503,0.5897074413648385,0.5789276018353192,0.3393663538761709,-0.02278098429131714,-0.03362924666333289,-0.036463944256388214,-0.0038527952884797045,-0.012843817467823593,-0.0037200560832508778,-0.09893583503071912,0.33686592727286285,0.11131733456025228,0.22624248385565468
268,0.6479114972222794,0.6100430967170656,0.10572761297225952,0.0621146559715271,1,0.733121706956991,0.6334181092544515,1,0.43346463240735195,0.7262760242457642,1,0.5468057521746503,0.5585998722853318,0.4233539733195142,0.5935396489343604,0.5737867642015945,0.33922785086040624,-0.04234733342228958,-0.019566349130972438,0.003865284100077915,-0.002212635939328522,0.0013644897130727918,0.0038322075695218505,-0.09285791499131268,0.31371476647455054,0.08835819743609809,0.243921198895962
269,0.639006930048618,0.568392202509523,0.10504555702209473,0.06251096725463867,1,0.6963556800058232,0.6570252012417899,1,0.4382554014474538,0.7262427271480955,1,0.5583826700405069,0.5578581641730619,0.4227568519549209,0.5936943653861264,0.5683170178404169,0.3375055773631033,-0.04165089420754253,0.0006964392147470466,0.023607091987338347,-3.3297097668749664e-05,-0.0007417081122699232,0.00015471645176601267,-0.06921752590630559,0.26722054502694575,0.10556840240302992,0.2553780812136715
270,0.6307795232351523,0.5387614096938144,0.10468184947967529,0.061927735805511475,1,0.6471456958683581,0.67751952789532,1,0.4449259395745702,0.7292418420318894,1,0.5714758582881077,0.5614294427006947,0.42213378241935434,0.593911240032402,0.5689055936950289,0.32982611659807537,-0.029630792815708684,0.012020101391833848,0.020494326653530126,0.0029991148837938963,0.0035712785276328374,0.00021687464627562214,-0.05172231413656936,0.20872955616098293,0.13971995910922286,0.26612844579860484
271,0.623838165247694,0.5202701554678336,0.10679590702056885,0.061100125312805176,1,0.6098970584745582,0.7290491150399948,1,0.448338812197474,0.7319432843874071,1,0.5780296564095091,0.5656035143066623,0.42124900807132826,0.5969472084093045,0.5710462278979116,0.321459120014041,-0.018491254225980747,0.011139538589727938,0.051529587144674815,0.0027014423555177247,0.004174071605967611,0.0030359683769024537,-0.0028941693474122676,0.16158416740614934,0.20924389696737655,0.2749646094093713
272,0.6188994100943481,0.5117315498004037,0.10669249296188354,0.06032121181488037,1,0.5722543320145586,0.7532710429535424,1,0.4502482775130071,0.7361600740727565,1,0.5699974850880268,0.5685215905425816,0.4210773921265816,0.5982361036008323,0.57355471710847,0.313475151044878,-0.008538605667429922,0.009952648558550825,0.024221927913547603,0.004216789685349442,0.0029180762359192203,0.0012888951915278613,0.017110968880785893,0.12320009168452255,0.246002215562675,0.2807336229026283
273,0.6147577475398255,0.5088533953365448,0.10588574409484863,0.06010177731513977,1,0.5107523678812879,0.7614692781921452,1,0.45019845403277564,0.7358020262204886,1,0.557833462218759,0.574845189416588,0.4217307686454411,0.598795704644726,0.5772564323980092,0.31088436016529725,-0.002878154463858862,0.00566045120357106,0.008198235238602747,-0.00035804785226789537,0.006323598874006464,0.0005596010438936316,0.025667251971656535,0.06576917443719014,0.27318840251524396,0.2803309510910915
274,0.610260618757614,0.509752669385905,0.10589826107025146,0.06031730771064758,1,0.47083424573023025,0.7482257656953417,1,0.4552943714935372,0.7340160992998859,1,0.5539990575033799,0.5821355960796276,0.4334629834473143,0.5978658166134218,0.5780545173364423,0.3092456737237956,0.0008992740493601881,0.00377742851321905,-0.013243512496803445,-0.001785926920602754,0.007290406663039595,-0.0009298880313042268,0.014209666395455844,0.021057120182075797,0.2762410743516992,0.27259608175447786
275,0.6056062732740243,0.5132119496058603,0.10620957612991333,0.06183534860610962,1,0.4821835509622058,0.735092837624864,1,0.4557363424120612,0.7325108672815287,1,0.529090773266668,0.5942451924957506,0.4542004210126026,0.596727289508073,0.5831635851128688,0.30818155133510455,0.0034592802199552297,0.0025600061705950417,-0.013132928070477723,-0.0015052320183571721,0.01210959641612297,-0.0011385271053487855,0.0025819703433352936,0.026572945093623034,0.2538982017481848,0.2656181685621095
276,0.5991700401102188,0.5172581375465048,0.10603147745132446,0.061702609062194824,1,0.5045887219120321,0.7266071182324595,1,0.4488717689779478,0.7315437755889301,1,0.5112824050233061,0.5975422763541829,0.46868327312308766,0.5880882414392129,0.5843978599151207,0.31310089763769633,0.004046187940644597,0.0005869077206893669,-0.0084857193924045,-0.0009670916925985651,0.0032970838584323037,-0.008639048068860067,-0.004936657356470642,0.055935225306725636,0.2297229232496288,0.261740147811907
277,0.5904764737874846,0.5233441561880394,0.10791563987731934,0.06125399470329285,1,0.517919555553943,0.7231370683323869,1,0.4469548581589048,0.728664672052772,1,0.5111726259097151,0.5909376492002877,0.4783311137023055,0.5812416635779719,0.5870258452696527,0.3186660495885562,0.006086018641534574,0.0020398307008899774,-0.0034700499000726026,-0.0028791035361581674,-0.006604627153895204,-0.006846577861240988,-0.005527603720385077,0.07117965073852887,0.21255990714776807,0.25050941776228236
278,0.5822774721942658,0.5303908005502348,0.10854864120483398,0.06030437350273132,1,0.5383315209771307,0.7248285651615387,1,0.4484609975881746,0.7198813859317696,1,0.5212857986068367,0.5841196665865824,0.48076998453643927,0.5749241796481763,0.5858540962669497,0.32446193189134254,0.007046644362195376,0.0009606257206608015,0.0016914968291518173,-0.00878328612100232,-0.0068179826137052535,-0.0063174839297955865,0.004947179229769061,0.09000658618421409,0.1993421454068849,0.2319774360239362
279,0.5768405800066755,0.5411681221256256,0.11044168472290039,0.062030673027038574,1,0.540203027197736,0.7258804759364015,1,0.45926161458144193,0.7097574068142702,1,0.5309857196417422,0.5739220123783506,0.4870803229171137,0.5591518153337875,0.5853641938246453,0.3265098854232163,0.010777321575390797,0.0037306772131954213,0.0010519107748627743,-0.010123979117499404,-0.010197654208231821,-0.015772364314388776,0.01612306912213124,0.08253160385111996,0.18831081733704275,0.20554113948866087
280,0.5705975650619322,0.5549891860224624,0.11168801784515381,0.06246340274810791,1,0.5333829238373543,0.7253544261527844,1,0.4832983794568449,0.7029065826501717,1,0.536358953878597,0.5715699442238985,0.48725954425565826,0.5577085249790453,0.5857458563146454,0.33426700566693,0.013821063896836794,0.003043742321445997,-0.000526049783617033,-0.006850824164098546,-0.0023520681544521027,-0.0014432903547422216,0.022447843502612752,0.054885036792563145,0.17438246633803625,0.17175768987859188
281,0.5648774062911941,0.5722659746565248,0.11189854145050049,0.06335222721099854,1,0.530604637243133,0.7256309496788108,1,0.4944822361719808,0.6885850817841382,1,0.543907480049015,0.5752187855077114,0.4910776075640698,0.5532935154512751,0.585260083642147,0.3406185036673768,0.017276788634062457,0.0034557247372256628,0.0002765235260263621,-0.014321500866033454,0.0036488412838129314,-0.004415009527770186,0.03704586789467257,0.05174189972560643,0.15714782296235646,0.135961813238417
282,0.5589550704660502,0.5931193496572245,0.11415266990661621,0.06349766254425049,1,0.5298670615457003,0.7179329987349442,1,0.52782558407206,0.6823832282438376,1,0.5435964444200841,0.5803313173210954,0.48870217964080603,0.5454043144969362,0.5848056927521749,0.3427312581705549,0.020853375000699614,0.003576586366637158,-0.007697950943866605,-0.0062018535403006725,0.0051125318133840025,-0.007889200954338982,0.035549770491106636,0.03560833908294147,0.12815833667400076,0.09453615680510408
283,0.5528698601824592,0.6186690393718393,0.11324739456176758,0.06352663040161133,1,0.5309577974169346,0.7153321909909287,1,0.5426835627445841,0.6654831454019916,1,0.5429054673095381,0.596516831418901,0.4878795333793689,0.5250988548340105,0.5845905328512025,0.34036454217828194,0.0255496897146148,0.004696314713915184,-0.0026008077440154986,-0.016900082841845965,0.016185514097805553,-0.02030545966292563,0.0498490455889371,0.0512095783877102,0.09911560611515911,0.047909510317839896
284,0.5452598594382502,0.6473217036616224,0.11326950788497925,0.06399661302566528,1,0.5360290598789685,0.6921808000719606,1,0.5388010319663039,0.6729804428999436,1,0.5389722282822984,0.5808507441047277,0.4872182637419417,0.531818813177964,0.5860303503093218,0.3367319431944913,0.028652664289783192,0.0031029745751683935,-0.023151390918968118,0.007497297497952027,-0.015666087314173294,0.006719958343953447,0.019200357172016957,0.01939942124873805,0.045798975875620256,0.026459163849459243
285,0.5378478312334766,0.66598496565777,0.11252227425575256,0.0648043155670166,1,0.5661644483705869,0.6881882720723496,1,0.5190577277888738,0.669934192686562,1,0.536353562012214,0.5618710944556984,0.494320398918552,0.5309905212625552,0.5892316749929424,0.33370544769852284,0.01866326199614754,-0.009989402293635652,-0.0039925279996110286,-0.003046250213381674,-0.018979649649029318,-0.0008282919154087853,0.018254079385787603,0.050519843014267415,0.03598357433370676,0.01920063492658024
286,0.5332060316179263,0.6630626028660649,0.11192339658737183,0.06452023983001709,1,0.5746483309555533,0.6988153670234115,1,0.5105313673192746,0.6634067230146284,1,0.5347860172463262,0.5606435234816853,0.4956321509753016,0.5332765693271434,0.5915693381477355,0.33217898646761446,-0.002922362791705102,-0.021585624787852642,0.010627094951061955,-0.006527469671933517,-0.001227570974013048,0.0022860480645882086,0.035408644008783074,0.07324450215870552,0.05473321038711624,0.022677275403654613
287,0.5319409576229697,0.652389191699176,0.11020523309707642,0.06471884250640869,1,0.577881054724426,0.6938792514004256,1,0.5031498254366571,0.67069934940718,1,0.5378751466658659,0.5594508871480676,0.49723779451655453,0.5385588928948957,0.5917849199280257,0.332383359206233,-0.010673411166888913,-0.007751048375183811,-0.004936115622985904,0.007292626392551571,-0.0011926363336177692,0.005282323567752267,0.0231799019932456,0.07824362266202631,0.061902484406560716,0.03412024571807336
288,0.5315395665379626,0.6455813369161814,0.10613220930099487,0.06431865692138672,1,0.5731094463112306,0.6831247557637709,1,0.5017434072105453,0.6807308303867143,1,0.5463210264088141,0.5551095395367084,0.5010713954531366,0.5432198657575635,0.593865132820037,0.33172868926321225,-0.006807854782994616,0.0038655563838942975,-0.01075449563665476,0.010031480979534324,-0.004341347611359181,0.004660972862667867,0.002393925377056516,0.07140617911379558,0.05601395543192333,0.04607925782713821
289,0.5283231122081137,0.6451019321879938,0.10737702250480652,0.06257778406143188,1,0.5627727166694506,0.6912228251068783,1,0.5353384920421367,0.6709349208971579,1,0.5472545696258052,0.5612455045395913,0.507957011534885,0.5422607924127655,0.5941860484347051,0.3316535253974807,-0.0004794047281875269,0.006328450054807089,0.008098069343107417,-0.009795909489556442,0.006135965002882937,-0.000959073344798056,0.020287904209720375,0.03412089884696339,0.05756658762839578,0.026768617070431835
290,0.5241563874427063,0.6455516061193104,0.10862851142883301,0.06132787466049194,1,0.5558615483190854,0.6952460969741362,1,0.5363806556975728,0.6741044629336119,1,0.5454240392440587,0.5650577691467761,0.509677050415011,0.5428461988681684,0.5956633359817672,0.331138545366757,0.0004496739313165632,0.0009290786595040901,0.004023271867257927,0.0031695420364540317,0.0038122646071847566,0.0005854064554029481,0.02114163404052427,0.028748458519273004,0.058947091934356224,0.031059593793624232
291,0.5192593175492737,0.6476516006884147,0.10903412103652954,0.06170624494552612,1,0.550246783263419,0.664543895933424,1,0.5421630073449704,0.6683948330814417,1,0.5474657508063321,0.5622562900672385,0.5062056019469209,0.5427194378214216,0.6037940756460575,0.326602706070293,0.0020999945691042576,0.0016503206377876944,-0.030702201040712196,-0.005709629852170273,-0.002801479079537539,-0.00012676104674680388,-0.0038509371480176524,0.008954169420871648,0.03529267161933053,0.03090082031870068
292,0.5152913688879613,0.6504408832539176,0.1085762083530426,0.060231924057006836,1,0.5519533363473313,0.6759590908556738,1,0.5332067187722911,0.6733887398684714,1,0.5466961894581167,0.563248670060474,0.5041664881974205,0.5422400680501557,0.60651032805754,0.3240996762635047,0.0027892825655029263,0.0006892879963986687,0.01141519492224985,0.004993906787029712,0.000992379993235426,-0.00047936977126594726,0.0025703509872024854,0.018922007681591854,0.04466854348642047,0.029112950463326005
293,0.5092468763937535,0.6523665335672947,0.10771286487579346,0.058732450008392334,1,0.5512277542595369,0.6877525637047508,1,0.5274775821028479,0.6766689576033827,1,0.5453584575935991,0.5633062424820581,0.5051443013077469,0.5415064563776129,0.6053348122751809,0.3251104016429459,0.001925650313377103,-0.0008636322521258233,0.011793472849076947,0.0032802177349113837,5.757242158410669e-05,-0.0007336116725428221,0.011083606101368049,0.02620910150468051,0.054905056554663226,0.03038036281352539
294,0.5031041732832103,0.6536593340630352,0.10839393734931946,0.058683037757873535,1,0.5357706309032625,0.6757173995266956,1,0.5245751336078537,0.6612798617636747,1,0.544676156093905,0.5629774055626254,0.5084378318464341,0.5412201473312112,0.605201913395199,0.3269312284845889,0.0012928004957405426,-0.0006328498176365605,-0.012035164178055169,-0.015389095839708045,-0.00032883691943264015,-0.0002863090464017004,0.014437537763020925,0.018269692289421876,0.03941643953278621,0.02278320828370365
295,0.4935960927650139,0.6560769000147012,0.11019286513328552,0.060612499713897705,1,0.521643166871632,0.6775337234194047,1,0.5179606271752325,0.6510545528907639,1,0.5443800934719583,0.5625408955706738,0.508246507376911,0.5409241306704012,0.6029985612869165,0.32818527442441614,0.0024175659516659787,0.001124765455925436,0.0018163238927090264,-0.010225308872910843,-0.0004365099919516613,-0.00029601666080991684,0.026479170528640794,0.026734015233413733,0.035313363427500896,0.024876786521977605
296,0.49072713753649666,0.6571233916000657,0.11087161302566528,0.06133294105529785,1,0.5217464812788533,0.6675576860337764,1,0.5134654631718758,0.6494296290347507,1,0.5447195514221345,0.5607164803881785,0.5068972456218468,0.5405855693420768,0.6017503730973454,0.3294117087571985,0.0010464915853645174,-0.0013710743663014613,-0.009976037385628245,-0.001624923856013205,-0.0018244151824953203,-0.0003385613283244382,0.018128056999025755,0.01992992000606162,0.03272726976904495,0.024004696105387042
297,0.4867094891410148,0.6589798602761344,0.11076676845550537,0.06249803304672241,1,0.5253035695765,0.6955356746446731,1,0.5051932191153448,0.6576469245267588,1,0.5449927873115639,0.5606857408040676,0.506017400135649,0.5397228989160686,0.6037348602964152,0.3282736198713664,0.001856468676068701,0.0008099770907041837,0.02797798861089673,0.008217295492008114,-3.073958411081712e-05,-0.000862670426008183,0.03788875011791437,0.04289502979563302,0.05315854219979858,0.0185317293169285
298,0.4825734112092257,0.6598324374696137,0.11036267876625061,0.06309175491333008,1,0.5296493516133607,0.7278422488343984,1,0.4944041561884508,0.6648258887519585,1,0.5451744582138068,0.5639318289964669,0.5050614114724942,0.5345319952010845,0.6034736819517473,0.32818495507285045,0.0008525771934793092,-0.0010038914825893919,0.03230657418972527,0.007178964225199702,0.0032460881923992435,-0.005190903714984096,0.06301636008243994,0.07220308468881241,0.08271323114718264,0.012841381641887688
299,0.4777587398893222,0.6591423775036032,0.10925263166427612,0.0636325478553772,1,0.531070146982997,0.734852068362653,1,0.4893914749983197,0.6682793526128973,1,0.5449493650265496,0.5661267613369915,0.5024811859065997,0.5342003982658116,0.602972816659108,0.3272811314331541,-0.00069005996601057,-0.0015426371594898791,0.007009819528254635,0.00345346386093881,0.0021949323405245913,-0.00033159693527295975,0.06657271574975576,0.07854322491917497,0.09259623867242353,0.014792053280865473
300,0.4750626143665514,0.6580622590761759,0.11077585816383362,0.0641600489616394,1,0.5312343920892582,0.7286800206653568,1,0.49256548242389064,0.6633578769963532,1,0.5429117171071707,0.5699912023879364,0.49653853080757815,0.5356392258790669,0.6021736185137117,0.3251956690150549,-0.001080118427427279,-0.0003900584614167091,-0.00617204769729629,-0.004921475616544102,0.0038644410509449667,0.0014388276132553113,0.06532214366900357,0.07590959773455723,0.09023379003674602,0.018286441955425052
301,0.4750228740172079,0.6561871725995104,0.11107537150382996,0.06314915418624878,1,0.5317601704255943,0.7284559439907641,1,0.4962781463962227,0.660001908869029,1,0.5409526057158122,0.5741139759835554,0.48871051908049834,0.5346337830819298,0.5938680579410454,0.32504775414058396,-0.0018750864766654551,-0.0007949680492381761,-0.000224076674592677,-0.0033559681273241937,0.004122773595618967,-0.0010054427971371016,0.06845403512173509,0.07710336538484326,0.0918797916961852,0.021594879409528787
302,0.47575553576831636,0.6538809124492905,0.11093127727508545,0.06317859888076782,1,0.5322128688714727,0.7267622603839876,1,0.4969257329774404,0.6589394001951441,1,0.5399024764421346,0.5779144722555316,0.48308267234467567,0.5347576554060803,0.5823869424426154,0.32702054314743173,-0.002306260150219952,-0.00043117367355449687,-0.0016936836067764638,-0.0010625086738849099,0.003800496271976206,0.0001238723241505646,0.06782286018884354,0.0764533996876484,0.09219067923547983,0.021766156025999513
303,0.4770338771602371,0.6519305643391848,0.11141353845596313,0.06353342533111572,1,0.5314037205772715,0.7246229643416912,1,0.48890776618016246,0.6606615799772975,1,0.5385607056295817,0.5810991212593482,0.47793067702241304,0.5321117805432639,0.5772598135662713,0.32906986674612876,-0.0019503481101056375,0.00035591204011431454,-0.002139296042296457,0.001722179782153388,0.003184649003816542,-0.002645874862816422,0.06396138436439369,0.0767916976627739,0.09077590479481445,0.014738381000994357
304,0.47900959586618475,0.650013160462338,0.11036995053291321,0.06291908025741577,1,0.5249071687277027,0.720037130227991,1,0.4886510633971909,0.6522525963004643,1,0.5382168612734952,0.5786232782830893,0.4769592102316837,0.5248056111353977,0.580485264318501,0.3292206371969375,-0.0019174038768468016,3.2944233258835887e-05,-0.004585834113700171,-0.008408983676833182,-0.002475842976258802,-0.007306169407866214,0.0677845339275267,0.07687163464834858,0.08372540556079397,0.00989812957202167
305,0.4855894081135985,0.6487710759575822,0.11055588722229004,0.06258285045623779,1,0.5067421248987566,0.7166901112712516,1,0.49132915940742145,0.6468643721406759,1,0.5384690942736852,0.5752186874410353,0.4807819594426706,0.5229188948056102,0.5839375118980632,0.3287735554952955,-0.0012420845047558249,0.0006753193720909767,-0.0033470189567393893,-0.005388224159788346,-0.0034045908420540227,-0.0018867163297875411,0.06982573913057566,0.07150659655142519,0.07113671896659683,0.006048162064656246
306,0.4934506051628607,0.648243166132485,0.10959643125534058,0.06203049421310425,1,0.5079734976446857,0.6371311375081115,1,0.4879714062174269,0.6479407460635785,1,0.5394432618744097,0.5655479677949192,0.4850482738438631,0.5245612617010285,0.5855526939050558,0.3281034540068788,-0.0005279098250972059,0.000714174679658619,-0.07955897376314014,0.001076373922902607,-0.0096707196461161,0.0016423668954183013,-0.010809608555467087,0.022736123209264297,0.018286377065661354,0.005487538517561431
307,0.5013327968009449,0.647759779205856,0.10889929533004761,0.061724066734313965,1,0.5175836041734412,0.6067906423708609,1,0.48984736868304724,0.6519236003118053,1,0.5405229588176471,0.558977713214425,0.48759759177008866,0.5296879261123352,0.5856580415426244,0.3277986755232054,-0.0004833869266289703,4.452289846823554e-05,-0.030340495137250567,0.003982854248226753,-0.006570254580494206,0.005126664411306714,-0.04513295794094441,0.052974358435734226,0.04407447008487494,0.012216892618572965
308,0.5098805100197339,0.6469037330003276,0.10992643237113953,0.06257379055023193,1,0.529468348720989,0.6249016327002793,1,0.4961325939367732,0.6634973248253941,1,0.5410831073556301,0.5568530087214136,0.4909189266742648,0.5333670144260912,0.586236232333284,0.3276833612031307,-0.0008560462055284823,-0.000372659278899512,0.01811099032941843,0.011573724513588846,-0.0021247044930113868,0.0036790883137560737,-0.03859569212511482,0.050999019575380236,0.02945803528071366,0.021548839557643126
309,0.5186995877094012,0.6459895529035565,0.10826319456100464,0.06276333332061768,1,0.543336453027851,0.6488818680445023,1,0.5264870625431863,0.6642339272415824,1,0.5409762460376584,0.5592095269881855,0.49977016819573605,0.5340870116822874,0.5864254226964154,0.3278465991020672,-0.0009141800967710223,-5.813389124253998e-05,0.023980235344223,0.0007366024161882256,0.0023565182667718565,0.0007199972561962031,-0.015352059197080048,0.022794466023475082,0.02480606013848195,0.0198368838095315
310,0.5302037142153171,0.6457611710241348,0.10556694865226746,0.06256389617919922,1,0.5584498401782501,0.6953619975343232,1,0.5473588889398694,0.6702626583264062,1,0.540005851705344,0.5629320632384024,0.5101591625479086,0.5333242847276863,0.594544105637654,0.32609676401887616,-0.00022838187942175736,0.0006857982173492649,0.04648012948982083,0.006028731084823824,0.0037225362502169013,-0.0007627269546011117,0.02509933920791696,0.027440590883692995,0.05707964280203304,0.029910247405417523
311,0.5393765603207742,0.6451261710825364,0.1053943932056427,0.06156766414642334,1,0.5607428798107258,0.6739299632486934,1,0.5589588003615988,0.6689666244308528,1,0.5422554388515995,0.560969154262337,0.5173772585939937,0.538194128661387,0.6006316476307763,0.3244065674022959,-0.0006349999415983243,-0.00040661806217656693,-0.021432034285629786,-0.001296033895553439,-0.001962908976065436,0.004869843933700713,0.004963338817840612,0.005274246078965275,0.03586332460464099,0.03085176398311322
312,0.5536451184393745,0.6449454079157666,0.10647395253181458,0.06175041198730469,1,0.5869545309281458,0.6698014569510352,1,0.5584164491552314,0.6841651827934627,1,0.5546099385524487,0.5587022433311446,0.5228616047602215,0.5425692810955981,0.6069427038681715,0.3232232549628108,-0.00018076316676984838,0.0004542367748284759,-0.004128506297658152,0.01519855836260997,-0.0022669109311923563,0.004375152434211049,-0.01436372584242751,0.031949002040031996,0.04156128166925065,0.03950893997891165
313,0.5574872456879753,0.645288223009063,0.10705423355102539,0.06207418441772461,1,0.5856585623793497,0.68594711673008,1,0.5459291043813084,0.692723837830727,1,0.5606626795839549,0.5583109791296172,0.523432658578544,0.5428544001570134,0.6044906343220685,0.3238425374213526,0.00034281509329636695,0.0005235782600662153,0.016145659779044808,0.008558655037264273,-0.00039126420152735264,0.0002851190614152621,-0.006776721100646976,0.040303272592856286,0.04946482308411373,0.048823438879027674
314,0.5629401176239431,0.6454887250966745,0.10612505674362183,0.06301116943359375,1,0.5821313999203328,0.6923003571287105,1,0.5403227576398695,0.6842116692220312,1,0.5607626478792006,0.5576972691668737,0.5238174437980216,0.5401186209557955,0.6013650667879054,0.324849271425289,0.00020050208761157595,-0.000142313005684791,0.0063532403986305,-0.008512168608695747,-0.0006137099627435694,-0.002735779201217814,0.00808868790667927,0.0425839105929388,0.050592827650591504,0.044844301470584574
315,0.5716055211337032,0.6451173809727155,0.10859251022338867,0.06238281726837158,1,0.5471119342685937,0.718048977772396,1,0.5512336146323563,0.6752836918562107,1,0.5496035737162067,0.5781148301545804,0.5328165079885316,0.5358407436681278,0.5983099438954564,0.3254520358810912,-0.0003713441239590054,-0.0005718462115705814,0.025748620643685438,-0.008927977365820516,0.02041756098770675,-0.0042778772876677085,0.042765285916185225,0.04296344875023532,0.07693473603821502,0.03640083634779977
316,0.5804313785105394,0.6429922394355574,0.11011481285095215,0.06228607892990112,1,0.5138335239144277,0.7422161614601137,1,0.5537179143339287,0.6688636228399847,1,0.5321655078365596,0.5949923617498404,0.5391500767802808,0.5304970860639566,0.5971694439990495,0.3245375471239588,-0.0021251415371581484,-0.001753797413199143,0.024167183687717753,-0.006420069016226049,0.016877531595259954,-0.005343657604171215,0.07335253862012903,0.08349466762106848,0.11950171939658469,0.03718786962940925
317,0.5917222549233611,0.6385658039166323,0.11216431856155396,0.06024855375289917,1,0.5058123730550385,0.7508131165351509,1,0.5818675206281737,0.6701069110359973,1,0.5181851877423646,0.606661526238965,0.5498940118286875,0.5265079699127,0.60176173497729,0.3220222015912924,-0.004426435518925076,-0.0023012939817669276,0.008596955075037216,0.001243288196012604,0.011669164489124584,-0.003989116151256633,0.08070620549915364,0.11089579378156322,0.14135051111583782,0.03304477608252169
318,0.6041320076993824,0.6360902704476992,0.1128343939781189,0.06131720542907715,1,0.5079600457232054,0.7379385120476623,1,0.6388102291166132,0.6555708454780235,1,0.5215873427144854,0.5979248293698398,0.5522095312084271,0.5228192463131929,0.6045019216043294,0.3200913336528183,-0.0024755334689331443,0.0019509020499919316,-0.012874604487488672,-0.01453606555797382,-0.008736696869125149,-0.0036887235995071155,0.08236766656963879,0.15461630893995515,0.1400789441256311,0.03977526673920093
319,0.6166442972884574,0.6353220738060273,0.11247891187667847,0.06212460994720459,1,0.5202909920243033,0.7247956328754254,1,0.6546384196865522,0.6511416217340488,1,0.5295285301376356,0.5879841388882157,0.553389620750961,0.5248866036338075,0.6044277504489101,0.3201099684265368,-0.0007681966416718256,0.0017073368272613187,-0.013142879172236888,-0.004429223743974697,-0.00994069048162416,0.0020673573206145823,0.0736540111413766,0.15321274319284683,0.13148945664148257,0.041155940439362826
320,0.6302475155681329,0.6343234356611592,0.11029428243637085,0.06348437070846558,1,0.5321744114763287,0.7223696568301868,1,0.6556151123445532,0.6508557165891139,1,0.5366233688671547,0.584049482025238,0.5589257947574997,0.5270481690592331,0.6034495115051234,0.32036630861878823,-0.0009986381448681136,-0.0002304415031962881,-0.0024259760452385315,-0.0002859051449348726,-0.00393465686297767,0.002161565425425671,0.07151394024107294,0.14265991125625382,0.13179708194169995,0.030279221900370287
321,0.6417839148537674,0.6330138413298354,0.11073929071426392,0.06433993577957153,1,0.5378849883311447,0.7226385651654417,1,0.6321331802163213,0.645648294584299,1,0.5444582552703863,0.5876935094985404,0.559852019857491,0.5273816792302494,0.6026425562659978,0.3172986194186653,-0.0013095943313238267,-0.0003109561864557131,0.00026890833525483604,-0.005207422004814943,0.0036440274733023914,0.00033351017101623803,0.07699027058114272,0.1216972614226903,0.137213621973775,0.015898619062095533
322,0.6472732370587698,0.6309609555538573,0.11283892393112183,0.06408053636550903,1,0.5388071636540747,0.7215954453396269,1,0.6435774880363087,0.6358029616111521,1,0.5462692521572573,0.5905211735717473,0.5601053546567394,0.5241183744029021,0.5981943400485858,0.3171691412229853,-0.002052885775978064,-0.0007432914446542371,-0.0010431198258147312,-0.009845332973146825,0.0028276640732068925,-0.0032633048273472687,0.08579248372847481,0.1354148113592422,0.1413488585682937,0.006091271090330993
323,0.6537070695308516,0.6282192190316587,0.1119081974029541,0.064444899559021,1,0.5393373269328031,0.7235514290716529,1,0.6520627517348823,0.6433746336439592,1,0.5458098977157717,0.5926598454408347,0.5690441075142963,0.522064464060835,0.5901955644116661,0.3183097981775812,-0.002741736522198668,-0.0006888507462206039,0.00195598373202599,0.007571672032807064,0.0021386718690874496,-0.0020539103420671445,0.08017679542769374,0.13833054587423363,0.14889146480928125,0.015244355449964865
324,0.6584104616787849,0.6248426657514973,0.11315959692001343,0.06425052881240845,1,0.5470814950600899,0.7275174558111537,1,0.6570680891756052,0.6501833602290968,1,0.5447924689200304,0.59170101298742,0.5763197338988967,0.5196070450686444,0.5879016066022507,0.3191790381320528,-0.0033765532801613984,-0.0006348167579627306,0.00396602673950075,0.006808726585137648,-0.0009588324534147707,-0.002457418992190541,0.07733409558205684,0.1344530149331945,0.15144718987878594,0.025376224316165284
325,0.6643230067433048,0.6225207492976296,0.11222434043884277,0.06408250331878662,1,0.5465305005713267,0.7298233330852916,1,0.6577654365489434,0.6529651408194539,1,0.5445192583511461,0.589901971293298,0.5858428621484127,0.5187296547209433,0.5888593308276803,0.31904705858350346,-0.0023219164538677006,0.0010546368262936978,0.002305877274137891,0.0027817805903570525,-0.0017990416941219278,-0.000877390347701068,0.07685819226583768,0.13520500249738157,0.15933900651687183,0.03114261874004988
326,0.6682154362461733,0.62055872823819,0.11327981948852539,0.0635949969291687,1,0.5478051594293939,0.7297038189055906,1,0.676932020617578,0.643237724521403,1,0.5455858679039036,0.5893145321267295,0.5836638130691881,0.5157235744720192,0.5895287891080879,0.31884321632745577,-0.001962021059439545,0.00035989539442815577,-0.00011951417970101907,-0.00972741629805085,-0.0005874391665685597,-0.0030060802489241256,0.08646609438418751,0.15540312660422176,0.16251549335336776,0.024296413634892818
327,0.6707191086468042,0.6181488031410796,0.11445516347885132,0.06395834684371948,1,0.546076511683528,0.73255710569126,1,0.6866541457335783,0.6410638785461932,1,0.5487829874233755,0.5887594538896616,0.5936462877923208,0.5145252199193113,0.5889861262587278,0.3186784090834184,-0.0024099250971104658,-0.0004479040376709209,0.002853286785669429,-0.002173845975209865,-0.0005550782370679075,-0.001198354552707892,0.0914932271450668,0.16772919187943597,0.16918935152710798,0.027911038815832526
328,0.6744225341115414,0.615684525913593,0.11529016494750977,0.06764328479766846,1,0.5457870205439576,0.7362782933565624,1,0.6685590743756344,0.6555420155314756,1,0.5503468757773563,0.5886114177998829,0.5986154960087869,0.5136198250670713,0.5887994366794246,0.31834041716250405,-0.0024642772274865443,-5.4352130376078556e-05,0.0037211876653023834,0.014478136985282442,-0.00014803608977864702,-0.0009053948522400601,0.08073627782508674,0.14693986443133042,0.17632343036841425,0.04028646967300835
329,0.6773442310028096,0.6100474208661675,0.1177830696105957,0.06860864162445068,1,0.5469990789358453,0.735361097789708,1,0.6407082696064502,0.6592104607487216,1,0.5508238359634476,0.5895576501549539,0.6049239796043242,0.509806198043079,0.5817415275105756,0.3183020057512563,-0.005637105047425539,-0.0031728278199389948,-0.000917195566854323,0.0036684452172459636,0.0009462323550709639,-0.0038136270239922387,0.07615063704098646,0.12074904528768682,0.18081309767673787,0.061312300217241406
330,0.6828725334117614,0.5980650900011087,0.11638736724853516,0.06825822591781616,1,0.5495540604869539,0.7330529217351953,1,0.6437960905628775,0.6577705658766871,1,0.5527581882536879,0.5901945959134047,0.6096688386579594,0.5030333246759641,0.5766863419858994,0.3182685354630131,-0.011982330865058732,-0.006345225817633193,-0.002308176054512723,-0.0014398948720344418,0.0006369457584508575,-0.006772873367114962,0.07528235585850818,0.12061920799125794,0.18972487960010068,0.07135623473286244
331,0.6887140304404928,0.5806240862221052,0.1182752251625061,0.06800425052642822,1,0.5494416598077713,0.7320063678159974,1,0.6710228752542181,0.6294572800990652,1,0.5608438309028562,0.5909287167638659,0.6158695976619164,0.48967434665999277,0.5732584288985019,0.3183198173317474,-0.017441003779003594,-0.005458672913944862,-0.0010465539191979456,-0.028313285777621933,0.0007341208504612062,-0.013358978015971301,0.10254908771693216,0.1590544162889241,0.20570218375659177,0.05193898146912033
332,0.6973401541395648,0.5577622359624881,0.11666232347488403,0.07088518142700195,1,0.5475153476003013,0.7314643194060744,1,0.7089647294593465,0.5970594831207041,1,0.5630749350259125,0.5930163398840046,0.604518547203696,0.46798833346814955,0.5706389897839375,0.3184923498154764,-0.022861850259617067,-0.005420846480613473,-0.0005420484099230016,-0.03239779697836109,0.0020876231201386597,-0.021686013191843212,0.13440483628537025,0.21007275625260166,0.22939024924170243,0.0409805366677792
333,0.703965072956964,0.5363549300444844,,,0,0.5466587486150305,0.7309724196923421,1,0.7414852712452242,0.5105507656436881,1,0.5608179705436008,0.5930674302703554,0.5964664006711056,0.4273736943648891,0.5710093995703811,0.31933905738654744,-0.02140730591800366,0.0014545443416134063,-0.0004918997137323133,-0.08650871747701605,5.1090386350760575e-05,-0.040614639103260464,0.220421654048654,0.29418205161722205,0.25024237641695213,0.045537019885074755
334,0.7111078142475836,0.5118127371023182,,,0,0.5468673643715224,0.7308940461330993,1,0.7421352152935842,0.48179019890448166,1,0.5586335374951689,0.5943440977143913,0.5032510728123064,0.41264460709279366,0.5696954895410303,0.3193841759575806,-0.024542192942166197,-0.003134887024162536,-7.837355924278366e-05,-0.028760566739206406,0.0012766674440359838,-0.014729087272095431,0.24910384722861761,0.31651581367732484,0.2738093229642329,0.04317467331098073
335,0.7187683780114238,0.48413565713598955,,,0,0.5472276019144606,0.7313588777606418,1,0.7664176907099122,0.4685645248205384,1,0.5578589424840157,0.597727491416076,0.48935641722670076,0.39409169011266804,0.5662833560264668,0.3211113399452971,-0.027677079966328677,-0.0031348870241624804,0.00046483162754251683,-0.013225674083943262,0.0033833937016846116,-0.018552916980125622,0.2627943529401034,0.34220632221419517,0.3009078906907792,0.05012900519882289
336,0.7269467642484845,0.4533236901454983,,,0,0.5405697206629775,0.7337566258297514,1,0.7421314561124633,0.4274318734617498,1,0.557175649363449,0.5973964375139083,0.5071791062423358,0.3774600657150951,0.559489942603886,0.32168185337685096,-0.03081196699049127,-0.0031348870241625915,0.0023977480691096398,-0.041132651358788574,-0.0003310539021676995,-0.01663162439757293,0.3063247523680016,0.3666905877040288,0.3367180330664849,0.030016013029528436
337,0.7356429729587657,0.4193768361308445,,,0,0.5380844494366669,0.7340558119541838,1,0.7823274543130783,0.3533260209868244,1,0.55659674779292,0.59760372485972,0.5197394687238933,0.38169354381100695,0.5581871474189061,0.32114661460469973,-0.033946854014653804,-0.003134887024162536,0.00029918612443236015,-0.0741058524749254,0.00020728734581176855,0.004233478095911847,0.38072979096735937,0.4523381690296629,0.37155380235096164,0.08088356434103697
338,0.7448570041422674,0.38229509509202814,,,0,0.5282770728684618,0.7329980478462678,1,0.7451455793781129,0.3555044264284582,1,0.5519727942299535,0.5959937725310703,0.46490815967963633,0.3648243706895951,0.555530411063782,0.31890320426281116,-0.03708174103881634,-0.003134887024162536,-0.001057764107916026,0.0021784054416337795,-0.0016099523286496886,-0.01686917312141184,0.37749362141780957,0.4353543192927562,0.41218858269135594,0.026792222810135248
339,0.7545888577989897,0.34207846702904926,,,0,0.5248818298473023,0.7285958936572385,1,0.6554465093607463,0.32666301344637155,1,0.5433062912054767,0.5858503377651757,0.44359822722970516,0.37214027858289134,0.5480425251431648,0.31014857413474123,-0.040216628062978876,-0.003134887024162536,-0.004402154189029228,-0.028841412982086645,-0.010143434765894632,0.007315907893296225,0.401932880210867,0.4226075907163187,0.4496232197937235,0.10033365070109698
340,0.7648385339289324,0.29872695194190785,,,0,0.5270147305779245,0.7275366403967365,1,0.6272919406134211,0.3316695635502802,1,0.5397607373853611,0.5835378604029113,0.4448970803962293,0.37965824677591387,0.5450034083899187,0.3065318193231196,-0.04335151508714141,-0.003134887024162536,-0.0010592532605020466,0.005006550103908658,-0.0023124773622643646,0.007517968193022528,0.3958670768464563,0.4083702503653532,0.4903446852501474,0.14143649102082084
341,0.7756060325320957,0.2522405498306039,,,0,0.5286148528805211,0.7287542940382016,1,0.5665707555171721,0.5192436029868458,1,0.5357503808886541,0.5827131143875708,0.46932541663173344,0.407891182590932,0.5397518965753425,0.3046387354791865,-0.04648640211130395,-0.003134887024162536,0.0012176536414650885,0.1875740394365656,-0.0008247460153405495,0.028232935815018123,0.20951069105135578,0.21292106567876176,0.5367215211302974,0.3390964131798813
342,0.7868913536084796,0.2026192606951374,,,0,0.5289069178943422,0.7299493007610989,1,0.562019160193191,0.6244120730737439,1,0.5311679412983551,0.5850561282252211,0.48566938195699894,0.41396184268952435,0.5285644466011984,0.2947657669827819,-0.04962128913546651,-0.0031348870241625637,0.001195006722897296,0.10516847008689811,0.002343013837650343,0.006070660098592362,0.10553722768735496,0.11060979621168404,0.5870544610397833,0.47799234297806215
343,0.798694497158084,0.14986308453550834,,,0,0.5278948275964017,0.7289678418854827,1,0.5365508666373904,0.6197589794225141,1,0.5285313878678871,0.5774686495241347,0.4698981672254387,0.4207789403138279,0.5195340188040809,0.294742996241781,-0.05275617615962905,-0.003134887024162536,-0.0009814588756161813,-0.004653093651229789,-0.0075874787010864475,0.0068170976243035475,0.10920886246296857,0.10955136992450029,0.6392924065090161,0.5380719608511765
344,0.811015463180909,0.09397202135171676,,,0,0.5327575623976196,0.7285513932718377,1,0.5216507218560381,0.6179427365782953,1,0.5311504887702264,0.5759561860350647,0.48050049053362975,0.4275209868176645,0.5088205702526741,0.29964799043030094,-0.055891063183791584,-0.003134887024162536,-0.00041644861364498187,-0.001816242844218774,-0.0015124634890699706,0.006742046503836585,0.11060865669354236,0.11116490832257288,0.6929057934631937,0.59856266500431
345,0.8238542516769545,0.03494607114376262,,,0,0.5271952506533452,0.7286751032406895,1,0.4529076709876362,0.6578583147755152,1,0.5259638471284719,0.5839705312592365,0.4629352308051145,0.46271818949270893,0.4959284665669809,0.2971497132869458,-0.059025950207954134,-0.00313488702416255,0.00012370996885180396,0.0399155781972198,0.00801434522417177,0.03519720267504445,0.07081678846517436,0.1026336300688537,0.7544975366841596,0.724997261368235
346,0.5153940423658134,0.11848580811370456,0.10278573632240295,0.061904460191726685,1,0.5253307469927039,0.7300177979221869,1,0.4108369953842201,0.6931559751021,1,0.5288968698328386,0.5901598379008522,0.465689394332891,0.5099177685578588,0.49142462542454635,0.2995942253532348,0.08353973696994194,0.14256568717789608,0.0013426946814973917,0.03529766032658488,0.006189306641615766,0.04719957906514982,0.036861822820086876,0.12028139149097279,0.6116127145980239,0.5841044229416359
347,0.5141228227217586,0.15112869642492646,0.1008380651473999,0.06098407506942749,1,0.5216290813403052,0.7301793666716747,1,0.38855968931521095,0.7056478936995957,1,0.5326253012110856,0.587829713574718,0.4722642244506006,0.5586131472647411,0.4901425465862894,0.3018584860863565,0.032642888311221904,-0.05089684865872003,0.00016156874948780597,0.012491918597495655,-0.0023301243261342197,0.04869537870688234,0.024531472972079027,0.13531170038140844,0.5790993201788938,0.5685575086277675
348,0.505197944075984,0.1610251460363081,0.10034695267677307,0.0599435418844223,1,0.5153739891266398,0.7301243352628579,1,0.3791079665299628,0.7101584151118518,1,0.5343020344973606,0.5858127450170502,0.4653224018854144,0.5802669050912578,0.48310368735072895,0.30202404897686924,0.009896449611381641,-0.022746438699840263,-5.503140881679691e-05,0.004510521412256163,-0.002016968557667864,0.021653757826516684,0.019965920151006067,0.1377209747344043,0.5691901607294255,0.5634234904964024
349,0.49306789897419434,0.17247864691646503,,,0,0.5173010938029751,0.7300555014056137,1,0.37053435671477974,0.7055554452018873,1,0.5323432187945034,0.5932051018565765,0.447891234394478,0.6058709963334332,0.47666535382947717,0.3014111684606613,0.011453500880156925,0.0015570512687752835,-6.883385724421043e-05,-0.0046029699099645605,0.007392356839526326,0.025604091242175442,0.024500056203726417,0.14879760706913672,0.5581032130292951,0.5469783742058516
350,0.48154238709396485,0.17400586738302962,0.09711804986000061,0.059190377593040466,1,0.5207169792607381,0.7285809980966493,1,0.36404345482892686,0.7016264546660745,1,0.5295737207229722,0.598035519442616,0.4339869482471139,0.5951206109994017,0.46899621534634217,0.3007828484519232,0.0015272204665645883,-0.009926280413592337,-0.00147450330896437,-0.003928990535812749,0.004830417586039526,-0.010750385334031498,0.026954543430574796,0.15897528320288065,0.5559570345606407,0.5405455422148343
351,0.4691645056114222,0.18275159238065672,0.09701931476593018,0.05656088888645172,1,0.5237338652372403,0.7281924247454893,1,0.36287454395692853,0.7000628721964596,1,0.5283462335786889,0.60238525046006,0.41091489387703384,0.5956152141351406,0.4601591310898123,0.30060097710855593,0.008745724997627102,0.007218504531062514,-0.00038857335116004865,-0.0015635824696149658,0.0043497310174439585,0.0004946031357389025,0.028129552549029713,0.16330031527639863,0.5481637680664541,0.5281178998795416
352,0.4573386077042586,0.19353944882804394,0.09306472539901733,0.05630303919315338,1,0.5266234826504861,0.7272693223397285,1,0.36303670197156823,0.6931562254527895,1,0.5228775248701225,0.5996788609083711,0.3974917095592329,0.5892022219656682,0.447734899533755,0.3116365968739297,0.010787856447387223,0.0020421314497601206,-0.0009231024057607673,-0.006906646743670031,-0.0027063895516888925,-0.006412992169472442,0.034113096886938976,0.16710576947583244,0.5382081119558801,0.508438563554849
353,0.44848249584513034,0.20252439034723344,0.09320208430290222,0.05557061731815338,1,0.5279757678778705,0.7272684816420212,1,0.36373951647137365,0.6958460455201185,1,0.5193604587112595,0.5979694960157567,0.38773567380801965,0.5828843784491483,0.4329501285734165,0.3180132655786069,0.008984941519189493,-0.0018029149281977297,-8.406977073383004e-07,0.002689820067328985,-0.0017093648926144178,-0.006317843516519872,0.03142243612190265,0.1672151780428233,0.530731138757906,0.5005473284472267
354,0.43820094611463306,0.21503272333293819,0.09180566668510437,0.05445466935634613,1,0.5271828998540115,0.7275951572277077,1,0.36079932562417105,0.6979909723105037,1,0.5159633808517853,0.5956101022362614,0.3772466875354632,0.5836741250185741,0.41840748597592237,0.3223822770004489,0.012508332985704751,0.0035233914665152577,0.0003266755856865533,0.0021449267903851377,-0.0023593937794952335,0.0007897465694257644,0.02960418491720407,0.16899675008149956,0.5202288311228116,0.48912133577469874
355,0.4289974644709575,0.23144129047084125,,,0,0.5241492221111792,0.7267900527509586,1,0.3616500328670685,0.7055056963715202,1,0.5084264774942479,0.5903931058439021,0.3747428993471251,0.5802370866732092,0.4037028157525397,0.32174993138707525,0.016408567137903063,0.003900234152198312,-0.0008051044767490856,0.007514724061016498,-0.0052169963923592855,-0.0034370383453649067,0.021284356379438485,0.16388718781979345,0.5044048505659593,0.4788243284186844
356,0.4104252347246897,0.2578786578290248,0.08883684873580933,0.05295558273792267,1,0.5214884956185282,0.7200722485980577,1,0.3617531502260562,0.7098840739489701,1,0.4974219886511365,0.5891242387695261,0.37565704000828515,0.5817424381271292,0.39737540143910816,0.32581225845659095,0.026437367358183556,0.010028800220280493,-0.006717804152900908,0.004378377577449966,-0.0012688670743760122,0.0015053514539200563,0.010188174649087611,0.16005992462303809,0.47535035843927276,0.4546183762357248
357,0.39772471366881346,0.2818179702760857,,,0,0.5268977127741947,0.7160503847209924,1,0.35939667829404887,0.710814632085707,1,0.4869443131302446,0.5901312950323516,0.373960903237748,0.5848870116426189,0.3945351064622498,0.3324205379953277,0.02393931244706088,-0.002498054911122677,-0.004021863877065379,0.0009305581367369253,0.0010070562628254898,0.0031445735154896903,0.005235752635285307,0.1675828441624527,0.45303802649726,0.43070543778722814
358,0.3847245040178071,0.3083317922898585,,,0,0.5232283293085415,0.7091554388553509,1,0.355458175385893,0.711532591997673,1,0.47288805734993583,0.5922455719956209,0.3755430192239207,0.5909684005006549,0.39976631991990813,0.3300604295290153,0.026513822013772836,0.0025745095667119577,-0.006894945865641433,0.000717959911965993,0.002114276963269268,0.0060813888580359965,-0.0023771531423221193,0.16778699414522927,0.4240788903803454,0.4042615525580096
359,0.37142460577167075,0.3374201238703433,,,0,0.5146562225911306,0.7061350168070287,1,0.3503221746909642,0.714288475265503,1,0.4692569562967582,0.5939035944781974,0.37261186845713024,0.5945890532679939,0.39146310807774953,0.3261978798067426,0.029088331580484794,0.0025745095667119577,-0.003020422048322202,0.0027558832678299394,0.0016580224825765155,0.0036206527673390276,-0.008153458458474261,0.16453619110727055,0.39555779391895185,0.3774586955957188
360,0.3940587547719352,0.2509266228972628,0.0852910578250885,0.051254257559776306,1,0.49928055911098534,0.7088048989874671,1,0.3416534819629308,0.7161361380875774,1,0.4685272294473277,0.5944525052764121,0.3670359441028385,0.5931154423008851,0.38580368256754966,0.3235184783443938,-0.0864935009730805,-0.1155818325535653,0.0026698821804383988,0.0018476628220743807,0.0005489107982147301,-0.0014736109671088515,-0.007331239100110243,0.15779747310074935,0.4698128817132441,0.46815190445174276
361,0.39287340944210036,0.2350284848795951,0.08513393998146057,0.05141659080982208,1,0.47737472719230306,0.7097811159865222,1,0.3370786225834518,0.7138139826256963,1,0.4641898042144684,0.5932573322729081,0.36136029849490275,0.5899830657411135,0.37549656214494626,0.32621340923944125,-0.015898138017667707,0.0705953629554128,0.0009762169990550351,-0.0023221554618810814,-0.0011951730035040242,-0.0031323765597716102,-0.004032866639174126,0.14035405580797122,0.4822141987171994,0.482025529502934
362,0.39154183243658386,0.22554801972698307,0.08507689833641052,0.05117359757423401,1,0.45026359420060635,0.708758085173096,1,0.3418091788928976,0.7094841454206732,1,0.4569718518902954,0.5849352067394179,0.35682714374935565,0.5887298523156478,0.36724189099400806,0.33022364330641096,-0.009480465152612028,0.006417672865055679,-0.00102303081342614,-0.004329837205023113,-0.00832212553349021,-0.0012532134254656935,-0.0007260602475771538,0.10845684562636002,0.48676504871766146,0.48648485133651936
363,0.39245888553387326,0.20914309451616384,,,0,0.4376744707194237,0.7051422636427854,1,0.33507190551464366,0.7073269458687663,1,0.444816520115084,0.581510158329061,0.35121723549344774,0.5898813924890643,0.36795098511006574,0.33461132231603863,-0.016404925210819238,-0.00692446005820721,-0.0036158215303105923,-0.002157199551906852,-0.0034250484103568457,0.0011515401734165653,-0.002184682225980894,0.10262582142438452,0.4980558451800066,0.5014782300601287
364,0.3864325666460005,0.2262361380141875,0.0829860270023346,0.05053454637527466,1,0.4225460579078943,0.6969274300501251,1,0.3364912786142195,0.7065094819585416,1,0.43593299718318146,0.5810217925278506,0.3483539859809393,0.5898905364834427,0.3724668775234507,0.34078715745181476,0.017093043498023652,0.03349796870884289,-0.008214833592660287,-0.0008174639102247472,-0.0004883658012104775,9.143994378346676e-06,-0.009582051908416434,0.08658660842219577,0.4720746515643296,0.4828629382689928
365,0.3863152885741407,0.21921033273854296,,,0,0.4024489412890878,0.6900101633703264,1,0.34330292110827443,0.7065052135637482,1,0.42319504911687505,0.5831143331137927,0.34623645307652107,0.5905880752017905,0.37028463323200345,0.33837682158161436,-0.007025805275644531,-0.024118848773668183,-0.00691726667979875,-4.268394793394137e-06,0.0020925405859421042,0.0006975387183477677,-0.01649505019342179,0.0614030812265369,0.47107618839508597,0.48918949767290554
366,0.3869039078666612,0.2113911484843365,,,0,0.37214992795588253,0.6916887468123992,1,0.3480598281990565,0.7074020198910755,1,0.4083093621721681,0.5850629108728645,0.34343967853210644,0.5916286135449551,0.3690996432141819,0.33971795511893405,-0.007819184254206468,-0.0007933789785619372,0.001678583442072834,0.0008968063273273597,0.0019485777590718678,0.0010405383431646431,-0.015713273078676315,0.028761777711728515,0.4805241543178789,0.4975295439256807
367,0.378727334574243,0.2524000193617612,0.08321815729141235,0.049640730023384094,1,0.37058942547424656,0.6946938681087265,1,0.3494728140532921,0.7085072910870163,1,0.3955365696902926,0.5863594603113585,0.34078979857910335,0.5931766840015249,0.36692387336158755,0.3374736615295398,0.04100887087742472,0.04882805513163119,0.00300512129632724,0.0011052711959407269,0.001296549438493999,0.0015480704565697945,-0.013813422978289802,0.025233349604852868,0.44236870843666504,0.4570444948706487
368,0.3769764672899859,0.26264798806539774,,,0,0.3734446128018133,0.6976443770968528,1,0.3494277174740744,0.7087415710769613,1,0.3930970798679307,0.5873629098797241,0.34548080545031506,0.5943457991641976,0.36499060710724357,0.33493826560290757,0.010247968703636534,-0.030760902173788185,0.0029505089881263213,0.00023427998994507426,0.001003449568365511,0.001169115162672707,-0.011097193980108555,0.026456737807517443,0.4350107268407649,0.44694341747084104
369,0.37531356447885295,0.2753400843934152,,,0,0.3810242369815613,0.699913995814255,1,0.35203057816692707,0.7081683059405156,1,0.38864595731539375,0.5877445500052959,0.3500654115926955,0.5932467710461435,0.36558117380519567,0.33690068782009785,0.012692096328017433,0.0024441276243808985,0.0022696187174021665,-0.0005732651364457331,0.0003816401255718471,-0.0010990281180540684,-0.008254310126260656,0.030145744096304973,0.4246123149881834,0.4334539961970903
370,0.3737386261408441,0.29047630834581356,,,0,0.3804964489540541,0.7011541421551578,1,0.3576276553215926,0.7055230213056386,1,0.3743178575110711,0.5880476020991344,0.3513747169236349,0.5919644687305354,0.36730458982722936,0.3372165051908821,0.015136223952398387,0.002444127624380954,0.001240146340902859,-0.00264528463487701,0.0003030520938385184,-0.0012823023156081081,-0.004368879150480787,0.02328237159817742,0.41073343101275567,0.41535928702689934
371,0.37225165227595935,0.30805665992259285,,,0,0.3853306180521572,0.7007368043801407,1,0.34785563557762367,0.7053840572754806,1,0.38228606127141923,0.5879809257354702,0.34123645145373543,0.5916312579581711,0.3696449951929398,0.32688445401579846,0.017580351576779285,0.0024441276243808985,-0.00041733777501706815,-0.0001389640301580064,-6.66763636641976e-05,-0.00033321077236436736,-0.004647252895339848,0.03776203478283233,0.392897894111149,0.3980756540131097
372,0.3708526428841988,0.32808113912375303,,,0,0.39319352162364307,0.6998027828571587,1,0.33798838834012945,0.7039699556309365,1,0.3913728564545005,0.5890432959587895,0.33035356682774564,0.5911423566480545,0.36844229379364407,0.3267919363513275,0.020024479201160184,0.0024441276243808985,-0.0009340215229820537,-0.0014141016445441412,0.0010623702233192311,-0.0004889013101165851,-0.004167172773777761,0.05536218989325673,0.3723923942331738,0.37732275521350206
373,0.3695415979655623,0.3505497459492941,,,0,0.3943501320956876,0.6984910674782024,1,0.3354798837512848,0.693609810303739,1,0.39459298348217864,0.5878856258502666,0.3255729941799905,0.5828191256465851,0.3670371461969325,0.34682707773407573,0.022468606825541082,0.0024441276243808985,-0.0013117153789562463,-0.010360145327197423,-0.001157670108522857,-0.008323231001469367,0.004881257174463416,0.05907226770435439,0.3488246358744874,0.3447468754464513
374,0.36831851752004996,0.3754624803992161,,,0,0.3887628367805502,0.6972029751348289,1,0.3270947112128008,0.6859675708443023,1,0.39205608736979136,0.5867127040976478,0.32185500889853075,0.575513210673888,0.36708176415490523,0.34974306428257945,0.02491273444992198,0.0024441276243808985,-0.0012880923433735703,-0.0076422394594367615,-0.0011729217526188496,-0.0073059149726970585,0.011235404290526607,0.06268326746916825,0.3223893859027343,0.3132296496163298
375,0.3671834015476617,0.40281934247351897,,,0,0.39025111710224036,0.6947889701473766,1,0.3176601585924465,0.687275149187688,1,0.3840879370442291,0.58557103568483,0.3218347330917378,0.5752726412075531,0.3688271187394319,0.34682207034303536,0.02735686207430288,0.0024441276243808985,-0.0024140049874522562,0.0013075783433856847,-0.001141668412817709,-0.00024056946633499443,0.007513820959688666,0.07297879666577732,0.29287946835672524,0.2887345797894841
376,0.3661362500483976,0.43262033217220275,,,0,0.39082512463230823,0.6933094129626142,1,0.2962165328357997,0.6909928860678078,1,0.3785349047620992,0.584406542345821,0.31550627319087315,0.5774014983027654,0.3734329504031535,0.34282852170947564,0.029800989698683777,0.0024441276243808985,-0.0014795571847624478,0.003717736880119893,-0.0011644933390090317,0.0021288570952123775,0.0023165268948063256,0.09463694806243883,0.2618555658594442,0.26766610443167255
377,0.3651770630222576,0.4648654494952674,,,0,0.3908201559558586,0.6907914136580506,1,0.2883388701114531,0.6945011207348223,1,0.3746982883080522,0.5838220264374993,0.30993893802005634,0.5807119642924428,0.379932918688342,0.34093330533122745,0.032245117323064676,0.0024441276243808985,-0.002517999304563534,0.0035082346670144426,-0.0005845159083217588,0.0033104659896773247,-0.003709707076771651,0.10254840747138982,0.22737658080392648,0.24215005553466004
378,0.36430584046924175,0.49955469444271305,,,0,0.39407211369170375,0.6863844846649239,1,0.27516445145475044,0.6957410110043505,1,0.3705781142871327,0.5842699358033459,0.2976577761461777,0.585558532156358,0.39181153638832733,0.34051887766819966,0.03468924494744563,0.002444127624380954,-0.00440692899312678,0.0012398902695281988,0.00044790936584659935,0.004846567863915241,-0.00935652633942663,0.11927521420562512,0.18918615577263986,0.21548841741832875
379,0.36352258238935,0.5366880670145395,,,0,0.39949268522568393,0.6832841307341475,1,0.2602836863022,0.695524533253505,1,0.3669223284216813,0.5852919954773482,0.2809399121389872,0.5900952627620134,0.39659320048968255,0.34128845402642755,0.03713337257182647,0.002444127624380843,-0.003100353930776345,-0.00021647775084543408,0.0010220596740023735,0.0045367306056554035,-0.01224040251935754,0.13974610132348753,0.15094454013358616,0.18943941689251312
380,0.36282728878258236,0.576265567210747,,,0,0.3871623035753514,0.6820282539061608,1,0.27838984113412873,0.6920993865842529,1,0.3317888295126797,0.5875770507632079,0.2873659512330217,0.5932341687991287,0.3987266343585954,0.3477294562177139,0.03957750019620743,0.002444127624380954,-0.0012558768279866683,-0.0034251466692521992,0.0022850552858596496,0.0031389060371153077,-0.01007113267809201,0.10923770548188447,0.10852621269535101,0.1433427928988386
381,0.3622199596489388,0.6182871950313352,,,0,0.287398200667815,0.6830581786228886,1,0.3243423583407449,0.6865111954262985,1,0.24161217648713743,0.5907922711805648,0.33887666085887636,0.5963932853346131,0.3999964283983044,0.3609675755182927,0.04202162782058827,0.002444127624380843,0.0010299247167278036,-0.005588191157954392,0.00321522041735689,0.0031591165354843964,-0.003453016803409814,0.03710517633979028,0.09896249760614706,0.07803349864484124
382,0.36170059498841944,0.6627529504763044,,,0,0.34587684871996227,0.6858887251555471,1,0.26051672555588584,0.6870120196769578,1,0.30425835061515905,0.5894001788832208,0.2743909081669643,0.5948691502512499,0.4052427762607699,0.36816242935753835,0.044465755444969224,0.002444127624380954,0.0028305465326584622,0.0005008242506593374,-0.0013920922973439387,-0.0015241350833632428,-0.0011232945214106893,0.08536751382796695,0.028029538276204233,0.1040513232583906
383,0.36126919480102415,0.7096628335456546,,,0,0.397772897104825,0.6881745923900997,1,0.2280872619439923,0.6884937042275516,1,0.3701842017890253,0.5843006595956718,0.24301295043592588,0.5920099538981263,0.40560924090946265,0.3766206345825391,0.04690988306935018,0.002444127624380954,0.0022858672345525965,0.0014816845505938314,-0.005099519287549037,-0.002859196353123594,-0.0003191118374519242,0.16968593522239853,0.04235876284600153,0.13485384412622992
384,0.360925759086753,0.7590168442393856,,,0,0.4314543641357817,0.6884600209169874,1,0.23381485399023477,0.6902918243919192,1,0.40052139526741204,0.5825541962545673,0.24476101486010451,0.588780893730951,0.41777754218203816,0.3665381006294432,0.04935401069373102,0.002444127624380843,0.0002854285268877321,0.0017981201643675337,-0.0017464633411045094,-0.0032290601671752794,-0.0018318034749317258,0.19764799891357998,0.0997624651234621,0.14450020950673645
385,0.360670287845606,0.8108149825574976,,,0,0.4350185195271724,0.6881428806844021,1,0.24518648360512676,0.691344006578169,1,0.4028419159982318,0.5812166014176349,0.2557422467976968,0.5877979408498748,0.42292752709934756,0.3633120168774183,0.051798138318111975,0.002444127624380954,-0.0003171402325853334,0.001052182186249806,-0.0013375948369324098,-0.0009829528810761934,-0.003201125893766865,0.1898590241976835,0.14344373158886728,0.16616203881544864
386,0.3605027810775831,0.8650572484999904,,,0,0.42501662159870046,0.687742518403786,1,0.2575159003973603,0.6916929105463593,1,0.3945886719047279,0.5801653356850114,0.27461766126072545,0.5855394852267464,0.4348302991320051,0.35745975963918825,0.05424226594249282,0.002444127624380843,-0.0004003622806161289,0.0003489039681903172,-0.0010512657326234853,-0.0022584556231284303,-0.003950392142573311,0.1675472983997331,0.18868637769556657,0.20164694707915437
387,0.36042323878268434,0.9217436420668642,,,0,0.4110446628538917,0.6883428296870644,1,0.26352982532159497,0.6911904000169535,1,0.3824791771728755,0.5781471084939027,0.287565455718945,0.5823356747294423,0.4439297304785725,0.3552605316468186,0.05668639356687377,0.002444127624380954,0.0006003112832784208,-0.000502510529405753,-0.002018227191108668,-0.003203810497304116,-0.0028475703298891375,0.1475423191798325,0.23882727606901924,0.2500862471066058
388,0.36043166096090967,0.9808741632581188,,,0,0.3959631724365039,0.6890151518021439,1,0.263463176029541,0.6907984770228319,1,0.37337544363917785,0.5789569698359298,0.30750657112299745,0.5828419807897572,0.45077317309662673,0.35561464638911894,0.059130521191254615,0.002444127624380843,0.0006723221150795045,-0.00039192299412160736,0.0008098613420270961,0.0005063060603149871,-0.0017833252206880257,0.13251199680288547,0.29401389571889147,0.3058541986220848
389,0.36052804761225915,1.0424488120737543,,,0,0.3905908966855929,0.6895701071674502,1,0.26326192169986745,0.6900435840334226,1,0.3687354471718856,0.5831522830833337,0.337725035702362,0.5843702204344404,0.46110808441455853,0.356924276788687,0.06157464881563546,0.002444127624380843,0.0005549553653062533,-0.0007548929894093392,0.0041953132474038535,0.0015282396446831825,-0.0004734768659724331,0.1273298553021172,0.3541569641709118,0.36558192515517424
390,0.3607123987367327,1.1064675885137707,,,0,0.39138855440923265,0.6892709881164298,1,0.26338125935331536,0.6898654494218964,1,0.37630910879874035,0.5825896871054735,0.36897150536652773,0.5813880204172531,0.4642295169396609,0.3578893084456478,0.06401877644001641,0.002444127624380954,-0.00029911905102031344,-0.0001781346115261595,-0.0005625959778601253,-0.0029822000171872975,-0.000594461305466587,0.12800867537700858,0.4183228775837415,0.42782086553790194
391,0.36098471433433044,1.172930492578168,,,0,0.40329668615945735,0.6905165726557926,1,0.2891248566500812,0.6899734918917723,1,0.3840543958232955,0.5822079741992267,0.3924817516291875,0.577300210750232,0.46356191324440116,0.3592404956322008,0.06646290406439737,0.002444127624380954,0.001245584539362743,0.00010804246987583532,-0.00038171290624688936,-0.004087809667021158,0.0005430807640203206,0.11417312113730756,0.4842659322052321,0.48827379988936526
392,0.5452526788183388,0.3887230324151067,0.08190399408340454,0.04920250177383423,1,0.4097176935202146,0.6930017130693695,1,0.3345444534799332,0.6849039212599113,1,0.3844500858359229,0.5829709189863854,0.40852469891485843,0.5698504277716097,0.46557578597638505,0.3618558207821241,-0.7842074601630613,-0.8506703642274587,0.0024851404135769473,-0.005069570631860976,0.0007629447871587702,-0.00744978297862231,0.008097791809458244,0.075608136138534,0.3330994562296096,0.3634846284812589
393,0.5481779532735677,0.43230050179488777,0.0836469829082489,0.048769474029541016,1,0.40286861044921674,0.694825507621682,1,0.3716644777589344,0.6775756783937644,1,0.38900860742629223,0.5854525870366907,0.42675877640636284,0.5511701216548561,0.4713060708495891,0.3684242610814035,0.043577469379781075,0.8277849295428423,0.0018237945523125187,-0.007328242866146861,0.0024816680503052524,-0.01868030611675353,0.017249829227917624,0.03565465615238867,0.30005696758516226,0.3021868946428107
394,0.5575153518797145,0.4556831359772896,,,0,0.38921741393175374,0.6934874256259395,1,0.4125284810967762,0.6476774077882136,1,0.39162186128112497,0.5892417888248884,0.4357083460794012,0.5342886763611806,0.47096563320171037,0.37485479094246377,0.02338263418240183,-0.020194835197379246,-0.0013380819957425905,-0.029898270605550836,0.003789201788197749,-0.016881445293675523,0.04581001783772587,0.051400034889725034,0.2913332732333102,0.2405888465985807
395,0.5668009137117517,0.4811397167482522,,,0,0.4189050520578623,0.6890676728233033,1,0.45354826583570684,0.6555374830447032,1,0.4016168730587294,0.5859198493497129,0.4319674237266929,0.5314958076041232,0.4701860043932737,0.3790129895546049,0.025456580770962578,0.002073946588560749,-0.004419752802636179,0.007860075256489574,-0.0033219394751755615,-0.0027928687570574207,0.03353018977860012,0.0482123001675545,0.25516116634765323,0.2079440865716718
396,0.5875566943792135,0.5152550171811467,0.08405083417892456,0.04934316873550415,1,0.41884117503931095,0.6883977488893718,1,0.551316646896075,0.661864821114294,1,0.4003596358249077,0.5811163199363115,0.4434283382324553,0.5295557864995161,0.47162596936215817,0.38099900836892553,0.03411530043289457,0.00865871966193199,-0.0006699239339315044,0.006327338069590849,-0.004803529413401342,-0.0019400211046071147,0.026532927775077764,0.13510642804837142,0.24175055741304805,0.15102243426357562
397,0.5991160711772752,0.5481270362238269,0.08389520645141602,0.04770126938819885,1,0.4138089368023984,0.6880458504035537,1,0.6180168132344531,0.6424980065216762,1,0.3956971023574938,0.5781236163846195,0.4486476370262665,0.5274434282496268,0.47532362986162174,0.3820808024400443,0.03287201904268011,-0.0012432813902144568,-0.0003518984858180696,-0.019366814592617798,-0.002992703551692011,-0.0021123582498893123,0.04554784388187749,0.20922586570301774,0.2321982097512588,0.0962450938244103
398,0.6079959277633088,0.5802716336016874,0.0866122841835022,0.04736196994781494,1,0.404442994474321,0.6883089277042876,1,0.6621717103617925,0.6066059231251871,1,0.39206198527472574,0.5728494657822548,0.4435925176476549,0.5257523382944129,0.4794746607200456,0.38519369021335415,0.03214459737786057,-0.0007274216648195386,0.0002630773007339382,-0.03589208339648908,-0.005274150602364691,-0.0016910899552138314,0.08170300457910051,0.27036914015888996,0.23044707324581676,0.06023711667124906
399,0.6180173886719483,0.6140395835487712,0.08231651782989502,0.0465775728225708,1,0.3985340075969729,0.688800992622791,1,0.6610012160254698,0.5539237667810584,1,0.3904658681619013,0.5737519091998553,0.4435174322005456,0.5254546742494971,0.48444993437612066,0.3865562217388629,0.033767949947083764,0.001623352569223191,0.0004920649185033987,-0.05268215634412876,0.0009024434176004847,-0.0002976640449158241,0.13487722584173267,0.29509473318073604,0.23186682137562464,0.07390210307972678
400,0.6222806143613979,0.5900689522601048,0.08440989255905151,0.04781895875930786,1,0.3979259599403216,0.6889947099375298,1,0.6351466938482572,0.5467824470251917,1,0.39032033141468636,0.5765136178726642,0.44549657522464897,0.5247855444622251,0.4865046157596477,0.3865433142198072,-0.02397063128866639,-0.05773858123575015,0.00019371731473871723,-0.007141319755866626,0.0027617086728088935,-0.0006691297872719604,0.14221226291233802,0.2765827259943533,0.24519648548144646,0.04515813920894368
401,0.624835297462718,0.5524425808631477,0.08476060628890991,0.04714912176132202,1,0.39710337973323273,0.6880244286756179,1,0.6229282384664799,0.5730376022634905,1,0.39050114230556077,0.5788060864980892,0.4550805476618422,0.5259054648110574,0.4930828003986031,0.3826490697333052,-0.037626371396957126,-0.013655740108290737,-0.0009702812619118983,0.0262551552382988,0.0022924686254249815,0.0011199203488322373,0.11498682641212732,0.25341435845315424,0.2650363443171387,0.02068312791856476
402,0.6268690548449632,0.5232074015424089,0.08654230833053589,0.0484386682510376,1,0.39767916592041236,0.6876376851823145,1,0.5995375229911777,0.6131015798721746,1,0.390987096429889,0.5793741635391186,0.46142678146821714,0.5285558725533955,0.49442836839142507,0.3799871683482401,-0.029235179320738824,0.008391192076218301,-0.0003867434933033653,0.040063977608684076,0.0005680770410294578,0.0026504077423381567,0.07453610531013988,0.2151799881822491,0.28207325885866563,0.09395730908800136
403,0.6307299989055271,0.5097577461701515,0.08804082870483398,0.05009669065475464,1,0.4009651888860687,0.6907042533117442,1,0.5667244068420164,0.6538321073559258,1,0.3927022976709676,0.5785355504729958,0.46879325049024856,0.5329342845985631,0.5026560722618414,0.3751669552772506,-0.013449655372257396,0.015785523948481428,0.0030665681294297364,0.04073052748375117,-0.000838613066122873,0.004378412045167535,0.03687214595581845,0.16981069897021966,0.2924611194159324,0.1576519500878105
404,0.6378043459831482,0.5071687562555989,0.08911442756652832,0.05079156160354614,1,0.4057988030595609,0.6984668827843028,1,0.50084384959939,0.7238287016650954,1,0.39896836183688666,0.5778451900499024,0.46348417207866627,0.5487474329178545,0.5092776813687692,0.36646159338021145,-0.0025889899145525863,0.01086066545770481,0.007762629472558569,0.0699965943091696,-0.0006903604230933391,0.01581314831929148,-0.025361818880792586,0.09837063956638895,0.30070175450213205,0.25631954571302484
405,0.6472867264936305,0.5127341573279842,0.08459556102752686,0.05002713203430176,1,0.4137678941272866,0.7064856833991563,1,0.4043635189896253,0.7672653516721804,1,0.40939782501264393,0.5821220348739711,0.45143709155981665,0.58784626333351,0.5108529997866227,0.3612905791632518,0.005565401072385345,0.008154390986937932,0.008018800614853494,0.043436650007084965,0.0042768448240686485,0.03909883041565543,-0.06077966827302406,0.06150292958151432,0.30343153910668,0.3518491347698853
406,0.6526352083736582,0.5232063912070364,0.08396267890930176,0.04922354221343994,1,0.42027682520392046,0.711143315946957,1,0.3179473491678648,0.7494410060591233,1,0.4353762774263103,0.5879711573595334,0.4301688777956253,0.6112485991496343,0.5117985173016723,0.3596845451342987,0.010472233879052162,0.0049068328066668165,0.004657632547800716,-0.017824345613057013,0.0058491224855623525,0.023402335816124276,-0.03829769011216633,0.10926131398505698,0.2988489683936574,0.4039778014409072
407,0.6564475193763182,0.5347711634071627,0.08277547359466553,0.048982322216033936,1,0.3965791258733437,0.6933069118487568,1,0.3715485996111151,0.7263905070781952,1,0.46212530552211384,0.5876574558177335,0.40741578127183653,0.6193365116692421,0.5108658714665042,0.3618705733149842,0.011564772200126305,0.0010925383210741435,-0.017836404098200198,-0.023050498980928147,-0.0003137015417998823,0.008087912519607832,-0.03308359522943838,0.04148555794815148,0.3044095357832162,0.34334438593385636
408,0.6604574573345506,0.5456137070490318,0.08392107486724854,0.04854857921600342,1,0.39138273460037815,0.6689488988167659,1,0.4302813058436842,0.7043992390767777,1,0.4944261974407293,0.5855120663490854,0.4020934518819148,0.6094008978521317,0.5131407409066716,0.3626607818314607,0.010842543641869096,-0.0007222285582572097,-0.02435801303199092,-0.021991268001417486,-0.0021453894686481734,-0.00993561381711039,-0.035450340260011814,0.05262913137532454,0.295994553907425,0.279631732635051
409,0.6678813948073108,0.5584566560147992,0.08241206407546997,0.04600781202316284,1,0.47036552600990095,0.6680277084246002,1,0.45468384981500237,0.7041341841024851,1,0.5140945871754695,0.5798882207285441,0.41224831719053295,0.5883073191532112,0.5181948939240099,0.3645282509161497,0.012842948965767431,0.0020004053238983355,-0.0009211903921656495,-0.00026505497429263336,-0.005623845620541301,-0.02109357869892048,-0.03610647567788483,0.03936486446260596,0.225872384219468,0.25821528882017397
410,0.6697510766737504,0.562208143110688,0.08187568187713623,0.045045316219329834,1,0.5034234360106963,0.6764732045981814,1,0.4645370035037207,0.6971377563404114,1,0.5174796567616615,0.5739811376370613,0.423459516620399,0.5812079185913416,0.5212423604220434,0.3650558782159779,0.0037514870958887947,-0.009091461869878636,0.008445496173581146,-0.006996427762073654,-0.005907083091482801,-0.00709940056186964,-0.02066455174223003,0.04403610259578918,0.20179541205210466,0.24559889322502468
411,0.6719207365323273,0.5702384218907378,0.08132994174957275,0.04501610994338989,1,0.5708012300758881,0.6773826394598487,1,0.46357665215868654,0.6999108337820867,1,0.5407465358803143,0.5561372261678136,0.42997637791422505,0.5810070471175462,0.5202229821202393,0.3661147594471846,0.008030278780049804,0.00427879168416101,0.0009094348616672798,0.00277307744167532,-0.017843911469247686,-0.00020087147379532766,-0.02252819432223807,0.10956564082294483,0.1473262975320116,0.24540210247512223
412,0.6752861199449063,0.5833403114027254,0.08079838752746582,0.04596370458602905,1,0.6488105376802403,0.6645498608946091,1,0.4663631984766263,0.6974394100696806,1,0.5518655497213194,0.5424391961278071,0.431741287986082,0.5769040134677506,0.5233713116731014,0.36650562155402827,0.013101889511987541,0.005071610731937737,-0.012832778565239567,-0.002471423712406162,-0.01369803004000647,-0.004103033649795695,-0.032889549175071475,0.18538811727675011,0.08541631802488217,0.2380491365904373
413,0.6769575811844799,0.6005566906312199,0.08127570152282715,0.04662454128265381,1,0.4878704617651995,0.7072396913542264,1,0.7103218825222066,0.625344687095389,1,0.46413437308478733,0.5691700537106135,0.5505387819912991,0.5410628806734705,0.5252797326108348,0.3664200582538718,0.017216379228494505,0.004114489716506964,0.04268983045961727,-0.07209472297429154,0.026730857582806355,-0.03584113279428003,0.08189500425883733,0.23704730818839942,0.21710642867853133,0.041564664950680126
414,0.6802472013896377,0.6189432493801253,0.07970589399337769,0.046021997928619385,1,0.7024976331573244,0.6024663216067514,1,0.5315540782229885,0.6779885270581614,1,0.48833285326648407,0.5606522397865631,0.4732666376919641,0.5846699471713012,0.5308152944121098,0.3659998976433827,0.01838655874890549,0.0011701795204109855,-0.10477336974747498,0.05264383996277233,-0.008517813924050377,0.04360706649783064,-0.07552220545140997,0.18688312521421854,0.027687016139292867,0.15998746730018787
415,0.6881194179287865,0.6085283602711086,0.08102595806121826,0.04777580499649048,1,0.7715701760751368,0.5577552498044754,1,0.41871343123998606,0.7156433806337591,1,0.546798128466316,0.5402115154037233,0.41391292453858736,0.6032121809293088,0.5357440060046214,0.36558844966147147,-0.010414889109016778,-0.02880144785792227,-0.04471107180227596,0.037654853575597724,-0.020440724382839837,0.018542233758007676,-0.15788813082928366,0.3865702319532942,0.09768284282133469,0.2899193219691595
416,0.6952052853190123,0.5616294270853586,0.0809813141822815,0.04579639434814453,1,0.7849946783572751,0.5519870630432663,1,0.3830229196880606,0.727811992130614,1,0.5759521125465044,0.5304198918051112,0.3931597810400327,0.605886420032099,0.5398099838297655,0.36558642608999364,-0.04689893318575,-0.036484044076733224,-0.00576818676120916,0.012168611496854886,-0.009791623598612076,0.002674239102790188,-0.1758249290873477,0.4387433195573376,0.09030564925019849,0.35365869752624174
417,0.6978192472077578,0.5289231350527854,0.08086574077606201,0.04608714580535889,1,0.7699456764668131,0.5744736015417534,1,0.39664592626376405,0.7254163057065935,1,0.5903139075609891,0.5348892103800498,0.39571527673502316,0.6062285207169889,0.5453651784422926,0.36557329951114526,-0.03270629203257314,0.014192641153176866,0.02248653849848714,-0.002395686424020438,0.004469318574938597,0.00034210068488982337,-0.15094270416484012,0.4026616488346677,0.08530572545277432,0.35960385893649754
418,0.6991674218476448,0.5113882137638766,0.08134156465530396,0.04882413148880005,1,0.729672899326249,0.6044447238049763,1,0.4210705261399119,0.717515384528121,1,0.5854758836294243,0.5372895069534397,0.40427410542222925,0.6032079202363004,0.5527274422362926,0.3646774172534653,-0.017534921288908878,0.015171370743664259,0.02997112226322285,-0.00790092117847252,0.002400296573389915,-0.003020600480688418,-0.11307066072314476,0.3286645692078898,0.09792904685141647,0.34615934759811073
419,0.6999263820595459,0.499484671532604,0.08296620845794678,0.049465060234069824,1,0.7002171033027087,0.6315614308095227,1,0.4349051122041598,0.7118329052838702,1,0.5823594056723282,0.5416050770660623,0.41342180349709984,0.5998449522961631,0.5593467474776364,0.3625196685854565,-0.011903542231272546,0.005631379057636332,0.02711670700454638,-0.005682479244250804,0.004315570112622624,-0.0033629679401373513,-0.08027147447434757,0.27718939776795637,0.13207707923759648,0.33959983193906884
420,0.7011969429284218,0.49303270876658545,0.08409440517425537,0.04897347092628479,1,0.6706596055681525,0.6438377132883989,1,0.4432375415832192,0.7105288555979072,1,0.5801057303993671,0.546443853234955,0.4209325800381908,0.5965608597615386,0.5666803669246273,0.3607302419929952,-0.00645196276601856,0.005451579465253986,0.012276282478876244,-0.0013040496859629824,0.004838776168892722,-0.003284092534624472,-0.06669114230950834,0.23699895284518493,0.15386578034728537,0.33741313938382306
421,0.7044032986965308,0.49067944750743553,0.08475744724273682,0.048724204301834106,1,0.6378577670838971,0.6802419074133335,1,0.45024417016092766,0.7106373861674419,1,0.5744629351674669,0.5486974329108176,0.4253636726547799,0.5931103009447056,0.5706285727260808,0.3586150235385919,-0.002353261259149919,0.0040987015068686405,0.036404194124934564,0.00010853056953463724,0.0022535796758625937,-0.0034505588168329826,-0.030395478754108418,0.190059850781447,0.2009035439786546,0.33612253330822134
422,0.7095908087698054,0.49149314778631303,0.08531522750854492,0.04903164505958557,1,0.6411574576125402,0.7121061071979385,1,0.44989808229680545,0.7098126082242895,1,0.5679684006316127,0.5549462564520381,0.43002410188077766,0.5926109562092223,0.5768769824536366,0.3546556862829687,0.000813700278877505,0.003166961538027424,0.031864199784605085,-0.0008247779431523883,0.006248823541220472,-0.000499344735483298,0.002293498973649055,0.1912731261408858,0.23098311932037174,0.33926936052185663
423,0.7138505559496537,0.49209313291054396,0.08519721031188965,0.04994657635688782,1,0.5627432673050771,0.7279940729182092,1,0.44904706523686266,0.7089316862035375,1,0.5568546139686927,0.5675445272445179,0.449744899145554,0.5877268857145123,0.5852032571913388,0.3514117981413953,0.0005999851242309284,-0.00021371515464657653,0.015887965720270625,-0.0008809220207519619,0.012598270792479771,-0.004884070494710069,0.019062386714671642,0.1152831338574552,0.2801475792828049,0.3422569895383842
424,0.716317418725954,0.49238845680319043,0.08523029088973999,0.05097183585166931,1,0.5268785606131354,0.7134571478286651,1,0.4475981537059418,0.7086510578708363,1,0.5433911846626364,0.5831943200996049,0.4751292822252658,0.5855116120612128,0.5948692167454342,0.3521376506899378,0.00029532389264647074,-0.0003046612315844577,-0.014536925089544073,-0.0002806283327012604,0.015649792855087052,-0.002215273653299432,0.00480608995782883,0.07942594928644503,0.2911330402321341,0.34493413286226005
425,0.7176327371234306,0.494141674193283,0.08581829071044922,0.05255025625228882,1,0.5319601418207376,0.6959015753634873,1,0.446475077164992,0.7089400388913718,1,0.5214759803542516,0.5946583666895663,0.5099704439715995,0.5847721450361735,0.6005904795886058,0.3544724442398669,0.001753217390092543,0.0014578934974460722,-0.017555572465177804,0.0002889810205355392,0.011464046589961363,-0.0007394670250393531,-0.013038463527884514,0.0864736827616644,0.27419221427066126,0.3459260239286853
426,0.7222290056798394,0.502650498234344,0.08489775657653809,0.05254054069519043,1,0.5646494984592615,0.6894851306448827,1,0.44835577359756085,0.7092520275761874,1,0.5115907891087439,0.5971878802593132,0.5450291896897518,0.581091401732024,0.6060575762842075,0.35719783733366917,0.00850882404106107,0.006755606650968526,-0.006416444718604586,0.0003119886848156339,0.002529513569746955,-0.0036807433041494697,-0.019766896931304734,0.11796169147863961,0.2444145678225037,0.3430608388866065
427,0.7233904766441468,0.5045274361749031,0.08717912435531616,0.05203747749328613,1,0.5921162170821447,0.6868699889364166,1,0.4608239054937683,0.7083809296779705,1,0.5210652443214622,0.5894527703009355,0.565799646851243,0.5803384258485206,0.6053548320958438,0.3667157731550216,0.001876937940559098,-0.006631886100501971,-0.0026151417084661066,-0.0008710978982169326,-0.007735109958377784,-0.0007529758835034261,-0.021510940741553908,0.13304281887349634,0.224681413942358,0.33241156884060447
428,0.7252638598883754,0.5120469548554408,0.08876758813858032,0.051179200410842896,1,0.581740441293352,0.6872532773278205,1,0.49710009274246764,0.6926813278708402,1,0.5452903732414988,0.5815037423945024,0.5833856416767962,0.5746339924786454,0.5963759895079427,0.37488546515009413,0.007519518680537685,0.0056425807399785866,0.0003832883914038909,-0.01569960180713026,-0.007949027906433037,-0.005704433369875139,-0.005428050543019758,0.08481422248368944,0.2264867040678057,0.29101113613207047
429,0.729271708838934,0.5227248846079109,0.08856350183486938,0.049912333488464355,1,0.5832600672663271,0.6934101097455383,1,0.5393549819397591,0.6759996179039606,1,0.5453490435909338,0.5764455778152413,0.5997280250067553,0.5609252371142986,0.6044299665496794,0.37892571921501683,0.010677929752470061,0.0031584110719323766,0.006156832417717806,-0.016681709966879676,-0.005058164579261115,-0.013708755364346792,0.017410491841577724,0.047231152258852015,0.2246171087762684,0.24405226289274795
430,0.7346928714356491,0.5371116224104245,0.08714467287063599,0.048790037631988525,1,0.5872447111939403,0.6931113679676325,1,0.599485645076296,0.672459767267624,1,0.5441371301268626,0.5793613910225119,0.6141428561934863,0.5535974868669865,0.6134028036412973,0.37907830310626023,0.01438673780251365,0.0037088080500435883,-0.0002987417779057866,-0.00353985063633655,0.0029158132072706344,-0.007327750247312137,0.020651600700008488,0.024006854724948765,0.21465525982975184,0.1913115636235165
431,0.7381870268294596,0.5542249716151778,0.08810931444168091,0.04919147491455078,1,0.6007606333852167,0.6911915117592182,1,0.6649219899107687,0.6788709020630171,1,0.5408423449786276,0.579545385684217,0.6203951915138113,0.5488213011882573,0.6235000620170078,0.37802448247402826,0.01711334920475327,0.0027266114022396204,-0.0019198562084142834,0.006411134795393125,0.00018399466170504475,-0.004776185678729172,0.01232060969620108,0.06533358320561576,0.19402537652101307,0.14458344860980715
432,0.7411079592002551,0.5731008796435727,0.08629781007766724,0.04905015230178833,1,0.6028222685035141,0.6963901387835993,1,0.7448095220641796,0.6770904247005112,1,0.5333639993699324,0.579410099740658,0.6207231980043654,0.5455814534738905,0.6294196155924047,0.38037548195455434,0.018875908028394894,0.0017625588236416245,0.0051986270243811195,-0.0017804773625059722,-0.0001352859435589382,-0.003239847714366806,0.01929971408308817,0.14329291377241823,0.18526514424135848,0.10405540374619966
433,0.7446876881128323,0.5947578659138247,0.0873444676399231,0.04969078302383423,1,0.5814106364650027,0.6966131747428234,1,0.7981765748431779,0.6586604624801767,1,0.5319242967117922,0.5813709822194865,0.6257445129662842,0.5491707350417743,0.6313331746121974,0.3827735678437223,0.021656986270252032,0.002781078241857138,0.0002230359592240161,-0.01842996222033444,0.0019608824788284185,0.0035892815678837398,0.037952712262646626,0.2200633554435225,0.19244193807862853,0.08333428377068884
434,0.7478239522819314,0.6197625728024752,0.08697140216827393,0.0491786003112793,1,0.5691054244378405,0.6972053183154968,1,0.8137895639043202,0.6396455924573193,1,0.5326805107297076,0.581535529231574,0.6121727852323068,0.5558018467023791,0.6337754885743165,0.3833270723655097,0.02500470688865042,0.0033477206183983865,0.0005921435726734536,-0.0190148700228574,0.00016454701208756806,0.006631111660604816,0.05755972585817748,0.2513631837547421,0.19477600218546878,0.06889699839115455
435,0.7485627855550206,0.628123053152369,0.08538669347763062,0.048549532890319824,1,0.5620016879212668,0.696737246078865,1,0.8103258842240613,0.6089176329444227,1,0.534050621540808,0.5798707618843821,0.5923700639443896,0.557802385869688,0.6403930158771385,0.38309502792233807,0.008360480349893895,-0.016644226538756524,-0.0004680722366318113,-0.03072795951289664,-0.0016647673471918978,0.0020005391673089123,0.08781961313444231,0.26339550284792623,0.1987786472971014,0.06468020193664706
436,0.7417379103480624,0.5857279800039777,0.08708298206329346,0.05006521940231323,1,0.5606419608302733,0.6958426253158729,1,0.8046220282328558,0.6166072439418732,1,0.5348376401647221,0.5797150799477641,0.5988328546916736,0.5608262492734142,0.646764787756061,0.3821209595112818,-0.042395073148391305,-0.0507555534982852,-0.000894620762992071,0.007689610997450469,-0.0001556819366180795,0.003023863403726179,0.07923538137399977,0.25652391496944665,0.21194569597874377,0.07005670006141315
437,0.7348350120909428,0.5433650286864694,0.08565419912338257,0.04977083206176758,1,0.5573996247296202,0.694985359869859,1,0.7747078490414749,0.6350193540636544,1,0.5384922058084525,0.5794959065204015,0.5979942308776258,0.5595387296765,0.6505204365818029,0.38157628339146904,-0.042362951317508335,3.2121830882969604e-05,-0.0008572654460139439,0.018412110121781233,-0.0002191734273625512,-0.0012875195969141995,0.05996600580620459,0.22543022469474033,0.2333924624237538,0.09995178080870103
438,0.729976038558935,0.5121595086773147,0.08643990755081177,0.050511956214904785,1,0.5642021276711181,0.6945606898636306,1,0.7316088052982305,0.6539212148010378,1,0.5425936994945925,0.5788758139307658,0.6015167829171023,0.5572110240777323,0.6563573479264468,0.38043450692685626,-0.031205520009154664,0.011157431308353671,-0.00042467000622836704,0.018901860737383425,-0.0006200925896356901,-0.0023277055987677153,0.0406394750625928,0.17226886731940577,0.24647754548681527,0.14177110865875944
439,0.7269767842899548,0.489324844302916,0.08666747808456421,0.04928016662597656,1,0.5722524784908785,0.6935194586978416,1,0.6808938077580549,0.6887792928443128,1,0.5425146168682566,0.5780943047443353,0.6138139444432078,0.556594261521883,0.6550725494331303,0.37989704750337266,-0.02283466437439874,0.008370855634755925,-0.001041231165789025,0.03485807804327501,-0.0007815091864304957,-0.000616762555849304,0.004740165853528766,0.10874468997269705,0.256193386629902,0.2047088609928558
440,0.7252563810856478,0.47637083339743047,0.08767431974411011,0.05005520582199097,1,0.5848294402347474,0.6946486032502798,1,0.6266174401811359,0.7225825975655145,1,0.5425671125837661,0.5783825635912606,0.6103805083643096,0.5594892871325766,0.6580425173894395,0.3777697626110476,-0.012954010905485536,0.009880653468913203,0.0011291445524381771,0.03380330472120163,0.00028825884692529335,0.002895025610693658,-0.02793399431523469,0.05026474885964246,0.2595475111201719,0.26523550568791504
441,0.7213610970599255,0.4718814375899108,0.0886947512626648,0.05081698298454285,1,0.5886502849628115,0.7001950135812007,1,0.5441815586519547,0.7396691774107339,1,0.5496878415531319,0.5806314744186272,0.6033467075628353,0.5729313613451662,0.656908684658582,0.3754239145818858,-0.004489395807519669,0.008464615097965866,0.005546410330920959,0.01708657984521944,0.002248910827366557,0.013442074212589583,-0.03947416382953317,0.059461560942769644,0.2640818975799099,0.3210963444650319
442,0.716466027117583,0.4508200593652924,,,0,0.5922530821941704,0.7100274712584452,1,0.4960723427211695,0.7239097049432889,1,0.5753020503535696,0.5859926279614103,0.5672520714558608,0.5773137501180956,0.6581620901710064,0.37070134368570307,-0.0210613782246184,-0.01657198241709873,0.0098324576772445,-0.015759472467445024,0.005361153542783104,0.004382388772929402,-0.013882233684843648,0.09717742051348079,0.2874323191064173,0.35092923879856697
443,0.7111747342015408,0.4292193370441021,,,0,0.5904982464100338,0.708160507609332,1,0.5237184252104088,0.7117287304687007,1,0.5722769877522302,0.5860276287426203,0.5393382479811709,0.5876588127901965,0.6559328112365675,0.3652600308227735,-0.021600722321190313,-0.0005393440965719143,-0.0018669636491132069,-0.012180974474588213,3.500078120999284e-05,0.010345062672100891,-0.0035682228593686416,0.0668750830566064,0.3039259635865196,0.33904487188824045
444,0.7054872183117987,0.4070792706263399,,,0,0.5820710752171351,0.7046666510146697,1,0.5692302526385175,0.7095068197572855,1,0.5621196534604728,0.5864452637864647,0.5300257691203328,0.5974792894139391,0.663742505276396,0.3623604376359545,-0.022140066417762172,-0.0005393440965718588,-0.0034938565946622813,-0.002221910711415198,0.00041763504384439987,0.009820476623742636,-0.004840168742615725,0.0137227532934368,0.32216423349396034,0.3317052655111767
445,0.6994034794483569,0.3843998601120059,,,0,0.5734168870161702,0.701289749741574,1,0.594547132155571,0.701283524429594,1,0.5539461485212859,0.5864583171473149,0.5346517786966392,0.5977249365400404,0.6771417566199399,0.35760185222537955,-0.02267941051433403,-0.0005393440965718588,-0.003376901273095756,-0.008223295327691504,1.3053360850223683e-05,0.00024564712610131156,6.22531198002374e-06,0.02113024605643954,0.34101587004436285,0.33378153076365263
446,0.6929235176112153,0.3611811055011,,,0,0.569498385781302,0.6994585721807889,1,0.6042250052305276,0.6986911852794553,1,0.5501461402648018,0.5852446511409903,0.5398479445242815,0.5932509566381564,0.6825523568498909,0.35485630107809707,-0.02321875461090589,-0.0005393440965718588,-0.0018311775607851022,-0.0025923391501386783,-0.0012136660063245541,-0.004473979901884029,0.0007673869013335999,0.03473509725087398,0.3600908324721132,0.3489706005533113
447,0.6993830622512281,0.48535847094131696,0.08126097917556763,0.04766079783439636,1,0.5677172858404771,0.6997565067796976,1,0.6030426146375847,0.7043018682678476,1,0.5498604573033651,0.5850919752938342,0.5460971016805606,0.5900517160459164,0.677354513512454,0.35840819799723195,0.12417736544021696,0.14739612005112285,0.0002979345989087001,0.00561068298839229,-0.00015267584715616955,-0.0031992405922399714,-0.00454536148814999,0.035616557465337886,0.2515996710037623,0.2392022012425476
448,0.6997004948790149,0.49163548704716886,0.08275127410888672,0.05023610591888428,1,0.5688996176353054,0.7006045560017349,1,0.5949601735361559,0.711478485181249,1,0.5518464830861297,0.5854896490926522,0.5477402449601062,0.5892319477116795,0.6716958841777022,0.3615766120022809,0.006277016105851907,-0.11790034933436505,0.0008480492220372948,0.007176616913401435,0.00039767379881805454,-0.0008197683342369144,-0.01087392917951413,0.028238181769767775,0.24652979793011254,0.24351894945483507
449,0.698421997152345,0.5060315928113497,,,0,0.5717620326469345,0.7019457284175155,1,0.5834041407683365,0.7101663896336883,1,0.5536674519182991,0.5887345128747169,0.549531373519586,0.59239101137782,0.6696579477953488,0.36347168782456996,0.014396105764180822,0.008119089658328915,0.0013411724157805782,-0.001312095547560732,0.0032448637820646775,0.0031590636661404936,-0.00822066121617282,0.014251945563378427,0.23329186685099623,0.23430775181557667
450,0.6946739093817933,0.5052621989045724,0.08274483680725098,0.048614680767059326,1,0.5743404784808688,0.7023937851042873,1,0.5835161792691067,0.7122604432234617,1,0.5531532580609816,0.5901760266326088,0.5508489302226616,0.5901449757892203,0.6755797691467688,0.3644818407330912,-0.000769393906777327,-0.015165499670958149,0.0004480566867718361,0.002094053589773437,0.0014415137578919213,-0.002246035588599704,-0.00986665811917442,0.013473842339731479,0.23095669912345737,0.23495598335626075
451,0.6911686465673016,0.5136660576279117,0.08212286233901978,0.04740560054779053,1,0.5769375459652278,0.7023596248721036,1,0.5774351655882898,0.7098637348296463,1,0.5527697425045485,0.5918318439850977,0.5523751686371757,0.5881700639543561,0.6794710955585713,0.36457604387358333,0.008403858723339375,0.009173252630116702,-3.4160232183721995e-05,-0.00239670839381545,0.0016558173524888753,-0.0019749118348642014,-0.007504109957542693,0.007520591169858105,0.22057653244191558,0.22677926103362994
452,0.6870524691546602,0.5249713898152412,0.08370226621627808,0.0472777783870697,1,0.5861314447897262,0.6986119719868679,1,0.5767779873830858,0.7075802046469137,1,0.5525169052489998,0.5937019649321835,0.5526048501544798,0.5869538918840993,0.6774848184602531,0.3658528701739299,0.011305332187329431,0.0029014734639900563,-0.0037476528852357083,-0.0022835301827325294,0.0018701209470858293,-0.0012161720702568157,-0.008968232660045872,0.012958254608648094,0.20083850461445146,0.21332238650506744
453,0.682849933869712,0.5434785674822061,0.08313649892807007,0.04740828275680542,1,0.5976308951071624,0.6957785605227106,1,0.57949891912124,0.7064980036166743,1,0.5523947462943354,0.5957863894738664,0.552782705199999,0.5873771134823667,0.6747963809108447,0.3691775529700088,0.01850717766696497,0.007201845479635538,-0.002833411464157276,-0.0010822010302394824,0.0020844245416828944,0.0004232215982673537,-0.010719443093963665,0.021063594503284398,0.17452097996444624,0.19302012539406047
454,0.6792872211845807,0.5632963077917155,0.08146989345550537,0.04538404941558838,1,0.6041267042588744,0.6944420850527155,1,0.5816952271922867,0.70375335394867,1,0.5524032656405554,0.5980851176101463,0.5584934957966762,0.5820224195972533,0.6734823668573182,0.37339197871980934,0.019817740309509335,0.0013105626425443662,-0.0013364754699950465,-0.002744649668004251,0.0022987281362798484,-0.0053546938851133374,-0.009311268895954461,0.024287257808192693,0.15115660156913835,0.17103326900497695
455,0.675790449080197,0.5869580146238139,0.08195781707763672,0.04606342315673828,1,0.6195948475260221,0.6929107113270662,1,0.6082603867124288,0.7156640427773177,1,0.5525424632876599,0.6005981493410231,0.5590245135892831,0.5816044657756916,0.6732334153221432,0.3782916612309266,0.02366170683209845,0.003843966522589115,-0.0015313737256493765,0.011910688828647653,0.0025130317308768024,-0.000417953821561734,-0.02275333145025149,0.02542015133747018,0.11993297950408363,0.14534631404492226
456,0.6723542741326322,0.6119432034983959,0.08218300342559814,0.046378135681152344,1,0.6356736147828077,0.6849885152565451,1,0.6149852499937414,0.7175930258126383,1,0.5528123392356487,0.6033254846664968,0.5600106676004822,0.5790115871205068,0.6733581675239387,0.3841609243877905,0.02498518887458201,0.0013234820424835592,-0.007922196070521026,0.0019289830353206305,0.0027273353254737565,-0.0025928786551847605,-0.03260451055609315,0.0386142790460714,0.08173792473621457,0.12022100434482992
457,0.6701365562786997,0.6383472643884943,0.0815354585647583,0.0456884503364563,1,0.6599995536863242,0.669341497761446,1,0.6262533160411192,0.7120314875605481,1,0.5532128934845219,0.6062671235865675,0.5605595242482261,0.579175838404354,0.6730691644043463,0.3882975681422228,0.02640406089009839,0.0014188720155163814,-0.015647017495099114,-0.005561538252090159,0.0029416389200707105,0.00016425128384722765,-0.0426899897991021,0.0544173114390457,0.03260983477319106,0.08576190015512854
458,0.6689078651285713,0.6652023811927041,0.0800330638885498,0.04638415575027466,1,0.6944101110758133,0.6303726003256812,1,0.6142012187139352,0.6988765029078011,1,0.5537441260342794,0.6094230661012352,0.559640189530315,0.5771761675713082,0.6754569521411968,0.38702816092010633,0.026855116804209822,0.0004510559141114312,-0.038968897435764815,-0.013154984652747004,0.0031559425146676645,-0.0019996708330458635,-0.06850390258211991,0.10548104608364445,0.04316802269734461,0.06423989130765385
459,0.6695482250196263,0.6573790763027395,0.07947766780853271,0.047039687633514404,1,0.7018041094351847,0.6073428512044134,1,0.5818745447759142,0.6950308938892339,1,0.5544060368849213,0.6127933122104998,0.5570588797840424,0.57603467267377,0.6774117224227513,0.38747085779019524,-0.007823304889964633,-0.034678421694174455,-0.023029749121267762,-0.003845609018567231,0.0033702461092646185,-0.001141494897538231,-0.08768804268482044,0.14856747056222314,0.05953205776319358,0.0954166315431609
460,0.6696713676471611,0.6058832089966705,0.078011155128479,0.04413151741027832,1,0.7148981510291539,0.6147947960108727,1,0.5738880156717923,0.7011203538245081,1,0.5551986260364477,0.6163778619143614,0.5542087472291867,0.5798144637383854,0.6836808688466409,0.3887592591667659,-0.05149586730606903,-0.0436725624161044,0.007451944806459276,0.006089459935274211,0.0035845497038615726,0.0037797910646154564,-0.08632555781363538,0.16533590113867208,0.04609640244306924,0.13507244082563957
461,0.6685281987554291,0.5725361193954208,0.07921081781387329,0.04504960775375366,1,0.7166328746386573,0.6405627983374973,1,0.577736378386277,0.7048957570873043,1,0.5561218934888583,0.6201767152128199,0.5540157824972972,0.5815196487711137,0.6869676519326551,0.3905400686580143,-0.03334708960124966,0.018148777704819374,0.025768002326624573,0.0037754032627962397,0.0037988532984585266,0.001705185032728318,-0.06433295874980705,0.15307176830719593,0.08331679836454824,0.160506162921774
462,0.6675303714551301,0.5565040240260914,0.07893204689025879,0.044911980628967285,1,0.6985477768027102,0.6595518920436031,1,0.6175962835303856,0.7038836340759889,1,0.5990084418826573,0.562296282279625,0.5576558284869217,0.5712447731553255,0.6855601382925216,0.3910800274984225,-0.01603209536932937,0.01731499423192029,0.018989093706105797,-0.00101212301131548,-0.05788043293319489,-0.010274875615788215,-0.04433174203238577,0.09229543658624301,0.10761478772664375,0.15560900550847284
463,0.6667377923367408,0.55125937966457,0.07929849624633789,0.04457569122314453,1,0.6676332739887249,0.6929072676189933,1,0.6346959950243831,0.7028188385237297,1,0.5590910828453529,0.5795521507136377,0.5632035909262999,0.5702717987911693,0.6844367807867787,0.3890829618670981,-0.0052446443615215,0.010787451007807869,0.033355375575390256,-0.0010647955522591346,0.017255868434012722,-0.0009729743641562205,-0.009911570904736378,0.03439627281224646,0.14165071849213448,0.1549094779046381
464,0.6636470685042006,0.5523063778874051,0.08061188459396362,0.044869184494018555,1,0.5894442586190242,0.7073172093029556,1,0.6434275126813258,0.7026390572618874,1,0.5378695058380515,0.5877392101530877,0.565792927468206,0.5753432024998052,0.6826198716169455,0.38699240131942425,0.0010469982228351604,0.00629164258435666,0.014409941683962257,-0.0001797812618423711,0.008187059439449973,0.005071403708635902,0.004678152041068251,0.05418557765378494,0.1718557966755729,0.15168633730690853
465,0.66326076531652,0.5572408838088243,0.08020579814910889,0.04537397623062134,1,0.5540320890821578,0.7060678662014315,1,0.6267196208117569,0.7025181952417537,1,0.5127057774019221,0.5975902785708985,0.5667250120596283,0.5851975112833468,0.6763167878450925,0.38594336366674636,0.004934505921419197,0.0038875076985840362,-0.0012493431015241363,-0.00012086202013361635,0.009851068417810804,0.009854308783541654,0.003549670959677731,0.07277415360458307,0.18460870618689823,0.14980237801483107
466,0.6626823744903738,0.5620184371650899,0.07935833930969238,0.0449751615524292,1,0.5485444860517252,0.7091907310981763,1,0.6025350947580222,0.7097686357603138,1,0.4835998975369648,0.60910535596707,0.5676165227307935,0.5911584871074711,0.6660156042941915,0.38561673553001713,0.004777553356265618,-0.00015695256515357858,0.003122864896744848,0.007250440518560053,0.011515077396171525,0.005960975824124248,-0.0005779046621374739,0.053993701505592254,0.1862448433615282,0.15952371749721056
467,0.6631277673913172,0.5665580614315764,0.07665729522705078,0.04408860206604004,1,0.5663147309153275,0.7121228849526472,1,0.5846026536873751,0.7138851818619344,1,0.4505518662431795,0.6222844423416024,0.5724702884583268,0.5915224049383863,0.6615041378716752,0.3856876726134876,0.004539624266486464,-0.00023792908977915417,0.002932153854470876,0.0041165461016205995,0.013179086374532356,0.0003639178309151614,-0.0017622969092871976,0.01837263752739003,0.17481956949501334,0.1669475183898169
468,0.6595403522904983,0.5717346005069703,0.07922816276550293,0.04459494352340698,1,0.590321196947833,0.7048673382338649,1,0.5853602817420482,0.7142648616324359,1,0.4135616835205662,0.6371275376944955,0.590293652286998,0.5916163566468855,0.6620752224959142,0.386022764229367,0.005176539075393949,0.000636914808907485,-0.0072555467187822575,0.00037967977050146207,0.014843095352893076,9.395170849924028e-05,-0.009397523398570917,0.010626576386855487,0.15005204870647432,0.16067843104494897
469,0.6583117218392966,0.5769313125634266,0.07704776525497437,0.0444372296333313,1,0.5793682804449111,0.6904877127629884,1,0.5971139173784165,0.7099259302407189,1,0.372629349369125,0.6536346420257493,0.6274651233229865,0.5888199357374655,0.6616506097674335,0.38638730567205787,0.005196712056456221,2.0172981062271944e-05,-0.014379625470876567,-0.004338931391716927,0.016507104331253797,-0.0027964209094200054,-0.019438217477730557,0.026320181019273792,0.1383008422442605,0.14639924727252288
470,0.6579684179310129,0.5854251657607585,0.07293927669525146,0.04376929998397827,1,0.5742253159330877,0.6712049005086989,1,0.6116574477970025,0.6995633737486816,1,0.5461108690929223,0.5746572787979853,0.6418536976940021,0.5816347740858527,0.6597706298369247,0.3861778809258595,0.00849385319733198,0.003297141140875759,-0.019282812254289516,-0.010362556492037323,-0.07897736322776394,-0.007185161651612759,-0.02835847323998275,0.046961340487472504,0.1198793978365837,0.12317563264480354
471,0.6570810993532278,0.5972332903620444,0.07208466529846191,0.04372602701187134,1,0.564963822841245,0.669619269123354,1,0.615686004075573,0.6869626829979607,1,0.5450554990708193,0.573843351934891,0.633678811822507,0.5790386815992169,0.6526927356896952,0.3861203086133305,0.011808124601285885,0.0033142714039539056,-0.0015856313853448434,-0.0126006907507209,-0.0008139268630943386,-0.002596092486635837,-0.017343413874606695,0.05360535116939267,0.11715512175409941,0.09881759871529236
472,0.6566626289500489,0.6102322227802847,0.07174074649810791,0.044648587703704834,1,0.5531050173309583,0.6757224258999582,1,0.6163060811569305,0.6811996291052129,1,0.5446430630542435,0.5752739908682105,0.6144535487121776,0.5791528942920886,0.6493573211517003,0.38629540403857265,0.012998932418240239,0.0011908078169543534,0.006103156776604224,-0.005763053892747783,0.0014306389333195169,0.00011421269287170688,-0.005477203205254688,0.06343795570229442,0.12252814219152477,0.08163959646069863
473,0.6571795997019513,0.6250131801008039,0.06974107027053833,0.04362004995346069,1,0.550635664790797,0.683721215580545,1,0.6177116136293404,0.6762524331595696,1,0.5386940777209813,0.578890491649959,0.6012392368587144,0.5745252846349654,0.6470046103161906,0.38701165777751423,0.014780957320519206,0.001782024902278967,0.00799878968058676,-0.004947195945643301,0.0036165007817484662,-0.004627609657123166,0.007468782420975373,0.0674904854290052,0.12164803120578167,0.06467753070926599
474,0.6582885927755525,0.6408145737994875,0.06758785247802734,0.04252445697784424,1,0.5528498127737963,0.6880190632851416,1,0.6391850931776184,0.6579191989778422,1,0.5369287463175406,0.580847237011407,0.6034058432056346,0.5635075678321082,0.6443570229447156,0.3913073918986037,0.015801393698683608,0.0010204363781644021,0.004297847704596625,-0.018333234181727387,0.0019567453614479646,-0.011017716802857236,0.030099864307299384,0.09143184605882364,0.11552315852615865,0.025641994840110947
475,0.6591588357756543,0.6596213105416675,,,0,0.5568595053902713,0.6881368385102142,1,0.6763338802586695,0.6289197463741262,1,0.5366656287525163,0.5822232482287999,0.6059827469383752,0.5613486637544004,0.6436811382710483,0.3923590632098973,0.01880673674218003,0.0030053430434964223,0.00011777522507261384,-0.028999452603716058,0.0013760112173929473,-0.0021589040777078017,0.059217092136088056,0.13334462963032473,0.10619928593273455,0.035179087471496596
476,0.6603707499487391,0.6804116213498552,,,0,0.55294725090587,0.6875825415122621,1,0.6856917391066594,0.617730980536996,1,0.5320218654695392,0.5842527069791414,0.6103528068932733,0.5643633873316716,0.6476595985046953,0.3927060287909535,0.020790310808187717,0.0019835740660076873,-0.000554296997952175,-0.011188765837130132,0.0020294587503415507,0.0030147235772711722,0.06985156097526601,0.15000113239029497,0.10766257586826031,0.06760188772990132
477,0.662565778211682,0.5876620360945985,0.04237174987792969,0.03860116004943848,1,0.5394038862476763,0.6902964159429787,1,0.6979760067114553,0.6278775251811421,1,0.5270020268444657,0.5908834804716901,0.6251089781268382,0.5698923225542775,0.6501397253388305,0.39359122714370876,-0.09274958525525667,-0.11353989606344439,0.0027138744307166895,0.010146544644146105,0.006630773492548703,0.005528935222605891,0.0624188907618366,0.17041489169763693,0.16032051509091097,0.0535832981896044
478,0.6572147302937393,0.5648408036826653,0.037476956844329834,0.04157489538192749,1,0.5445785113081685,0.6905523699522644,1,0.693064045499729,0.648434003812505,1,0.5265527011293536,0.5892434652240308,0.6343436566638818,0.5733681650453571,0.6512665641102997,0.3929890112233618,-0.022821232411933234,0.06992835284332344,0.000255954009285686,0.020556478631362896,-0.0016400152476593322,0.0034758424910796837,0.04211836613975939,0.1543434826302553,0.1687907453663301,0.0909560141424735
479,0.6525536384114271,0.5503976872967962,0.03196394443511963,0.0398520827293396,1,0.5528756017847052,0.6895148403946495,1,0.6897432826321728,0.6664013865814161,1,0.5260617516891962,0.5857597800616255,0.6349466023007807,0.5741266951173727,0.6512844097072991,0.39183562639823954,-0.014443116385869148,0.008378116026064086,-0.0010375295576149357,0.017967382768911078,-0.00348368516240527,0.0007585300720155397,0.023113453813233376,0.13880559717727783,0.17114115014165845,0.12181924267118958
480,0.6488513289142945,0.5244677826136311,,,0,0.5532319235783331,0.6882083997848644,1,0.6797467652655987,0.681023221669627,1,0.5261273890619779,0.5858145063850595,0.6316915121075147,0.5738330757112534,0.6499487785402758,0.3910942903305435,-0.025929904683165028,-0.01148678829729588,-0.001306440609785131,0.01462183508821091,5.472632343395123e-05,-0.00029361940611927206,0.007185178115237334,0.12671871192409426,0.1896155594576016,0.15957485229619714
481,0.6443438269591791,0.49429152116017705,,,0,0.5496735195181487,0.688945882591584,1,0.6636335412076481,0.7012852667835928,1,0.5290173919297525,0.5865116722530507,0.6258024901868248,0.582967529656141,0.6490984112562238,0.38998338140371075,-0.03017626145345409,-0.0042463567702890614,0.0007374828067195915,0.020262045113965788,0.0006971658679911785,0.009134453944887544,-0.012339384192008862,0.11462611807833835,0.2164550473776207,0.20789060537455498
482,0.6390311325460808,0.4598689029364339,,,0,0.5502319874567343,0.6902814776211091,1,0.6220856564554265,0.7088214130789777,1,0.5357614172398238,0.5859277108510478,0.6226383929444315,0.5906833298358861,0.649807915535164,0.3897972078221813,-0.03442261822374315,-0.0042463567702890614,0.0013355950295251828,0.0075361462953849045,-0.0005839614020028971,0.007715800179745158,-0.018539935457868584,0.07420700071661399,0.24693165601319703,0.24952855841809435
483,0.6329132456749996,0.4211999279424017,,,0,0.5508265878200731,0.6913854979080652,1,0.6034302655657662,0.7045154561869996,1,0.5385235639160684,0.5866089992208587,0.6051828799749062,0.5921309024552416,0.6528306182677062,0.38730528462566316,-0.03866897499403221,-0.0042463567702890614,0.0011040202869561089,-0.004305956891978102,0.0006812883698109617,0.0014475726193554639,-0.013129958278934373,0.054217549896498296,0.2823799950695202,0.2848454575039543
484,0.6259901663459355,0.3782845961780804,,,0,0.5468914133838673,0.6923751378977803,1,0.6107258674004156,0.6980894829783417,1,0.5406675255532213,0.5897723888091548,0.6003214811521044,0.5949633388675967,0.660005504498182,0.38154861443942106,-0.042915331764321274,-0.0042463567702890614,0.0009896399897150188,-0.006425973208657898,0.003163389588296095,0.0028324364123550883,-0.005714345080561456,0.06408971258548876,0.3238973311373973,0.32016896233649217
485,0.6182618945588885,0.3311229076434701,,,0,0.5468482816973994,0.6918216411233968,1,0.618424864539464,0.6899812586920195,1,0.5414263048251009,0.5896884461828267,0.5983401509903715,0.5919264428510731,0.6655342762264959,0.37560837755951065,-0.047161688534610335,-0.0042463567702890614,-0.0005534967743834329,-0.008108224286322185,-8.394262632815952e-05,-0.0030368960165235714,0.0018403824313772965,0.07160023895798573,0.36770025895551645,0.3588583880536981
486,0.6097284303138586,0.2797148623385707,,,0,0.5482296150318219,0.6907832474337098,1,0.6230352340821651,0.6858182952955433,1,0.5409260698164049,0.5888345200769521,0.5993126540161899,0.5877549265772695,0.669101093571707,0.37534817812082144,-0.0514080453048994,-0.0042463567702890614,-0.001038393689687056,-0.00416296339647626,-0.0008539261058745362,-0.004171516273803633,0.004964952138166501,0.07497020335599575,0.4156432623125505,0.4063213866952693
487,0.6003897736108458,0.2240604602633822,,,0,0.5530809035760093,0.690104963504526,1,0.6325989199920385,0.6857394603017412,1,0.5445281236417608,0.5870313205517111,0.6035893816649169,0.5849938251386909,0.6720257689553283,0.37814658711497867,-0.055654402075188486,-0.004246356770289089,-0.0006782839291837872,-7.883499380212378e-05,-0.001803199525240995,-0.0027611014385785504,0.004365503202784837,0.07963775833706917,0.468439545923759,0.46280117565432366
488,0.5902459244498501,0.16415970141790465,,,0,0.5554983609765115,0.6864685406414986,1,0.6384969785981194,0.6866997133316922,1,0.5510964968694262,0.5845666785207038,0.6071175300717295,0.5839125116325581,0.6693674411056804,0.3804916229096543,-0.05990075884547755,-0.0042463567702890614,-0.0036364228630273443,0.0009602530299510637,-0.0024646420310073802,-0.0010813135061328305,-0.00023117269019357067,0.08299893955895202,0.5234633862061718,0.524763021065014
489,0.5792968828308716,0.10001258580213801,,,0,0.5555399192970757,0.6849531492515133,1,0.6398011289873432,0.6897807218795543,1,0.553829928348648,0.5821910926587599,0.6089999493761653,0.5844522859560991,0.6666064822887392,0.38165074717886416,-0.06414711561576664,-0.004246356770289089,-0.0015153913899853544,0.0030810085478620852,-0.002375585861943863,0.0005397743235410202,-0.00482757262804101,0.08439938931026837,0.5854228011316426,0.592863574640231
490,0.56754264875391,0.03161911341608231,,,0,0.5525582287377947,0.6826079941632833,1,0.6376752268690247,0.6908142127277849,1,0.5550229534110717,0.581298323658668,0.6089130388815528,0.5864532869099678,0.6648268630485408,0.3822407064189072,-0.0683934723860557,-0.0042463567702890614,-0.0023451550882299665,0.0010334908482305671,-0.0008927690000919419,0.0020010009538686813,-0.008206218564501544,0.08551166817458408,0.6511613131165832,0.6629153471369011
491,0.5549832222189657,-0.04102071574026245,,,0,0.5511312182369181,0.6814086891095681,1,0.6278959056875373,0.6908374226183925,1,0.5550881200190856,0.5811805777175852,0.6079779108857336,0.5887010622618918,0.6635104898494599,0.38226423917863994,-0.07263982915634476,-0.0042463567702890614,-0.0011993050537152383,2.3209890607667205e-05,-0.00011774594108271419,0.0022477753519239974,-0.00942873350882445,0.07734156873875571,0.7224396742471706,0.7354811990067348
492,0.5416186032260384,-0.11790690166689627,,,0,0.5498704055071092,0.6823314073610126,1,0.6192956449296404,0.6909319836758201,1,0.5531864982934482,0.5760798659461797,0.6080881686558237,0.5891722158320407,0.6578207894695105,0.38259170411462484,-0.07688618592663382,-0.0042463567702890614,0.0009227182514445209,9.456105742755572e-05,-0.005100711771405586,0.00047115357014893,-0.008600576314807484,0.06995594171921787,0.8002808528739975,0.812560191770598
493,0.5274487917751283,-0.19903944436381915,,,0,0.5564811092069588,0.6666293713398287,1,0.6165265880963834,0.6906785158686867,1,0.5515616361092471,0.5702096934549682,0.6082703377305475,0.5875138181661981,0.6503080057438824,0.3837930090998625,-0.08113254269692288,-0.0042463567702890614,-0.01570203602118392,-0.0002534678071334229,-0.005870172491211467,-0.001658397665842637,-0.02404914452885798,0.06468246197873294,0.8661555137140321,0.8941660374660524
494,0.5124737878662352,-0.2844183438310311,,,0,0.5753394308377768,0.6628930995991488,1,0.6127084331613941,0.6890644645832856,1,0.55085239756086,0.5705580021096096,0.6084289780077806,0.5851030676903691,0.6426451499596733,0.38375204590940243,-0.08537889946721194,-0.0042463567702890614,-0.0037362717406799195,-0.0016140512854010414,0.000348308654641416,-0.002410750475828949,-0.026171364984136858,0.04562217311566185,0.9493951021150238,0.9786295327628692
495,0.4966935914993592,-0.3740436000685321,,,0,0.58495048560152,0.6606475708070068,1,0.6124938163267802,0.6886337383745921,1,0.5463323075924623,0.5693467603250942,0.6084989568557744,0.58480944462769,0.6358763755190278,0.38498100369974597,-0.089625256237501,-0.0042463567702890614,-0.0022455287921420153,-0.0004307262086935548,-0.0012112417845153711,-0.00029362306267910476,-0.02798616756758532,0.039266533365730556,1.0384484091394977,1.0689681088370426
496,0.48010820267450033,-0.46791521307632217,,,0,0.5855625898988029,0.6592964993951149,1,0.6170929564268807,0.6889225274213131,1,0.5434820521325175,0.5675111908852626,0.6082145148477678,0.5851808156657577,0.6309741669824713,0.38524359419534043,-0.09387161300779007,-0.0042463567702890614,-0.0013510714118918354,0.00028878904672102745,-0.0018355694398316524,0.00037137103806772487,-0.02962602802619818,0.04326506153935302,1.1321337697099416,1.1649199030835873
497,0.46271762139165856,-0.5660331828544013,,,0,0.5776334326356373,0.6503900030238662,1,0.6211320562676559,0.6892569761971654,1,0.5441870755449059,0.5678769397154454,0.6079674981801833,0.5853406464142296,0.62802855658457,0.38535653144712934,-0.09811796977807913,-0.0042463567702890614,-0.00890649637124874,0.00033444877585231403,0.00036574883018281046,0.000159830748471812,-0.038866973173299235,0.05833328262265009,1.2218391918808693,1.2652464252424462
498,0.44452184765083386,-0.6683975094027694,,,0,0.5710293388738151,0.6573364386856747,1,0.6211269053200178,0.688738064018345,1,0.5458709233102799,0.5696671705441343,0.6077139364854297,0.5856652571866972,0.6250826514820004,0.3846406534423238,-0.10236432654836813,-0.004246356770289006,0.0069464356618085255,-0.0005189121788203854,0.001790230828688899,0.00032461077246759285,-0.031401625332670324,0.05912552948908867,1.331756226360405,1.3685782078636914
499,0.42552088145202627,-0.7750081927214267,,,0,0.554447341102838,0.6653776078314003,1,0.6195338952026991,0.6886599681923651,1,0.5472006756507746,0.5713557769434244,0.6079345163629275,0.5842333112361056,0.6202742554242336,0.38385643490272153,-0.1066106833186573,-0.0042463567702891725,0.008041169145725613,-7.809582597995135e-05,0.001688606399290138,-0.0014319459505915955,-0.02328236036096476,0.06912544993395679,1.446144282716044,1.4764706345801057
500,0.4057147227952358,-0.8858652328103731,,,0,0.5419509429803656,0.6696431404573335,1,0.6207977629829087,0.6887319872514784,1,0.5431227332309644,0.5722630041743592,0.6079599128721049,0.583061239835528,0.6146390491898573,0.38030799942190613,-0.11085704008894637,-0.0042463567702890614,0.0042655326259332105,7.20190591133596e-05,0.0009072272309347262,-0.0011720714005775124,-0.01908884679414491,0.08112462694178482,1.5614629701008853,1.5892190282031244
501,0.38510337168046244,-1.0009686296696085,,,0,0.5315624228388366,0.6819585683386445,1,0.6285402070016126,0.6892778830264087,1,0.5361915182196467,0.5763690793676238,0.6080226615725877,0.5846667700875865,0.6110231363396796,0.3778359125331736,-0.11510339685923543,-0.0042463567702890614,0.012315427881311014,0.0005458957749302495,0.004106075193264669,0.0016055302520584513,-0.007319314687764145,0.09725360141722511,1.6892880771088516,1.7076869638409216
502,0.3636868281077062,-1.120318383299133,,,0,0.5070100735975013,0.6950992975710196,1,0.6338674557323053,0.6896017956072985,1,0.5265555164389293,0.5855367135422151,0.6096498655188802,0.5896504043157599,0.5999451322250187,0.37766585711913453,-0.11934975362952449,-0.0042463567702890614,0.013140729232375081,0.000323912580889818,0.009167634174591321,0.004983634228173384,0.005497501963721119,0.12697644635890867,1.821066420730911,1.8299750341347039
503,0.341465092076967,-1.2439144936989466,,,0,0.49061086931633613,0.6942936647464473,1,0.64387758940849,0.687634761709544,1,0.5210853708692402,0.584968880234914,0.6152725945081607,0.5832297219039021,0.5900735350266296,0.37796708610305774,-0.12359611039981355,-0.0042463567702890614,-0.0008056328245723554,-0.0019670338977545443,-0.0005678333073011466,-0.006420682411857781,0.0066589030369033075,0.15341130492066593,1.9439380978654182,1.955079498284247
504,0.31843816358824495,-1.3717569608690492,,,0,0.4858201697911348,0.6905084659868418,1,0.6508810683002763,0.6824987680102191,1,0.5206987244413768,0.5829099218293659,0.6176806097896047,0.5775918451581653,0.5821812394881609,0.3791606489403984,-0.1278424671701026,-0.0042463567702890614,-0.0037851987596054792,-0.005135993699324826,-0.0020589584055481502,-0.005637876745736792,0.008009697976622654,0.16525512239661985,2.069046985161433,2.0809817117232594
505,0.29460604264154,-1.5038457848094409,,,0,0.4918414008887451,0.6871920153812713,1,0.6454710645671243,0.6753481067710736,1,0.5242172602723335,0.5808273357300984,0.6185906143753205,0.5767660012638741,0.5836097049783526,0.38130689614985647,-0.13208882394039168,-0.0042463567702890614,-0.003316450605570509,-0.007150661239145539,-0.0020825860992674805,-0.0008258438942911894,0.011843908610197684,0.15408553382163628,2.199897367698652,2.20725899719826
506,0.26996872923685217,-1.6401809655201216,,,0,0.5016911476129572,0.6842360640418937,1,0.6296663602883791,0.6644112513112511,1,0.5279368170073454,0.5796908265426917,0.618338131277122,0.57450458089112,0.5843001163193118,0.38326673434861996,-0.13633518071068074,-0.0042463567702890614,-0.0029559513393775383,-0.010936855459822481,-0.001136509187406709,-0.0022614203727541193,0.019824812730642627,0.12950165349957704,2.3359387420255637,2.332493873874875
507,0.24452622337418145,-1.7807625030010914,,,0,0.5170575560353474,0.6818262906751192,1,0.620331173855497,0.6520660446169545,1,0.5292296986524375,0.5863563850551013,0.6196464533615169,0.5754871476243244,0.5866140954182842,0.3844903160414915,-0.1405815374809698,-0.0042463567702890614,-0.0024097733667745036,-0.012345206694296618,0.006665558512409686,0.0009825667332044041,0.02976024605816474,0.10747610145099616,2.477623234880906,2.461683184918724
508,0.21827852505352785,-1.9255903972523503,,,0,0.5181152439326233,0.6815608429627319,1,0.6167792909043068,0.6107320628948378,1,0.5299928053138079,0.5862710430711604,0.6154492511786129,0.567204588940268,0.5863991636531644,0.38603141094685345,-0.14482789425125886,-0.0042463567702890614,-0.00026544771238734555,-0.041333981722116664,-8.534198394094528e-05,-0.008282558684056363,0.07082878006789406,0.12145497211204109,2.6243360393332296,2.5674373375470614
509,0.19122563427489137,-2.074664648273898,,,0,0.49371367293340956,0.6848287843307487,1,0.617910960273675,0.6088218917051419,1,0.529599706248225,0.5852019437146014,0.6135989328607772,0.5626527304916952,0.5841755350855214,0.3862791843952509,-0.1490742510215477,-0.004246356770288839,0.00326794136801678,-0.0019101711896959417,-0.0010690993565589668,-0.004551858448572865,0.07600689262560678,0.14560911341423988,2.7760228778091247,2.7171971547297353
510,0.16336755103827197,-2.2279852560657347,,,0,0.49306115208351137,0.686462132148745,1,0.618099685327552,0.6162221572792946,1,0.5287144134198755,0.5835994717870074,0.6129367954413582,0.5576171345187301,0.5836621509810094,0.38586617958641123,-0.15332060779183676,-0.0042463567702890614,0.001633347817996289,0.007400265574152742,-0.0016024719275939958,-0.005035595972965101,0.07023997486945033,0.14341648742554694,2.9330362168306716,2.8803293429887677
511,0.1347042753436697,-2.3855522206278605,,,0,0.4995283709499392,0.6863933975320169,1,0.6209168036901401,0.618236282291345,1,0.5271601081882211,0.582877429511986,0.6132313790336289,0.5469268943436425,0.5864080964910104,0.38515129654791624,-0.15756696456212582,-0.0042463567702890614,-6.873461672807224e-05,0.0020141250120503384,-0.0007220422750214839,-0.010690240175087573,0.06815711524067192,0.13921402214235648,3.0935330128619287,3.0428848142824383
512,0.10523580719108451,-2.5473655419602754,,,0,0.5021529340489341,0.6860278325737533,1,0.6235721848267743,0.6281324532964314,1,0.5259163257350145,0.582649976219795,0.6145546400326712,0.544588415357771,0.584627472878592,0.38543167523559263,-0.16181332133241488,-0.0042463567702890614,-0.0003655649582635645,0.00989617100508644,-0.0002274532921909822,-0.0023384789858714727,0.05789537927732191,0.13451583327295344,3.257664181599086,3.217523911062644
513,0.07496214658051643,-2.7134252200629794,,,0,0.5049040109271067,0.6858931038513562,1,0.6225689796468488,0.6439884724656234,1,0.5249709318768694,0.5827236250880976,0.6163606656271317,0.5508985712938756,0.5821062758712776,0.38555250508915945,-0.16605967810270394,-0.0042463567702890614,-0.00013472872239717049,0.015856019169191993,7.364886830263373e-05,0.006310155936104622,0.04190463138573275,0.12490413522134494,3.4263997247865854,3.4017789384966632
514,0.04388329351196546,-2.8837312549359724,,,0,0.5037421324095935,0.6857564070854644,1,0.6212655862643578,0.6511144450108287,1,0.5249751486909396,0.5829670758529423,0.6178831020120835,0.5591704165103633,0.5817914703696835,0.3854589013260489,-0.170306034872993,-0.0042463567702890614,-0.00013669676589178614,0.007125972545205306,0.000243450764844666,0.008271845216487606,0.03464196207463566,0.1225227641801041,3.5989876800338645,3.581690164491675
515,0.01199924798543159,-3.0582836465792544,,,0,0.5128066391168108,0.6857229095246676,1,0.6160635420586648,0.6684543110300873,1,0.5255217792508724,0.5817056990368376,0.6158319442468088,0.568647017223914,0.5814628417046949,0.38473114498655675,-0.17455239164328207,-0.0042463567702890614,-3.3497560796735826e-05,0.017339866019258632,-0.00126137681610472,0.00947660071355072,0.01726859849458029,0.10469093799900003,3.777352662270359,3.7753767329977075
516,-0.02068998999908518,-3.2370823949928256,,,0,0.5181847227337462,0.6853745495396159,1,0.6096249151475964,0.6756626262045028,1,0.5259864225928726,0.5811584243821143,0.6103777492216671,0.5750957111938669,0.5823551066735322,0.3838633223880801,-0.17879874841357113,-0.0042463567702890614,-0.00034835998505178267,0.007208315174415447,-0.0005472746547232621,0.006448693969952957,0.00971192333511306,0.09195450094230882,3.9592997408296418,3.9631894328374657
517,-0.05418442044158485,-3.4201275001766858,,,0,0.5272470666599379,0.6834534048189428,1,0.6031307236783015,0.6856099995020578,1,0.5284694221471274,0.5855458430821249,0.597948433510508,0.5992242819054406,0.5831350147802027,0.3838190438949777,-0.1830451051838602,-0.0042463567702890614,-0.0019211447206730625,0.009947373297555018,0.004387418700010581,0.024128570711573705,-0.0021565946831150207,0.07591429577561706,4.144567386113758,4.1580215986641536
518,-0.08848404334206741,-3.607418962130835,,,0,0.5274910903685629,0.6806176121331152,1,0.5988738867606208,0.6838470254894379,1,0.5325625759074236,0.5875131546754216,0.5941901050902426,0.6024364849898981,0.5901781981058302,0.38412328843138993,-0.18729146195414925,-0.0042463567702890614,-0.002835792685827565,-0.0017629740126199334,0.001967311593296772,0.0032122030844574656,-0.0032294133563226524,0.07145580964047633,4.332052980698083,4.345966486361998
519,-0.12358885870053288,-3.7989567808552733,,,0,0.5261498235673735,0.6789058914710109,1,0.5938022690209317,0.6791815608101013,1,0.5347210472766625,0.5869790270296524,0.5954903838057649,0.5975805267318514,0.5986753168282315,0.38510956261921875,-0.1915378187244383,-0.0042463567702890614,-0.0017117206621043435,-0.004665464679336595,-0.0005341276457692112,-0.004855958258046744,-0.0002756693390904008,0.06765300709821538,4.524755735666659,4.5352368226176445
520,-0.15949886651698122,-3.9947409563500007,,,0,0.5228570704612334,0.6789935556135709,1,0.5924795964742186,0.672485450837027,1,0.5342332044294783,0.5857938469274668,0.5964441224382339,0.5901192616711979,0.6028970070450917,0.38555656979162284,-0.19578417549472737,-0.0042463567702890614,8.766414256000665e-05,-0.006696109973074238,-0.0011851801021856012,-0.007461265060653477,0.006508104776543844,0.06992604347602732,4.723283170957336,4.72741725942893
521,-0.19621406679141248,-4.194771488615018,,,0,0.52456001820444,0.6757334516338035,1,0.5980171504109618,0.6703605439119354,1,0.5328289253083429,0.5849694267703239,0.5992566621698259,0.5829387340993496,0.6100411231874012,0.387491331299148,-0.20003053226501732,-0.00424635677028995,-0.0032601039797673925,-0.0021249069250915964,-0.0008244201571429022,-0.007180527571848283,0.005372907721868048,0.07365336658560923,4.923548888209579,4.92953475698251
522,-0.23373445952382663,-4.399048377650324,,,0,0.5230607769612937,0.6758000129913616,1,0.6016432008432999,0.6697408024470012,1,0.5317521195087115,0.5847031645911569,0.6000167209863894,0.5808271933446943,0.6126058866791547,0.3895984027378844,-0.20427688903530594,-0.004246356770288617,6.656135755811476e-05,-0.0006197414649342647,-0.00026626217916703165,-0.00211154075465525,0.006059210544360427,0.07881567975721701,5.130967278980161,5.137166494061893
523,-0.2720600447142237,-4.607571623455919,,,0,0.5256528778292969,0.6756582430412544,1,0.602703030478986,0.6700468848511135,1,0.5325787067989988,0.5846275419738364,0.5964174450535715,0.5829859690872458,0.6116899705028955,0.39369529792671204,-0.208523245805595,-0.0042463567702890614,-0.00014176995010717341,0.00030608240411234,-7.562261732052544e-05,0.002158775742551411,0.005611358190140914,0.07725421259762116,5.3431136736027485,5.349623122888792
524,-0.31119082236260365,-4.820341226031803,,,0,0.5322973136784998,0.6757761443013282,1,0.6035905526728302,0.6729328237488785,1,0.5387005209401247,0.5843877492099774,0.5960106465456542,0.5855634111994117,0.6095400456033068,0.396076177803726,-0.21276960257588406,-0.0042463567702890614,0.00011790126007371615,0.002885938897765006,-0.0002397927638589925,0.0025774421121659286,0.002843320552449624,0.07134991519312905,5.560465662525007,5.568921327340292
525,-0.3511267924689665,-5.037357185377976,,,0,0.5402562122844062,0.6707992105823164,1,0.6034122992642845,0.6745546983904002,1,0.5502592319823846,0.5824228686361894,0.5966474572579182,0.586403847477531,0.605433109080572,0.39603358151468343,-0.21701595934617313,-0.0042463567702890614,-0.004976933719011756,0.0016218746415216367,-0.0019648805737879638,0.0008404362781193608,-0.0037554878080837684,0.06326764584909586,5.777336159676495,5.791120983504087
526,-0.3918679550333123,-5.258619501494438,,,0,0.5559169336126089,0.6696114446024312,1,0.6014733234187194,0.6759562851126882,1,0.5605269598307039,0.5807406863748981,0.5975249589092221,0.5877810962412385,0.6039207007944237,0.39716609151755905,-0.2212623161164622,-0.0042463567702890614,-0.0011877659798852358,0.001401586722288073,-0.001682182261291354,0.0013772487637074837,-0.006344840510257077,0.045996104761891435,6.003517164579955,6.017135253794808
527,-0.43341431005564096,-5.48412817438119,,,0,0.5607193010077189,0.6699400666091327,1,0.6027045160005177,0.6758099598979574,1,0.5617356714547151,0.579259303833377,0.5980461729961447,0.5875645986627844,0.6033835136973718,0.3955426186102157,-0.22550867288675125,-0.0042463567702890614,0.00032862200670158437,-0.0001463252147307914,-0.0014813825415210813,-0.00021649757845410011,-0.005869893288824701,0.042393559949757936,6.233847732453175,6.246469405980826
528,-0.4757658575359525,-5.71388320403823,,,0,0.5626929403718621,0.6702264191843026,1,0.6031870990861429,0.6752392439968742,1,0.5609975178811223,0.5780614109724941,0.5980598837992991,0.5871453830718575,0.6051105673228759,0.39430348845894386,-0.2297550296570403,-0.0042463567702890614,0.0002863525751698459,-0.000570715901083263,-0.0011978928608828987,-0.0004192155909269468,-0.005012824812571592,0.04080325112756204,6.468017652749156,6.479585259766989
529,-0.518922597474247,-5.947884590465559,,,0,0.5689631377190317,0.6708199916822156,1,0.6034420155344141,0.6753718418491306,1,0.5555928896453378,0.5773025358360068,0.5979475549414097,0.5867768097533343,0.6057028261738818,0.396863354684472,-0.23400138642732937,-0.0042463567702890614,0.0005935724979130308,0.00013259785225638865,-0.0007588751364873136,-0.00036857331852313546,-0.00455185016691495,0.034778044156480566,6.70751412362143,6.717680261275614
530,-0.5628845298705243,-6.186132333663178,,,0,0.5783679156446497,0.6708012004650501,1,0.6088348809598585,0.675293994948027,1,0.551215931331146,0.5782580743995391,0.5988631457973855,0.5865257638718011,0.6082893880327076,0.39765074344677925,-0.23824774319761843,-0.0042463567702890614,-1.8791217165525786e-05,-7.784690110357317e-05,0.0009555385635323654,-0.0002510458815332406,-0.004492794482976903,0.03079644748642936,6.951258492952667,6.960754100000641
531,-0.6076516547247844,-6.428626433631085,,,0,0.5831569825555445,0.6638766299580904,1,0.6095799568592754,0.6749695277312866,1,0.5495009085132435,0.577804502527212,0.5990433187700192,0.5857652851772275,0.6053997359407545,0.3982063242076669,-0.2424940999679075,-0.0042463567702890614,-0.006924570506959715,-0.00032446721674039836,-0.0004535718723270854,-0.0007604786945736297,-0.01109289777319622,0.028657040183211576,7.191774809992543,7.207130384454226
532,-0.6532239720370275,-6.675366890369282,,,0,0.5875586366513562,0.6595977439073966,1,0.6134461638513367,0.6747061516446693,1,0.5490788793307757,0.5782577140839894,0.598879167590071,0.5840509390192928,0.599643115937593,0.398068295102114,-0.24674045673819656,-0.0042463567702890614,-0.00427888605069382,-0.00026337608661730627,0.00045321155677735536,-0.001714346157934643,-0.015108407737272733,0.029973789364800205,7.4391698238521995,7.458419869924974
533,-0.6996014818072536,-6.926353703877767,,,0,0.5779806626465411,0.657107679561116,1,0.6103634308528012,0.6724318652229,1,0.547071341664423,0.5769495808290317,0.5986827175644266,0.5821210937148515,0.5919062097252975,0.3976396970571769,-0.2509868135084856,-0.0042463567702890614,-0.0024900643462805183,-0.0022742864217693004,-0.0013081332549577107,-0.001929845304441291,-0.015324185661783951,0.035825610153871666,7.690325265548651,7.710872207316952
534,-0.7467841840354624,-7.181586874156542,,,0,0.5670659954336651,0.6561353127136648,1,0.6041280268828451,0.672114073657835,1,0.5403896588528804,0.576538251330923,0.5985554268810354,0.582327003534539,0.5916648930620043,0.3976185935469672,-0.2552331702787747,-0.0042463567702890614,-0.0009723668474512781,-0.000317791565064951,-0.00041132949810873676,0.00020590981968748867,-0.015978760944170278,0.040359818835705226,7.947080682404612,7.969038987187139
535,-0.7947720787216542,-7.441066401205606,,,0,0.5642511657306738,0.6600919028757404,1,0.595605680947293,0.6726495556817098,1,0.5394367483711476,0.5767593593541367,0.5998267471738538,0.5829419900601847,0.5941945467598858,0.39834180828377874,-0.25947952704906374,-0.0042463567702890614,0.003956590162075613,0.0005354820238747671,0.00022110802321373413,0.0006149865256456222,-0.012557652805969433,0.033775734906356665,8.214359990087353,8.231982564584905
536,0.6375926522889763,0.6506548496442199,0.048209965229034424,0.038187623023986816,1,0.5357122877956111,0.6654695908547607,1,0.5950757890512042,0.675019579372972,1,0.5340585668016167,0.5753867536280728,0.599015675037519,0.5837097316603621,0.5968044303561981,0.3987451772942658,8.091721250849826,8.351200777898889,0.005377687979020274,0.0023700236912621575,-0.0013726057260639024,0.0007677416001774517,-0.009549988518211316,0.06012676244419592,0.10295185878087025,0.04900330309616439
537,0.6351923355205413,0.5647474186478363,0.05223637819290161,0.03606903553009033,1,0.5096458184943091,0.6670448942839963,1,0.6036443425967601,0.6759943531631054,1,0.5296863521789056,0.5769904777452717,0.5930029642561269,0.5863960096234058,0.5980431268273798,0.3996928368883383,-0.08590743099638365,-8.17762868184621,0.0015753034292356194,0.000974773790133443,0.0016037241171988903,0.0026862779630436595,-0.00894945887910914,0.09442359529094373,0.1619466006402998,0.11563371608905218
538,0.6396981438019766,0.5562560874623359,,,0,0.4982646351714311,0.6665927404478029,1,0.6145016362450572,0.6758535098587767,1,0.5239310651555876,0.5814332867616673,0.591554629109033,0.5901468043764598,0.5974133575770313,0.40044912354188184,-0.008491331185500384,0.07741609981088327,-0.0004521538361933475,-0.0001408433043287305,0.004442809016395599,0.0037507947530540653,-0.009260769410973757,0.11660532693094845,0.1793811984450488,0.12222277789732394
539,0.6442739676409883,0.5458022906523292,,,0,0.5009977077283476,0.6655223729172862,1,0.6159547204557333,0.6733882996309994,1,0.5176309678370512,0.5825176069418324,0.595521128605554,0.5911891817417645,0.5971499309537047,0.40281264862841304,-0.010453796810006688,-0.0019624656245063044,-0.0010703675305167026,-0.002465210227777237,0.0010843201801651325,0.0010423773653046586,-0.007865926713713223,0.11522581125021346,0.18671096580566082,0.13069112230080854
540,0.6580997433871099,0.556555582888256,0.05466371774673462,0.03554290533065796,1,0.5169350408941594,0.6642237133732164,1,0.6224478950751016,0.6723414559268178,1,0.5213380642087176,0.5814229314330059,0.6101986838806701,0.588195544930521,0.5969872741948491,0.40417341517146693,0.010753292235926803,0.02120708904593349,-0.0012986595440698245,-0.0010468437041816214,-0.0010946755088264704,-0.0029936368112435385,-0.008117742553601426,0.10582466698069647,0.17753844527890195,0.1211504134675751
541,0.6663547773978734,0.5577215267106606,0.05419641733169556,0.034655630588531494,1,0.5211051795346805,0.6652454880510292,1,0.6286953282844284,0.6719970958158955,1,0.5240503767824827,0.5802098856261827,0.6278553630533807,0.5793920977871153,0.5983849260318744,0.40844567623781325,0.001165943822404536,-0.009587348413522268,0.0010217746778128367,-0.0003443601109223149,-0.001213045806823243,-0.00880344714340564,-0.006751607764866274,0.10780178252423978,0.1807175916775795,0.1203209865395621
542,0.6718958695661996,0.5632962709714091,0.05395090579986572,0.03476452827453613,1,0.5192691993544258,0.6668269867785661,1,0.6419184342601558,0.6690535000162795,1,0.5259851388893086,0.5794481644943474,0.6421354226260293,0.5742802440792807,0.5983938117045444,0.4117837405088511,0.005574744260748554,0.004408800438344018,0.0015814987275368786,-0.0029435957996160056,-0.0007617211318352579,-0.005111853707834624,-0.00222651323771339,0.12266944274821928,0.18442751848755073,0.10992378324446998
543,0.6772986603494261,0.5714029062019574,0.05467730760574341,0.034002065658569336,1,0.5222131860250738,0.6681800261798496,1,0.6542672819794297,0.6612080405163964,1,0.5275906456013115,0.5800680810961666,0.6488305630381751,0.569388439772829,0.5985909080411892,0.41443671134816845,0.008106635230548331,0.002531890969799777,0.0013530394012835067,-0.007845459499883134,0.0006199166018191482,-0.0048918043064516414,0.006971985663453251,0.13223801587445888,0.18280403523342875,0.09271141536432476
544,0.6805207004166515,0.580290299774067,0.05737191438674927,0.03610783815383911,1,0.525996649703921,0.6680292089721469,1,0.6729791292570724,0.6475063123443006,1,0.5279650950189351,0.5811485145358072,0.6517013832683546,0.5621994763902165,0.5983252350412638,0.41465659464111193,0.008887393572109548,0.0007807583415612163,-0.00015081720770271367,-0.013701728172095806,0.0010804334396405935,-0.007188963382612545,0.020522896627846343,0.14840835078118017,0.1776958030903921,0.06763776786231782
545,0.6865952730250371,0.5927430318114681,0.05563586950302124,0.03665238618850708,1,0.527307771384691,0.6681474502560787,1,0.6909992337073061,0.6323274788352125,1,0.5277284706311479,0.5821410910577535,0.6487643749760356,0.5602315588075272,0.6015533667467664,0.41343631738252207,0.01245273203740116,0.003565338465291612,0.0001182412839317859,-0.015178833509088108,0.0009925765219462868,-0.001967917582689327,0.03581997142086624,0.16756480892451076,0.1762337496048733,0.03982867454318045
546,0.6941397624786178,0.6003002549140107,0.05273890495300293,0.03309696912765503,1,0.5249174592781009,0.6681642930270829,1,0.699463935029991,0.6124935418933153,1,0.5266060135371707,0.5836266914468266,0.6454041008074928,0.5623703950093213,0.6089067254682525,0.4161163565567714,0.007557223102542587,-0.004895508934858572,1.6842771004221824e-05,-0.019833936941897168,0.001485600389073083,0.0021388362017941143,0.055670751133767626,0.183209455894621,0.18232310761255738,0.013305001342219954
547,0.7003293739026383,0.6127381033591032,,,0,0.5231751715565143,0.6674912169581796,1,0.7132003595179437,0.5831073434171871,1,0.5247780858058614,0.585403893085764,0.637658759020265,0.5568953411617021,0.6088588468501106,0.4178275333132095,0.012437848445092436,0.004880625342549849,-0.0006730760689033222,-0.029386198476128222,0.0017772016389374645,-0.005475053847619149,0.08438387354099253,0.20791875858988482,0.1854225306096452,0.03230548259111539
548,0.7065608645171421,0.6268407776492563,,,0,0.5220880266432945,0.6671007718360464,1,0.7129631396625735,0.5715880753550984,1,0.5226272307754518,0.5868258664357521,0.6315645820778198,0.5573927951709667,0.6074255308222858,0.4156705053191629,0.014102674290153105,0.001664825845060669,-0.00039044512213315397,-0.011519268062088694,0.0014219733499880594,0.0004974540092645974,0.09551269648094807,0.21343847815983008,0.18881497569088962,0.055622389717133264
549,0.7128342343221291,0.64260827778447,,,0,0.5217047120110732,0.6668043835044662,1,0.7233655316937222,0.5987802938557123,1,0.5207499940622105,0.5868077846506647,0.6317977949929656,0.5631660563457599,0.6091069970680343,0.4134564805229335,0.015767500135213774,0.001664825845060669,-0.0002963883315801885,0.02719221850061393,-1.8081785087331603e-05,0.005773261174793154,0.06802408964875395,0.21282472358168258,0.1926549917102219,0.045075496664910654
550,0.7044454279294877,0.551126649618575,0.06293594837188721,0.0338706374168396,1,0.5219147867436111,0.6669015194655783,1,0.709740078534576,0.6226877498485925,1,0.5213107935757122,0.5827948890095079,0.638454468170844,0.5639599795459581,0.612672537824126,0.4126835806056265,-0.091481628165895,-0.10724912830110878,9.713596111204925e-05,0.023907455992880244,-0.004012895641156811,0.000793923200198221,0.044213769616985754,0.19295905695277685,0.21615100152397576,0.0717567027612095
551,0.706881502376172,0.5420908262255456,0.062458932399749756,0.034156084060668945,1,0.5222346339925882,0.6664149533884469,1,0.6958547392828816,0.6363284667604745,1,0.5223993948215201,0.5794873698746218,0.6405898309725718,0.5614911080783129,0.6152193152522599,0.41249461912437957,-0.00903582339302944,0.08244580477286556,-0.00048656607713137845,0.013640716911881956,-0.003307519134886139,-0.002468871467645184,0.03008648662797242,0.17620765488090384,0.22260043710352811,0.09488056912722448
552,0.7108762394297983,0.5394559931951082,0.06422191858291626,0.035183727741241455,1,0.5224789317887476,0.6660416499808176,1,0.6848255735270112,0.6455558661775007,1,0.523973538836378,0.5792515976040867,0.6403124435788862,0.5621983126820536,0.6235490002338601,0.4126839642104846,-0.0026348330304374334,0.006400990362592007,-0.0003733034076293107,0.009227399417026216,-0.00023577227053506178,0.0007072046037406299,0.020485783803316893,0.16363404114587027,0.22697461098163846,0.10925117958566151
553,0.7160455890730125,0.5373794686639836,0.06569164991378784,0.036587655544281006,1,0.5252735897222021,0.6657925554250484,1,0.6737860305470356,0.6644064635979231,1,0.5265132279390985,0.5811122406847883,0.6398689496264507,0.5630773402117668,0.6281122948950421,0.41295644357091194,-0.0020765245311246128,0.0005583084993128207,-0.0002490945557691582,0.018850597420422388,0.0018606430807015517,0.0008790275297132499,0.0013860918271253464,0.14851890899916714,0.2299649464327344,0.13387205731129098
554,0.7204942564133205,0.536905344494102,0.06574141979217529,0.037624478340148926,1,0.5313198426038004,0.6646987446679967,1,0.6457686233486021,0.6802278656020858,1,0.5313767359836357,0.5823546115489798,0.6287285311845471,0.5767125598819053,0.6313923473346323,0.4131397913217843,-0.00047412416988157347,0.0016024003612430393,-0.0010938107570517275,0.01582140200416271,0.0012423708641915443,0.013635219670138476,-0.015529120934089091,0.11549751950131767,0.2282939157493707,0.16163311942071593
555,0.7244850749201582,0.5382690517633157,0.06595814228057861,0.03808504343032837,1,0.5408059605055383,0.6645159242120566,1,0.598932514242168,0.6789199535422838,1,0.5366462296800958,0.5829380318501487,0.6117069524527277,0.5861794755238648,0.6331398602990312,0.41286984013974076,0.0013637072692137542,0.0018378314390953276,-0.00018282045594009144,-0.0013079120598019633,0.0005834203011688688,0.009466915641959561,-0.01440402933022722,0.05988465838796563,0.2228817845298886,0.1885367912743753
556,0.7277400634543584,0.5409378438749871,0.06579530239105225,0.038098931312561035,1,0.547554441856207,0.6649203835520356,1,0.5919572199298337,0.6788618609649628,1,0.5538600360770289,0.5831633706023084,0.5820598324176942,0.5935637730528646,0.6331512928327083,0.41367283128391585,0.0026687921116713698,0.0013050848424576156,0.00040445933997901307,-5.80925773210339e-05,0.00022533875215968724,0.007384297528999717,-0.013941477412927172,0.04653999885164268,0.21872020568635878,0.19354589917082057
557,0.7306520018760979,0.5450456497031628,0.06537610292434692,0.03755992650985718,1,0.5490906318173255,0.6672146116448096,1,0.5936595531717938,0.6665918559755515,1,0.5716608282165744,0.5830232552282782,0.5738280223533649,0.5928650921670207,0.6377409977045708,0.41431010691501274,0.004107805828175715,0.0014390137165043448,0.002294228092773909,-0.012270004989411332,-0.0001401153740301364,-0.0006986808858439053,0.0006227556692580682,0.04457327198360432,0.2188373513811525,0.18314041405766085
558,0.734488990278286,0.5497728643086603,0.06439059972763062,0.03660041093826294,1,0.5556507075108722,0.6677603667086125,1,0.6088484750058101,0.6585234528126398,1,0.6026341168330981,0.5810336865660944,0.5887779947681541,0.5844406997405622,0.6440739679425281,0.4145371422674203,0.004727214605497521,0.000619408777321806,0.000545755063802944,-0.008068403162911686,-0.001989568662183805,-0.008424392426458427,0.009236913895972698,0.05399373153216105,0.21425261283302044,0.16616927988619049
559,0.7389622360636305,0.555137907120419,0.06587338447570801,0.035919010639190674,1,0.5704044644217587,0.6548005729696991,1,0.6300711254018244,0.6586123770631362,1,0.6260951812740133,0.574757700606115,0.6066110039853528,0.5784557761534805,0.644936483743779,0.4165262420704165,0.005365042811758647,0.0006378282062611262,-0.012959793738913428,8.892425049644714e-05,-0.006275985959979469,-0.005984923587081692,-0.0038118040934371766,0.0597882955348021,0.19581718347749427,0.15021398041157155
560,0.7440086615173724,0.5605315210830506,0.062370896339416504,0.033274292945861816,1,0.6130876670685763,0.6378791794380454,1,0.6180503690978345,0.6565613201604589,1,0.6391324562903374,0.5698565785538082,0.613741933234602,0.5758186253697872,0.6494509725742007,0.41877644392771257,0.005393613962631605,2.857115087295803e-05,-0.016921393531653672,-0.002051056902677373,-0.00490112205230675,-0.0026371507836933095,-0.018682140722413476,0.01933004897570783,0.15206237878075793,0.15838943695869756
561,0.7481897039795041,0.5711492848408858,0.06231427192687988,0.03501927852630615,1,0.6453125349802704,0.6431994669252092,1,0.6106362706195274,0.6570287977637939,1,0.6279602184572829,0.5718735734359971,0.6366085226423778,0.5738377503553491,0.6590972491591639,0.42018089032446165,0.010617763757835186,0.005224149795203581,0.005320287487163844,0.000467477603334987,0.0020169948821888717,-0.0019808750144381104,-0.01382933083858462,0.037332207294227364,0.12559833056088388,0.16216114753230346
562,0.7512250460030422,0.5841523580991568,0.062376976013183594,0.03635597229003906,1,0.6733730889472073,0.6513127593051669,1,0.6624648046789424,0.6523723857792479,1,0.60340344724363,0.575069732196659,0.6637815441317808,0.565660383703685,0.6655783081539284,0.42086881785468644,0.013003073258270992,0.002385309500435806,0.008113292379957615,-0.004656411984545916,0.003196158760661927,-0.00817736665166413,-0.001059626474081088,0.01095962927939845,0.1028175408555165,0.11194799067685329
563,0.7535276996649806,0.5989236115912883,0.06274032592773438,0.03632628917694092,1,0.6833642617164548,0.6630380667828631,1,0.7502892620288537,0.6351294979488648,1,0.5929274649968224,0.5782253075652696,0.6797445493408573,0.5603498761366564,0.670234432567044,0.42088387332895427,0.014771253492131486,0.0017681802338604946,0.01172530747769629,-0.01724288783038319,0.0031555753686105525,-0.005310507567028555,0.027908568833998393,0.07251099145079054,0.09504510186889742,0.0363504289556647
564,0.755708376696882,0.6154898699502049,0.06289792060852051,0.03597289323806763,1,0.6592767937856289,0.6688602395216972,1,0.8119512973274468,0.6111788745335447,1,0.5900624843689808,0.5810983550297051,0.6807173194258159,0.5602012202835,0.6727615309828296,0.42173540692905015,0.016566258358916675,0.0017950048667851881,0.005822172738834008,-0.02395062341532006,0.0028730474644355075,-0.00014865585315648744,0.05768136498815246,0.1632073647193564,0.11021545504586705,0.0564078966328162
565,0.759578003166859,0.6160021862479363,0.06391680240631104,0.03520703315734863,1,0.765081177818242,0.6373310664908309,1,0.7126850796983412,0.6337024006217081,1,0.6276849894697589,0.5766454157599442,0.6288352722758348,0.5693528141879609,0.673149262484996,0.42382432526413744,0.0005123162977314077,-0.016053942061185267,-0.03152917303086622,0.022523526088163437,-0.004452939269760869,0.009151593904460964,0.0036286658691228046,0.052521598549358874,0.022027393483101083,0.050122289056883124
566,0.7610052951302733,0.5956721258051256,0.0654723048210144,0.03653919696807861,1,0.8353762058804172,0.5904650542831972,1,0.6126110612010612,0.6584178604203867,1,0.6559384383192921,0.5599757299283797,0.5955837724056012,0.5758012242634385,0.675525543169921,0.4252584799916896,-0.020330060442810716,-0.020842376740542123,-0.046866012207633756,0.02471545979867862,-0.016669685831564474,0.006448410075477584,-0.06795280613718957,0.23289889125097366,0.07455297418373293,0.16111448065225695
567,0.7585713903777119,0.5587742400301328,0.06504285335540771,0.036602139472961426,1,0.6632691336444146,0.6452457107702512,1,0.7571385978373018,0.6301915840926154,1,0.6361437189849278,0.5768727853824741,0.6539260598430162,0.5736281049212664,0.6818591208475736,0.42651361817898886,-0.03689788577499287,-0.01656782533218215,0.05478065648705399,-0.028226276327771305,0.016897055454094367,-0.002173119342172125,0.015054126677635726,0.0950689383441617,0.12868502395546447,0.0714317151369256
568,0.7562591201777731,0.5383954345708993,0.06412029266357422,0.03530627489089966,1,0.5885660518837316,0.6788782759632395,1,0.7632084525341178,0.6299066261168851,1,0.6297055052901577,0.5830892604475771,0.6647527328602018,0.5738062527474737,0.685705853421766,0.42561787955846037,-0.02037880545923343,0.016519080315759438,0.033632565192988295,-0.00028495797573035997,0.006216475065103033,0.00017814782620728664,0.04897164984635438,0.18137858361340234,0.2187610428744923,0.09177467732640107
569,0.7542962016741224,0.5294226658045219,0.06441891193389893,0.035816311836242676,1,0.6894229658596301,0.6600930507121462,1,0.6846226142160329,0.6594497159586434,1,0.6581035954327513,0.5808606033580714,0.6432060808197136,0.5811693140140983,0.6833876323936754,0.42394012498381756,-0.008972768766377426,0.011406036692856003,-0.018785225251093274,0.029543089841758352,-0.0022286570895057034,0.007363061266624671,0.0006433347535027556,0.004843269093004377,0.14588792347877666,0.14751760085177118
570,0.7540377645826621,0.5272403902102653,0.06564432382583618,0.038175344467163086,1,0.6761161703816393,0.6733646609121777,1,0.716751374781438,0.6637387252961705,1,0.6410819856411221,0.5811701430384131,0.6749079398454568,0.5722013738138184,0.6849390096980716,0.42027692608088385,-0.002182275594256655,0.006790493172120771,0.013271610200031536,0.004289009337527072,0.0003095396803416417,-0.008967940200279911,0.00962593561600722,0.04175977098951739,0.16560216584028928,0.14149936517749082
571,0.7543138545199698,0.5272458925637735,0.06617069244384766,0.038593828678131104,1,0.7080205949417657,0.6692319944192884,1,0.6126338933384302,0.6763767607471772,1,0.6757653121657342,0.5682584132493654,0.6207163068719866,0.5702318196940735,0.6869638966026251,0.4177914230592771,5.502353508268776e-06,0.002187777947764924,-0.0041326664928893475,0.012638035451006724,-0.012911729789047643,-0.001969554119744865,-0.007144766327888852,0.09565391015867518,0.14934228805833805,0.2057017920328802
572,0.7562843735279218,0.5277645219157787,0.06631749868392944,0.03883218765258789,1,0.701040826757217,0.6617422343550385,1,0.6000197354893823,0.6742062564769675,1,0.6743284466990285,0.5664988786651173,0.6082596059329743,0.5718112787735914,0.6899592652434905,0.41624803621099354,0.0005186293520051954,0.0005131269984969267,-0.00748976006424984,-0.0021705042702097055,-0.001759534584248157,0.001579459079517842,-0.012464022121928986,0.10178709509756202,0.14492024320385347,0.2141583963392644
573,0.7580208733240129,0.5282719835004382,0.06653904914855957,0.03920978307723999,1,0.6622489789502107,0.6568033609215698,1,0.5995479260646129,0.6667300205379807,1,0.6613462707484677,0.5688912355610541,0.61535524054934,0.5751204953090547,0.696201308774259,0.4142673368784746,0.0005074615846595298,-1.1167767345665602e-05,-0.004938873433468771,-0.0074762359389868305,0.0023923568959368646,0.003309216535463344,-0.009926659616410927,0.06348197070115746,0.16028902249910965,0.2104383592251423
574,0.7591155612553449,0.5291166732398457,0.06738060712814331,0.03840678930282593,1,0.643862227350453,0.6573837564708355,1,0.6137465755446871,0.6623270918561402,1,0.6509982432140167,0.5745946601418739,0.6346819368691314,0.5765765448545213,0.7008167246927687,0.41273333704929005,0.0008446897394074337,0.0003372281547479039,0.0005803955492656998,-0.004402928681840446,0.005703424580819738,0.00145604954546652,-0.004943335385304781,0.030518667212342872,0.17244064374960494,0.19717291303440704
575,0.7582615013011514,0.5308963275384381,0.06736767292022705,0.03858464956283569,1,0.6462931424025551,0.6589870645541599,1,0.63170551226879,0.6574786359428995,1,0.653478565193038,0.576823472432454,0.6584901182180741,0.5765379047929182,0.6996103667939421,0.41382826389018074,0.0017796542985923924,0.0009349645591849587,0.0016033080833244284,-0.00484845591324079,0.00222881229058014,-3.864006160303468e-05,0.0015084286112604373,0.0146654120226743,0.170129804278015,0.17899580766308848
576,0.7556947957566347,0.5342113256486417,0.06643778085708618,0.03876465559005737,1,0.654806976996551,0.6608166368540573,1,0.6546601979139344,0.6553875914288988,1,0.6573620097305329,0.5761808565649805,0.6820415694471189,0.5654172705991656,0.698174169369337,0.4153871787599354,0.0033149981102036374,0.001535343811611245,0.0018295722998974417,-0.0020910445140006617,-0.000642615867473495,-0.011120634193752643,0.005429045425158541,0.0054310292143873295,0.16188655533918692,0.15777096484994851
577,0.7539669116251528,0.5426483364906449,0.06775170564651489,0.03912872076034546,1,0.6697847502812461,0.6592580171266054,1,0.66696887436433,0.6414965686947092,1,0.6601772517799627,0.5776365897339367,0.6890019072581084,0.542083419191395,0.6953702092966013,0.416582816163403,0.008437010842003212,0.0051220127317995745,-0.0015586197274519709,-0.013891022734189629,0.001455733168956197,-0.023333851407770556,0.0177614484318962,0.017983275774407052,0.14382090914242004,0.1316800345424625
578,0.7533496200504711,0.552863378517818,0.06777238845825195,0.039185285568237305,1,0.690394269675401,0.6534511336788847,1,0.6975609458475748,0.627175783952358,1,0.658604939890621,0.5780314626000735,0.6868337450189034,0.5297500221382132,0.6941645430561885,0.4170197093867519,0.010215042027173049,0.0017780311851698372,-0.005806883447720623,-0.014320784742351211,0.0003948728661368195,-0.012333397053181816,0.026275349726526787,0.027235184056805917,0.11866453821251975,0.09292313904934744
579,0.7536677424628999,0.5625657585662519,0.06638026237487793,0.03695255517959595,1,0.6924278271516043,0.6529609843173062,1,0.7385341012737363,0.6094568829119205,1,0.6560453813555523,0.5773422202897495,0.6762490118378007,0.5242077973344629,0.6960810994735619,0.41699291344871103,0.009702380048433934,-0.0005126619787391151,-0.0004901493615785402,-0.017718901040437496,-0.0006892423103240786,-0.0055422248037503286,0.04350410140538574,0.06339081441751054,0.10918618990476188,0.04927275756483799
580,0.7543976684453292,0.5754039339508301,0.0677415132522583,0.03762537240982056,1,0.6789972709661207,0.6514357645326455,1,0.7713262510196169,0.5916303663670487,1,0.6546723751321095,0.57133619016407,0.664998438517725,0.5284475545410635,0.6977190397878067,0.4162448115395795,0.01283817538457821,0.003135795336144276,-0.0015252197846606919,-0.017826516544871773,-0.006006030125679462,0.004239757206600636,0.059805398165596824,0.11000602805057764,0.10707968622313246,0.023449392677265393
581,0.7535482165453422,0.5864615899924526,0.06855535507202148,0.038042426109313965,1,0.6703221247377104,0.6527757988878282,1,0.7701805433055395,0.5491150428307668,1,0.6515023031903318,0.5663644327932142,0.6542319536777336,0.5262943954992578,0.697467894211244,0.4157712920409778,0.011057656041622455,-0.0017805193429557553,0.0013400343551827065,-0.042515323536281846,-0.004971757370855756,-0.0021531590418056856,0.10366075605706138,0.14393490231764275,0.10641502083348893,0.040882745484592795
582,0.7446748159089331,0.5665106820275886,0.0712462067604065,0.0362430214881897,1,0.6664650343161375,0.6544901997897709,1,0.7712477320615941,0.5282599417679839,1,0.6516232561561203,0.563909291485137,0.6411756832489487,0.5243286525851293,0.6966038084080765,0.4155900030558319,-0.019950907964863984,-0.03100856400648644,0.0017144009019426365,-0.020855101062782988,-0.0024551413080772244,-0.001965742914128543,0.126230258021787,0.16405331995135805,0.11771646224066941,0.04657508994370379
583,0.7396320315266935,0.5394767345210081,0.06740295886993408,0.03824508190155029,1,0.6633049890302872,0.6568702794404422,1,0.7596847041402477,0.5275785278097216,1,0.6507631878356595,0.5663254142269925,0.638305180171834,0.5269918376724293,0.69475832276883,0.4156544110648784,-0.027033947506580502,-0.007083039541716518,0.0023800796506713295,-0.0006814139582622669,0.002416122741855431,0.002663185087300013,0.1292917516307206,0.16126191901505166,0.1400252184608166,0.023316882336429274
584,0.7341190973205917,0.520867868545957,0.07057762145996094,0.0401005744934082,1,0.6633616774355753,0.6572813282846558,1,0.7450847266154697,0.5565220077249637,1,0.6513482228847024,0.567399287971943,0.6380702572372022,0.5300447166249178,0.6923667761582603,0.4151319930297156,-0.01860886597505107,0.008425081531529433,0.0004110488442136129,0.028943479915242154,0.0010738737449504931,0.0030528789524885136,0.10075932055969206,0.1297347195122039,0.15367252346033142,0.03730231449157906
585,0.7295342311672134,0.5114521672040067,0.07079792022705078,0.04059535264968872,1,0.6651414283068471,0.6549176004732457,1,0.7214201664396328,0.5975873389088985,1,0.6520754341800372,0.5684903235935181,0.6416524491766442,0.5344697549807429,0.6888877082112738,0.4147474580826836,-0.009415701341950355,0.009193164633100714,-0.0023637278114101434,0.04106533118393474,0.0010910356215751982,0.004425038355825084,0.057330261564347174,0.08033713498037587,0.1572538190421602,0.08651650623455945
586,0.7229487268746738,0.5055561276359067,0.06925445795059204,0.0404888391494751,1,0.6669687576169183,0.6532187405391758,1,0.7089688434701628,0.6379342140758016,1,0.6511896830185311,0.5695951458311985,0.6471231012280757,0.538674031058321,0.6889787251997124,0.413294441912273,-0.00589603956809992,0.0035196617738504354,-0.0016988599340698185,0.04034687516690316,0.0011048222376803807,0.004204276077578117,0.015284526463374193,0.044694786730551585,0.1579177134064445,0.1331142175332598
587,0.713752464905155,0.5031328908328218,0.07140475511550903,0.041568219661712646,1,0.6710947107675158,0.649897836236924,1,0.675272727754854,0.6686599664831117,1,0.6507768567808971,0.5729782542559148,0.6500919356069749,0.5391384927876443,0.6894115104502321,0.40938788123476316,-0.0024232368030849827,0.0034728027650149373,-0.003320904302251848,0.030725752407310014,0.00338310842471623,0.00046446172932324004,-0.01876213024618767,0.019221689762385533,0.1528385854015156,0.16994088073354524
588,0.7047979552242291,0.492527214631734,,,0,0.6502512248640092,0.6500962687909572,1,0.6315236207685776,0.6814090733117938,1,0.6491003855584988,0.5751432014086025,0.6494180429377103,0.5418884486261575,0.688433215283465,0.40849242031876387,-0.010605676201087766,-0.008182439398002783,0.00019843255403317883,0.012749106828682133,0.0021649471526877795,0.0027499558385132294,-0.03131280452083662,0.036485817547580776,0.16674337354636537,0.20259685246408138
589,0.7036950978871592,0.5044269822503773,0.07602298259735107,0.03911510109901428,1,0.6435418483143565,0.6542874278268572,1,0.6118628509446274,0.6786846059969288,1,0.6485313775879756,0.574132817931249,0.6483691620046511,0.5533579673928479,0.6880398501951207,0.40685427624257836,0.011899767618643309,0.022505443819731075,0.0041911590359000606,-0.0027244673148649756,-0.0010103834773534937,0.011469518766690445,-0.024397178170071587,0.03998476181013856,0.16148240332169014,0.19697431561579
590,0.6969866898637058,0.5038267006007171,,,0,0.6456856433279706,0.6603456507929921,1,0.5980782592554692,0.6656117183387994,1,0.6515844428482103,0.5780044110595632,0.6413726258563558,0.5742950485848599,0.6861521632455162,0.40617434012982745,-0.0006002816496601948,-0.012500049268303504,0.006058222966134896,-0.013072887658129417,0.003871593128314199,0.020937081192011986,-0.005266067545807274,0.04789775031902508,0.16471180633140278,0.18962402171111117
591,0.6901208345727894,0.5048982259106314,,,0,0.6520658280754721,0.6644238750675024,1,0.6006875460063236,0.6611409266585879,1,0.6528481799662245,0.5842797581608336,0.6231022217209398,0.5937459093151771,0.6783094884229044,0.407784922621668,0.0010715253099142785,0.0016718069595744733,0.0040782242745103225,-0.004470791680211472,0.006275347101270312,0.01945086073031721,0.003282948408914521,0.05148306147299889,0.1640018788259207,0.18002803848519888
592,0.6937178077567987,0.515010958739493,0.061009883880615234,0.03322848677635193,1,0.6493535567417783,0.6650170172964028,1,0.6038147782484911,0.6566444187171434,1,0.6488170160448573,0.5865703731122923,0.6083950317981542,0.5972608332286703,0.6782368804232938,0.407361939026986,0.010112732828861604,0.009041207518947325,0.0005931422289003896,-0.004496507941444516,0.0022906149514587693,0.003514923913493173,0.008372598579259427,0.04630205992858307,0.1564289115601806,0.16775753842975982
593,0.6859767475663088,0.5245036603312447,0.06658196449279785,0.034620821475982666,1,0.6511729184163927,0.662742059453317,1,0.6121176162465237,0.6530634583456912,1,0.6469634590959412,0.5836846798197015,0.6002469906323741,0.5894924124790524,0.6796340783606089,0.40818120580184986,0.009492701591751751,-0.0006200312371098526,-0.0022749578430858453,-0.0035809603714521687,-0.0028856932925908074,-0.007768420749617921,0.00967860110762575,0.04023669900700486,0.14255231150468903,0.14826595342433993
594,0.6811081801377628,0.531050293667721,0.06392312049865723,0.03429067134857178,1,0.6542671117783352,0.6603619320014364,1,0.6215374265262947,0.6523712140461431,1,0.6460504632449289,0.5804494302390177,0.600398277460187,0.5768639662674515,0.6738130278672841,0.4096311922822103,0.006546633336476315,-0.002946068255275436,-0.0023801274518805426,-0.0006922442995481726,-0.0032352495806837744,-0.012628446211600863,0.00799071795529338,0.033691005775112776,0.13206794750894357,0.1351570952902793
595,0.6758137828209775,0.5405129674035936,0.06405502557754517,0.03605234622955322,1,0.6622945777669017,0.6590818076077046,1,0.6213162677139481,0.6499912527592088,1,0.646435652633581,0.5684791066696158,0.60522154050571,0.5680137428046819,0.6667937147011025,0.41576528256775286,0.009462673735872507,0.0029160403993961914,-0.0012801243937318185,-0.0023799612869342957,-0.011970323569401975,-0.008850223462769646,0.009090554848495858,0.04197451705796637,0.11933708045968852,0.12229257588768996
596,0.6696742126855131,0.5522829807127365,0.06456422805786133,0.03690075874328613,1,0.6630753712316425,0.6585301615548883,1,0.6193546357495938,0.6517843033994579,1,0.647164581170848,0.5628380511539298,0.6030204426712851,0.5696372877071729,0.6626104977941056,0.42130646102458885,0.011770013309142957,0.0023073395732704505,-0.0005516460528163236,0.0017930506402491497,-0.005641055515685944,0.0016235449024910587,0.006745858155430384,0.0442380979851582,0.10645190531614841,0.1115014485978409
597,0.6625152343266073,0.565404216097343,0.06575781106948853,0.03534209728240967,1,0.654451144304809,0.6587419827101263,1,0.6226390388894857,0.6563200777150224,1,0.6476702338362704,0.5649024050717655,0.6001964444411583,0.5759775494969305,0.6634590126223278,0.42150690190668405,0.013121235384606522,0.001351222075463565,0.00021182115523799006,0.004535774315564511,0.0020643539178356596,0.006340261789757551,0.002421904995103863,0.03190416390944843,0.09368547499021428,0.09927640634221481
598,0.6513329129372691,0.579759706032676,0.06997638940811157,0.03706389665603638,1,0.6448684520193394,0.65936364871957,1,0.6214770991117905,0.6602750598847591,1,0.6484938636356519,0.5754859241286322,0.6000419711479356,0.581435252369925,0.6624517682019702,0.4235898027772456,0.014355489935332977,0.0012342545507264546,0.0006216660094436888,0.003954982169736665,0.01058351905686672,0.005457702872994519,-0.0009114111651891132,0.023409102100625898,0.07986599367852215,0.08587253242514624
599,0.6419336573441596,0.5961609975638155,,,0,0.6381166252802887,0.6585002255367611,1,0.6143493519700925,0.6617537103232181,1,0.6463448776944367,0.585401161480102,0.6011598726651346,0.5818908171633618,0.6588378898042436,0.4254643168199362,0.01640129153113945,0.0020458015958064735,-0.0008634231828088534,0.0014786504384589616,0.009915237351469819,0.00045556479343678014,-0.0032534847864569283,0.023988923357609607,0.06245597712020452,0.07115685399248116
600,0.6426026026833861,0.6163996154899385,0.06690430641174316,0.03769272565841675,1,0.6399485478746816,0.6400416822670096,1,0.6095359664811298,0.6633446365498057,1,0.644820474863006,0.5876245741117249,0.6017277268893423,0.5830034063237205,0.6547102192962071,0.42791911318943154,0.020238617926123026,0.0038373263949835756,-0.018458543269751493,0.00159092622658763,0.0022234126316228453,0.0011125891603587235,-0.02330295428279605,0.038313871969894824,0.02379057225917651,0.05742157636327775
601,0.6371576666255155,0.6379766744842834,0.06456071138381958,0.036630213260650635,1,0.6460894618491496,0.6259575874541035,1,0.6101010842293747,0.6605957651891343,1,0.6431240937817948,0.5687037537238354,0.5999790913789538,0.5806791703249532,0.6477220296162634,0.4320270976796148,0.021577058994344922,0.0013384410682218961,-0.014084094812906178,-0.0027488713606713677,-0.018920820387889448,-0.002324235998767299,-0.03463817773503086,0.04994964144523065,0.014974492277068109,0.03526587465629388
602,0.6308705008687825,0.6325135433662433,0.06160467863082886,0.035663485527038574,1,0.6459831422794965,0.6244286014108468,1,0.6124859403620206,0.6579428047520325,1,0.6421232879633377,0.5556332279160098,0.5999301232714054,0.5747276470986753,0.6476238773190984,0.43188991835846674,-0.005463131118040088,-0.02704019011238501,-0.001528986043256686,-0.0026529604371018367,-0.01307052580782564,-0.005951523226277899,-0.03351420334118571,0.047384220600264086,0.01713937620892193,0.031378964285864744
603,0.6183181018415357,0.5953255242049535,0.06722497940063477,0.03741174936294556,1,0.6462507714439377,0.6366490857117609,1,0.6149449560124253,0.6570032247233293,1,0.6427473711597302,0.5590802850243677,0.5980969585975744,0.582823834405761,0.650847347126293,0.43091507021211467,-0.037188019161289776,-0.03172488804324969,0.012220484300914158,-0.0009395800287032019,0.0034470571083579093,0.008096187307085723,-0.02035413901156835,0.03734093001967374,0.049878560190966294,0.06176987011495889
604,0.6077259756245065,0.5724836340578107,0.06780058145523071,0.03801131248474121,1,0.6471596831753474,0.6446911596938582,1,0.6118654480695648,0.6570455987902313,1,0.6458280835306217,0.5635472333995661,0.5981241105008562,0.5844387808256147,0.6480512811847067,0.42975182453530514,-0.022841890147142885,0.014346129014146891,0.00804207398209722,4.237406690199563e-05,0.004466948375198454,0.0016149464198537133,-0.012354439096373127,0.03739405296418476,0.08227359266305141,0.08466322171716917
605,0.5964444406517114,0.5553413941102131,0.06379145383834839,0.03718376159667969,1,0.6473452169291886,0.6506271438683591,1,0.6118332390300897,0.6585241614964741,1,0.6488496297048749,0.5622365789003327,0.599589818254493,0.5814550536677774,0.6464899251012352,0.4275147863706909,-0.01714223994759756,0.005699650199545325,0.005935984174500919,0.001478562706242803,-0.001310654499233399,-0.002983727157837346,-0.00789701762811501,0.036379437347557296,0.10802899209296453,0.1043240077883208
606,0.5851629671848615,0.547957740974335,0.057613253593444824,0.03215140104293823,1,0.648876652218743,0.6616875696898834,1,0.6100990649220597,0.6608625016155821,1,0.6504426408100745,0.565204190712825,0.5972223543595562,0.5794693904716441,0.6482661798733831,0.4238026291789767,-0.007383653135878077,0.009758586811719483,0.011060425821524333,0.002338340119108051,0.002967611812492277,-0.001985663196133247,0.0008250680743012717,0.038786363762012145,0.1303606827239894,0.11562566300703492
607,0.5767147044518225,0.5476942110986545,0.058917224407196045,0.03354287147521973,1,0.6489582471159762,0.6690913617070433,1,0.6109374301222186,0.6628879372738813,1,0.6513361772132749,0.5687970399430421,0.5974432237315164,0.5789394454753548,0.6479612469438438,0.418769631362834,-0.0002635298756805682,0.007120123260197508,0.007403792017159905,0.0020254356582991573,0.0035928492302170767,-0.0005299449962893332,0.006203424433162019,0.038523564211671246,0.14126711447645288,0.12016983607563225
608,0.5699994506043531,0.5538803418331525,0.06394284963607788,0.034862518310546875,1,0.6473229965244898,0.6697854678524527,1,0.6091857287854858,0.6628983142150826,1,0.6512158758279163,0.5775068332728905,0.5973267112666244,0.5790242782508704,0.6496362043885625,0.4120725045769513,0.00618613073449803,0.006449660610178598,0.0006941061454094344,1.0376941201317713e-05,0.008709793329848448,8.483277551563084e-05,0.006887153637370136,0.03875414914330092,0.1393302874152399,0.11584680703392906
609,0.5609563088217715,0.5496763490724895,,,0,0.6376741942795013,0.6656781059164487,1,0.6043303275248546,0.6617200501920535,1,0.6501374231535616,0.5831384391813161,0.5976705361597568,0.5779674866559291,0.649387782423915,0.40948646850843884,-0.004203992760662967,-0.010390123495160997,-0.004107361936004028,-0.0011782640230291186,0.0056316059084255965,-0.0010567915949413198,0.003958055724395226,0.03357796383447116,0.13907566839670552,0.12014614625124513
610,0.5501698921859143,0.5643344876446268,0.06681621074676514,0.035263001918792725,1,0.6320466152577626,0.6622078607131054,1,0.602842195119046,0.6608461998716211,1,0.6457541066166348,0.5844350958486587,0.5933946463389675,0.5749765571595182,0.6485140783064198,0.41302616198754005,0.01465813857213727,0.018862131332800236,-0.0034702452033432696,-0.0008738503204324122,0.0012966566673425772,-0.002990929496410888,0.001361660841484369,0.029236146734580255,0.12760483900223277,0.10994945244641174
611,0.537819439824613,0.5683561188546068,0.06497657299041748,0.03476327657699585,1,0.6330460657714151,0.6605977487585565,1,0.6037982448149861,0.6592078815750806,1,0.6428638542828811,0.5826919661935567,0.5862911070653016,0.5685546402376239,0.6437649377535873,0.414231913995531,0.004021631209980003,-0.010636507362157266,-0.001610111954548965,-0.0016383182965404863,-0.001743129655102038,-0.006421916921894311,0.0013898671834758902,0.029280825833419195,0.13257687798613071,0.11228199097528933
612,0.5234964263729773,0.5728134007409916,0.06538188457489014,0.03215348720550537,1,0.6363745424955893,0.659716377091004,1,0.5984342285980331,0.6570288224302301,1,0.6420077926570614,0.5801619330954512,0.579924389848715,0.5620975197074026,0.6343037605926147,0.41678113688846996,0.004457281886384834,0.0004356506764048307,-0.0008813716675525329,-0.0021790591448505037,-0.002530033098105511,-0.006457120530221294,0.002687554660773861,0.03803538311493322,0.14245559447729908,0.11272937262585038
613,0.5138688095870175,0.5776917303287656,0.062347084283828735,0.035048604011535645,1,0.6373454436512985,0.659793134182715,1,0.5703117864259154,0.655417505122938,1,0.642888354727553,0.5804582536064093,0.5762785292142503,0.556037864048511,0.6229888108805322,0.42388982293923083,0.004878329587774011,0.0004210477013891767,7.675709171106604e-05,-0.0016113173072921372,0.00029632051095818124,-0.006059655658891661,0.004375629059777064,0.06717631525083022,0.14828054381689343,0.09605782478169467
614,0.5054862878150029,0.5848396849920351,0.06445321440696716,0.03762775659561157,1,0.6367815977329212,0.6610013313988251,1,0.5274714826955658,0.6499227147404146,1,0.6430484312441958,0.5817197799235879,0.5716181215061116,0.5540452313791125,0.6123527122401268,0.429930578802749,0.007147954663269451,0.0022696250754954406,0.0012081972161100962,-0.005494790382523318,0.001261526317178574,-0.0019926326693984198,0.011078616658410478,0.10987009145597308,0.15178621409678522,0.06869606651886832
615,0.49569387505573564,0.5952499748672188,0.0640794038772583,0.03632080554962158,1,0.636366694287332,0.6619353015249972,1,0.47672388355856854,0.6327184324322644,1,0.6428777809542556,0.5808513763288404,0.5621151430443853,0.5499192599547946,0.6114376540357762,0.43043405448818883,0.010410289875183665,0.0032623352119142135,0.0009339701261721345,-0.017204282308150187,-0.0008684035947474911,-0.00412597142431792,0.0292168690927328,0.16229433895537348,0.15567843415842797,0.04199697476850233
616,0.48570067438989445,0.6087262823354476,0.06534478068351746,0.03619414567947388,1,0.6336066118079134,0.6626251882476424,1,0.4622222379139637,0.617970127431718,1,0.6416204282432634,0.5801624398376317,0.5583356794371304,0.5427234099876416,0.6117781487497737,0.4280587348252849,0.01347630746822881,0.003066017593045145,0.0006898867226451388,-0.014748305000546469,-0.0006889364912087137,-0.007195849967153056,0.04465506081592441,0.17710640324814644,0.15742064153736188,0.025232630689608192
617,0.47633330702361876,0.6128738814822623,0.06299412250518799,0.03659564256668091,1,0.6334280969207672,0.6627460969940789,1,0.4511297976325002,0.5778361146063036,1,0.6412672196237621,0.5796730224241762,0.5529913499816381,0.5409916716582488,0.6130081443011451,0.4252330595202056,0.004147599146814729,-0.009328708321414081,0.00012090874643655436,-0.0401340128254144,-0.0004894174134555396,-0.0017317383293927735,0.08490998238777536,0.20110289662878275,0.1648211481967235,0.043160884991879284
618,0.4875104420862369,0.586511990908506,0.06793445348739624,0.03701770305633545,1,0.632473554757455,0.6622719732145658,1,0.4619610117000076,0.5697116889814606,1,0.6406565191466917,0.5797557572268325,0.5472213146848844,0.5422012477609309,0.6193549683305732,0.423323266122836,-0.026361890573756264,-0.030509489720570993,-0.0004741237795131692,-0.008124425624842946,8.273480265630351e-05,0.0012095761026821306,0.09256028423310514,0.19401529207057644,0.16356613021754465,0.030578154586251002
619,0.5005639928509309,0.5614533700618772,0.06475421786308289,0.03788524866104126,1,0.632610367108861,0.6600423980025851,1,0.4572870971342757,0.5872660388918813,1,0.6397263212462513,0.579374942402218,0.5443175859266149,0.5414656724631214,0.6178151776770223,0.4216759766598716,-0.0250586208466288,0.0013032697271274651,-0.002229575211980639,0.017554349910420708,-0.0003808148246144949,-0.0007355752978095431,0.07277635911070379,0.1898279416734835,0.16479090200905822,0.05039031231296067
620,0.5070729811588546,0.5432973072677965,0.06299540400505066,0.03719514608383179,1,0.6327215842935395,0.6599426020488517,1,0.45547920128499203,0.6092478165896883,1,0.6384757411720168,0.5804871423696115,0.5458836553025076,0.5431650831391112,0.6147376451512806,0.4198385503188419,-0.018156062794080774,0.006902558052548025,-9.979595373343919e-05,0.02198177769780696,0.0011121999673935345,0.0016994106759897765,0.050694785459163394,0.18434973177984082,0.17144589894266016,0.08373403012807593
621,0.5114516243924517,0.5281607731657398,0.06063106656074524,0.033104538917541504,1,0.6298872815765547,0.6610367381851212,1,0.46252050646404563,0.6249995167443448,1,0.6366843399338246,0.5807819418405246,0.5443853003925421,0.541706240698685,0.6044985190725731,0.41486146829202186,-0.01513653410205662,0.0030195286920241537,0.001094136136269519,0.015751700154656545,0.00029479947091304304,-0.0014588424404261557,0.03603722144077637,0.17120256639645545,0.17799726675559438,0.10849883206563284
622,0.514352447697591,0.5215129873691172,0.060755252838134766,0.03459590673446655,1,0.6287730942196461,0.6626654176364644,1,0.4742733198718469,0.6307884825373707,1,0.6340392832054088,0.5797407074955265,0.5399499925069081,0.5391879164978084,0.6055711783788342,0.4134815045004237,-0.006647785796622618,0.008488748305434002,0.0016286794513431513,0.005788965793025902,-0.0010412343449980321,-0.0025183242008766094,0.03187693509909362,0.15775398335646773,0.18170331015395227,0.11639360090460014
623,0.515068680821489,0.520777201040349,0.06068623065948486,0.03409785032272339,1,0.6276900899536882,0.6643607447284737,1,0.4923447102252648,0.6354789545813739,1,0.6318654251728417,0.5780957365073385,0.5401426550470161,0.5367948312220545,0.6036878359383565,0.4099291089487721,-0.0007357863287682509,0.0059119994678543675,0.0016953270920093688,0.004690472044003191,-0.0016449709881880548,-0.002393085275753881,0.028881790147099795,0.13839266460304983,0.18248237123887293,0.11693105278344199
624,0.5155117737122451,0.5224036150350637,0.05980968475341797,0.0333782434463501,1,0.6285953680727864,0.6653885791864562,1,0.5008468333059534,0.6425175941565026,1,0.6290482173492573,0.5779328397518474,0.5426119520161569,0.5382329241410773,0.6032168035406862,0.40999814879094937,0.0016264139947147482,0.002362200323482999,0.0010278344579824905,0.007038639575128625,-0.00016289675549108207,0.0014380929190227487,0.02287098502995366,0.12977969830182648,0.1822981055493294,0.12100590257299655
625,0.5190662707668209,0.5185628309516307,,,0,0.6293058997414384,0.6649025887233497,1,0.5164944333977574,0.6443448321468448,1,0.6258710223527042,0.5800492920516002,0.545660364467639,0.5413706167702379,0.6041014969858072,0.4112869196848172,-0.0038407840834330242,-0.0054671980781477725,-0.0004859904631064893,0.0018272379903422342,0.002116452299752769,0.0031376926291606377,0.020557756576504937,0.11466929970166514,0.18321599411936373,0.1258082913488843
626,0.522543188016276,0.5162838349921378,,,0,0.6298855190029082,0.6640358727335621,1,0.5261519753384643,0.6451732981579877,1,0.6225521773518558,0.5827829787080402,0.5482923162430732,0.5530667342856462,0.6005858081636591,0.4098634456314577,-0.00227899595949288,0.0015617881239401443,-0.0008667159897876031,0.0008284660111429476,0.0027336866564400264,0.011696117515408333,0.018862574575574387,0.1054345522151169,0.1826281486474278,0.12893997464369913
627,0.5255454032868296,0.5362171076832744,0.06772023439407349,0.03992730379104614,1,0.627645210476392,0.663389099106093,1,0.5285313786916696,0.6476708867134106,1,0.6202719433231474,0.5839528981026737,0.5485687722879594,0.568028399938883,0.5978626111092998,0.40965298737208244,0.01993327269113654,0.02221226865062942,-0.0006467736274691216,0.002497588555422814,0.0011699193946335118,0.014961665653236755,0.01571821239268245,0.1003524481608283,0.1630861307119378,0.11149377071933991
628,0.5303645115534737,0.5404438712511755,0.06439098715782166,0.036395132541656494,1,0.6263860749840521,0.6630615343315576,1,0.5316909752417652,0.648143906066668,1,0.6213705423485086,0.5844010220768162,0.5534964959663735,0.5749321485572353,0.5997996823342062,0.4104939136747727,0.004226763567901193,-0.015706509123235346,-0.0003275647745354382,0.0004730193532574978,0.00044812397414251137,0.006903748618352301,0.014917628264889515,0.09586291018037729,0.15574091287438463,0.10770820305424585
629,0.5316876420403206,0.5467021347631348,0.06511655449867249,0.033056795597076416,1,0.6265272901170952,0.6630277954801966,1,0.5477159324869009,0.6447478872960759,1,0.6243546508066995,0.5841910085219362,0.5626601165582575,0.5656948148558775,0.601366152835169,0.4121562147011319,0.006258263511959239,0.002031499944058046,-3.3738851360931577e-05,-0.0033960187705921463,-0.0002100135548800397,-0.00923733370135782,0.01827990818412073,0.08090355452471956,0.15008736851776514,0.0993472479960601
630,0.5345793911896092,0.5560035818746244,0.0708416998386383,0.03987628221511841,1,0.6269901103549176,0.6631626649551419,1,0.5588922483277632,0.6414029613120271,1,0.6265684327820875,0.5832633366562024,0.564146646903253,0.5564272136028167,0.6002941597369913,0.41290346038797954,0.009301447111489614,0.0030431835995303747,0.00013486947494523172,-0.0033449259840487855,-0.0009276718657337257,-0.009267601253060809,0.021759703643114747,0.07148988400679875,0.14150197914978696,0.08879284335189279
631,0.5393572547937827,0.5603128727493019,0.06927770376205444,0.0369412899017334,1,0.6274711610851739,0.6632018606676712,1,0.563693859126128,0.6381402134407868,1,0.6274001998800056,0.5826764132195122,0.5662817579741236,0.5450768115502614,0.5944179641176742,0.4150717560225209,0.004309290874677463,-0.004992156236812151,3.9195712529305204e-05,-0.003262747871240368,-0.000586923436690201,-0.01135040205255522,0.02506164722688442,0.06852467006049805,0.13546292598639087,0.08154364027646539
632,0.5459304092473783,0.5748296099815708,0.0640907883644104,0.03629821538925171,1,0.6270900340155209,0.6630607894879089,1,0.5611199240724167,0.6115642444199986,1,0.6270395005973637,0.5824661148405685,0.5616569363192767,0.5183364257561104,0.5930060491970746,0.42070921236980613,0.014516737232268984,0.01020744635759152,-0.00014107117976225325,-0.02657596902078818,-0.0002102983789437074,-0.026740385794151056,0.05149654506791035,0.08368960245954435,0.11988171557658552,0.03975116008300866
633,0.5477608096756558,0.5791171246123356,0.06245386600494385,0.03611189126968384,1,0.627992796603981,0.6630839948830951,1,0.5545973005906522,0.6046943416191394,1,0.6265103722176315,0.5832900969062308,0.5607492912709997,0.5093976360233406,0.5904624190026094,0.42394096178710666,0.0042875146307647105,-0.010229222601504273,2.3205395186187694e-05,-0.006869902800859196,0.0008239820656622543,-0.008938789732769736,0.05838965326395573,0.0937883278629465,0.11613615728761442,0.026475113556771814
634,0.5483856154725121,0.5947893186306014,0.06492316722869873,0.03630703687667847,1,0.6285772260276988,0.662537548372677,1,0.5411035723928974,0.5523416575085675,1,0.6260096641434264,0.5825954235977667,0.5586026171410707,0.4941460279708158,0.5854801824997174,0.4236280180386606,0.015672194018265806,0.011384679387501095,-0.0005464465104181304,-0.05235268411057192,-0.0006946733084640666,-0.015251608052524845,0.11019589086410952,0.14069390336313775,0.10497865038482729,0.04306776156412581
635,0.5436350497312765,0.576236036956481,0.05716770887374878,0.03382277488708496,1,0.6240936915823098,0.6607647074880452,1,0.5336320610249841,0.5657974889299321,1,0.625005284994049,0.5815947538798244,0.5529578994908352,0.4932310441117181,0.5818386914903857,0.42391473892981474,-0.018553281674120403,-0.03422547569238621,-0.00177284088463181,0.013455831421364639,-0.0010006697179423263,-0.0009149838590977177,0.09496721855811308,0.13115669713649586,0.11669913962984718,0.014457630094893897
636,0.5375420490402235,0.5375240736425207,0.06363940238952637,0.03494453430175781,1,0.6242922951402828,0.6603345192448468,1,0.5294033040372794,0.5667328689068486,1,0.6238068327461049,0.5779215142791189,0.5459335066809501,0.50166613645602,0.5780043813346075,0.4226099824696188,-0.03871196331396021,-0.020158681639839804,-0.0004301882431984039,0.0009353799769165061,-0.0036732396007055357,0.008435092344301898,0.09360165033799817,0.13328611922680747,0.15035960477290014,0.030321492229380274
637,0.5308779870835858,0.506341048894477,0.06679069995880127,0.03817373514175415,1,0.6340345596219956,0.6606958916725723,1,0.5318478685358592,0.5725398470326676,1,0.6228072184257134,0.5771772414226016,0.535706313863475,0.5192273589557523,0.5739370668700733,0.42110801684567445,-0.031183024748043797,0.00752893856591641,0.0003613724277254926,0.0058069781258189845,-0.0007442728565172363,0.017561222499732354,0.08815604463990467,0.13495780096639964,0.18565208306647876,0.06620590264449519
638,0.5232428660980988,0.47170521825492817,,,0,0.6368125909257443,0.6610485126034682,1,0.5301240744367319,0.597824792768129,1,0.6199813454747152,0.5767460356262868,0.5253382258307772,0.5231044396653155,0.5694341229936499,0.4223622079019636,-0.03463583063954878,-0.003452805891504984,0.0003526209308959416,0.025284945735461473,-0.00043120579631483746,0.003877080709563163,0.06322371983533914,0.12401483096970183,0.22079167899217803,0.1263071577686336
639,0.5138810521699835,0.42987980458274483,,,0,0.6363289719848273,0.6614261224988467,1,0.5089335640994639,0.6331129705306953,1,0.6184935080266115,0.5773158921701956,0.5247191965799552,0.5087183369012582,0.5648154610287107,0.42204717157061433,-0.04182541367218334,-0.007189583032634561,0.00037760989537849454,0.03528817776256621,0.0005698565439088421,-0.014386102764057274,0.02831315196815143,0.13050373375750499,0.26192974326617996,0.20329337760840882
640,0.50279254529924,0.3808648078779269,,,0,0.64208534410423,0.6617299134612984,1,0.4912285700078451,0.661325259539025,1,0.6152769852734445,0.5780470280854995,0.5059782725339086,0.5439555658740695,0.564677519724683,0.41415979448609064,-0.049014996704817904,-0.007189583032634561,0.0003037909624516999,0.028212289008329727,0.0007311359153038266,0.03523722897281123,0.00040465392227340136,0.1508573168114975,0.31350867824238265,0.28069875395250177
641,0.5274877697107495,0.46439566098139357,0.06436923146247864,0.03737795352935791,1,0.6424349928614304,0.6622046784432609,1,0.4702421309043396,0.678447188442072,1,0.6135738683507184,0.5786497502546181,0.49968007340313075,0.5854032637343857,0.5559588110504444,0.4093878251251869,0.08353085310346664,0.13254584980828454,0.0004747649819625277,0.01712192890304698,0.000602722169118608,0.04144769786031621,-0.01624250999881105,0.17295722257262108,0.22878214855902057,0.22157418525316416
642,0.5284700926790757,0.46249614121782145,0.06546980142593384,0.03483697772026062,1,0.6411551340822336,0.6619693078811982,1,0.45713741127671803,0.6853707158732645,1,0.6111568242997367,0.579156836447376,0.5009681841288403,0.605893233392179,0.5471848832267734,0.4095640024012833,-0.0018995197635721106,-0.08543037286703875,-0.0002353705620626867,0.006923527431192511,0.0005070861927579662,0.020489969657793372,-0.023401407992066248,0.18549972561310893,0.2291014246458251,0.234011596857709
643,0.5284346168364393,0.45441159746141274,,,0,0.6390565669381169,0.6620481416183378,1,0.453658828480811,0.6793145798533187,1,0.6081086285778283,0.5831707072737293,0.5046888077279775,0.6091551075138896,0.5339213878534873,0.4093438330627196,-0.008084543756408713,-0.006185023992836602,7.883373713957198e-05,-0.0060561360199458125,0.004013870826353294,0.0032618741217105285,-0.017266438234980863,0.18620003038239813,0.23526612657526524,0.23700795348042578
644,0.528871527889828,0.44774428682805756,,,0,0.6381390142800742,0.6620652867702124,1,0.4660263953452216,0.6653244008432093,1,0.6001219066490207,0.5854157407568005,0.5094767693787728,0.5955754621294944,0.5313114466708412,0.4086225497729021,-0.0066673106333551835,0.0014172331230535296,1.7145151874564668e-05,-0.01399017901010935,0.002245033483071146,-0.013579645384395156,-0.0032591140729969492,0.17214347336206098,0.24056781704593772,0.22647431796871711
645,0.5172022288473561,0.4593810231285963,0.06657496094703674,0.04101485013961792,1,0.6387337902293513,0.6622905533762283,1,0.47192860164709505,0.6595944178137286,1,0.5868992765784359,0.5871404825611307,0.5036117947152591,0.5871308124232464,0.520418316894007,0.4106516999902587,0.011636736300538741,0.018304046933893925,0.00022526660601596138,-0.00572998302948069,0.0017247418043302432,-0.00844464970624803,0.002696135562499702,0.1668269764904149,0.2365210305179232,0.20526837245716348
646,0.513094951763961,0.4610487820413682,0.06620326638221741,0.04143139719963074,1,0.6313201946666719,0.6624054633250318,1,0.48736808293823836,0.655328531815638,1,0.5660945642007013,0.585908750933931,0.5016436413737513,0.5792017265628946,0.5177775413841014,0.4126046891436648,0.0016677589127718773,-0.009968977387766864,0.0001149099488034766,-0.004265885998090635,-0.0012317316271996948,-0.007929085860351792,0.0070769315093938134,0.1441259637631751,0.23349886757107813,0.19597574582567312
647,0.5089482255702675,0.46569087115530894,,,0,0.6106299563439096,0.66214016321508,1,0.4870656135564463,0.6549048850308143,1,0.5511662925909313,0.5794744966170722,0.5022987092355282,0.5722726700440118,0.5062049150628358,0.4117789329982825,0.004642089113940762,0.0029743302011688844,-0.00026530010995184927,-0.00042364678482365026,-0.006434254316858845,-0.006929056518882759,0.007235278184265614,0.12377599144786297,0.22120465348610693,0.19047517359337773
648,0.5100808727529942,0.4665124077001331,0.06413713097572327,0.0374276340007782,1,0.5793890214018045,0.6607813617817428,1,0.4872871442495052,0.6581946615931769,1,0.5434724798418816,0.5712330671012712,0.5012615539345612,0.5726453340410779,0.5085692059278848,0.4114978386137501,0.0008215365448241418,-0.0038205525691166198,-0.001358801433337109,0.003289776562362512,-0.00824142951580098,0.00037266399706603615,0.0025867001885659935,0.09213819399599037,0.20626208083185865,0.19303274467459675
649,0.5066123659691399,0.471936354552363,0.06492632627487183,0.036670535802841187,1,0.5503492050721164,0.6580654217390003,1,0.48637075684900505,0.6596747664402064,1,0.5398942723253755,0.5678220251675707,0.5011288058420611,0.573186409187344,0.5126520102357358,0.41167980210608063,0.005423946852229911,0.004602410307405769,-0.0027159400427425595,0.0014801048470295397,-0.003411041933700454,0.0005410751462661123,-0.0016093447012061057,0.06399868613811253,0.19119869441627313,0.18882646540657871
650,0.5021779844622923,0.4795471646040425,0.06688123941421509,0.03601369261741638,1,0.5289891924959756,0.6530466658463929,1,0.48496731675769955,0.6625503298297435,1,0.534194285567349,0.5661632197269441,0.5014870421452262,0.5748221371509546,0.5085022812090942,0.4117504118031702,0.007610810051679517,0.002186863199449607,-0.005018755892607363,0.0028755633895370947,-0.0016588054406266872,0.001635727963610667,-0.009503663983350563,0.045036043039155385,0.17555887276799712,0.18381067859475173
651,0.4974520323832983,0.489029163572965,0.06947359442710876,0.03905242681503296,1,0.5152800108901134,0.6462255790576255,1,0.4829596954120164,0.6652600808888582,1,0.5290724355063042,0.5621024979403121,0.4991449325167025,0.5789946095581008,0.5074868000194886,0.41048983202541817,0.00948199896892249,0.0018711889172429719,-0.006821086788767472,0.002709751059114751,-0.004060721786631971,0.004172472407146133,-0.019034501831232786,0.037508866319404054,0.158204139828468,0.17682580142301174
652,0.49420320239347393,0.5036935613546509,0.07229861617088318,0.04127150774002075,1,0.5048803831482729,0.6366921051519724,1,0.4768648649571401,0.6654782392151906,1,0.5174405781240065,0.5549718136269655,0.49764359046120604,0.5788758741377004,0.5085035647291277,0.4095645977689611,0.014664397781685934,0.005182398812763445,-0.009533473905653067,0.00021815832633231835,-0.007130684313346625,-0.00011873542040041762,-0.02878613406321817,0.04016852964477617,0.1334264398126499,0.16271109346167753
653,0.4963825237270694,0.5174451158635017,0.06644412875175476,0.0402524471282959,1,0.4943594082588656,0.6225188768818971,1,0.4737912259514887,0.6632820959454887,1,0.5139398610690957,0.5388299439875193,0.4970782673970128,0.579367420462168,0.5062139506948349,0.4096533266841131,0.013751554508850794,-0.0009128432728351399,-0.014173228270075278,-0.0021961432697018557,-0.016141869639446194,0.0004915463244676843,-0.040763219063591594,0.04565840724177585,0.10509323598951814,0.1475763920639708
654,0.49539399394825157,0.5310524046921016,0.0649099349975586,0.0371018648147583,1,0.49190139425906776,0.6241444576929065,1,0.47415271170027684,0.6597926406832992,1,0.5117711661163477,0.5368338020759228,0.49790828289494904,0.5706927567699956,0.5066174179398802,0.4126602066221172,0.01360728882859985,-0.00014426568025094344,0.0016255808110093861,-0.003489455262189467,-0.001996141911596472,-0.008674663692172402,-0.03564818299039274,0.03982221343784465,0.09315754711505428,0.13048080485116342
655,0.49497787231732887,0.547885721532329,,,0,0.4955414085786081,0.6140803355299759,1,0.47658224017071904,0.6588838404534725,1,0.5032870594507116,0.5297964622065754,0.49903451516692976,0.5712163207197137,0.503357840203243,0.4140495213057407,0.016833316840227375,0.003226028011627524,-0.010064122162930622,-0.0009088002298267561,-0.007037339869347403,0.0005235639497180866,-0.044803504923496607,0.04864981110085099,0.06619701273785134,0.11251214017209746
656,0.48376602509070415,0.5780022920576802,0.0738230049610138,0.04415559768676758,1,0.4934883597966225,0.6104342706950925,1,0.47886294613692043,0.6603251683972767,1,0.5006511134484595,0.5321476567403075,0.49950539232507224,0.5736502845654552,0.4993043064283721,0.41536741220877405,0.030116570525351216,0.013283253685123841,-0.003646064834883389,0.0014413279438042492,0.002351194533732115,0.0024339638457414603,-0.049890897702184245,0.05199042602486743,0.03385789465503537,0.08246875864260081
657,0.47954087483663754,0.5905616946118867,0.06468361616134644,0.03855782747268677,1,0.5071689553753743,0.5635540066406581,1,0.47943144852357256,0.6574542099197134,1,0.5184803007339897,0.5171700612763955,0.49834383857356174,0.570260428912682,0.49477252743851363,0.4167139647900047,0.012559402554206511,-0.017557167971144705,-0.04688026405443435,-0.0028709584775633568,-0.014977595463911975,-0.003389855652773166,-0.09390020327905524,0.09791127341732231,0.03863581296939626,0.06689260481044089
658,0.4783394622575475,0.6007347548938826,0.06439107656478882,0.03687506914138794,1,0.5079103720121886,0.5716099892558083,1,0.4636548061963058,0.6582461375805495,1,0.5251227646045892,0.5154301690091022,0.4787369481170775,0.5748477727072621,0.48951880743656007,0.4179403418033886,0.010173060281995938,-0.002386342272210573,0.00805598261515017,0.0007919276608361336,-0.0017398922672933193,0.004587343794580034,-0.0866361483247412,0.0972850312341549,0.04150530902414633,0.05935653512604328
659,0.48442485686649295,0.5898451805271282,0.06327342987060547,0.0345684289932251,1,0.5097488054191317,0.5752270812117347,1,0.459536251068584,0.6621548739892803,1,0.5254742424072419,0.5219000678668659,0.4794618343057338,0.5795106744305308,0.4870092001151847,0.4192579962986104,-0.010889574366754418,-0.021062634648750356,0.0036170919559264103,0.003908736408730795,0.006469898857763723,0.004662901723268775,-0.08692779277754559,0.10038795630743069,0.029240232521158274,0.07647309636175399
660,0.4983456494107601,0.5623049640949604,0.06596934795379639,0.03773176670074463,1,0.5013063624767248,0.5763111807994842,1,0.4642101511017605,0.6630207595905558,1,0.5238379174617682,0.522024582429252,0.48526839576210884,0.5779586707553716,0.4842169524465692,0.4182611778395857,-0.027540216432167752,-0.016650642065413335,0.0010840995877494652,0.00086588560127554,0.00012451456238604663,-0.0015520036751592858,-0.08670957879107166,0.09431161091032797,0.014315723112475096,0.10634332939641446
661,0.5077506474072845,0.5503960878244775,0.06674835085868835,0.03647357225418091,1,0.4995932675266468,0.5805121259131591,1,0.4650848671486184,0.6626095348842892,1,0.5209031257389927,0.5245787644555985,0.4901747190878032,0.5763497400761091,0.4844832329200954,0.4175878102965352,-0.011908876270482982,0.01563134016168477,0.00420094511367497,-0.0004112247062666441,0.0025541820263464965,-0.001608930679262488,-0.08209740897113005,0.08905511920391379,0.03120125953669112,0.12005093296649531
662,0.514514519612057,0.5453340559566204,0.06550994515419006,0.03641188144683838,1,0.4788554456183895,0.5989994269021995,1,0.4673333647003412,0.6618912540520291,1,0.5088527818850177,0.5301334880955525,0.49789299738216236,0.5749898369492814,0.48949462671822097,0.4168930160966237,-0.005062031867857031,0.006846844402625951,0.01848730098904039,-0.0007182808322601097,0.005554723639954018,-0.0013599031268276551,-0.06289182714982955,0.06393856638153604,0.06443245763442876,0.1257443509930194
663,0.5221085687898663,0.5372835595024336,0.06609529256820679,0.038075804710388184,1,0.474754990746511,0.6194576128251048,1,0.4695649341739621,0.6579081884112968,1,0.5027593309860744,0.5333007895101797,0.5015397222769818,0.573454994087826,0.4922541891398279,0.41657722163296546,-0.008050496454186873,-0.002988464586329842,0.02045818592290527,-0.003983065640732253,0.003167301414627177,-0.0015348428614554432,-0.038450575586192026,0.038799271257792,0.09484163849800024,0.1315717851138709
664,0.5332964935894398,0.5207892585589207,,,0,0.5065639941230802,0.5958623507168994,1,0.4634692114808046,0.6599403771869449,1,0.5028623215283379,0.5333597263248093,0.5013297874168255,0.5755720448539149,0.49358003146530355,0.41622510108749095,-0.016494300943512896,-0.008443804489326023,-0.023595262108205395,0.002032188775648036,5.8936814629650947e-05,0.0021170507660889237,-0.06407802647004546,0.07722145924081479,0.07969062488071785,0.15568841685272988
665,0.545872380388081,0.5014586312263432,,,0,0.5250907723071527,0.5828225670823606,1,0.46099031459097367,0.6629927366969701,1,0.5054913486621475,0.5316257842464606,0.4990731341808288,0.5779463496010896,0.4917618100606781,0.4153828159261874,-0.01933062733257751,-0.002836326389064614,-0.013039783634538837,0.0030523595100252487,-0.0017339420783487602,0.0023743047471747047,-0.08017016961460954,0.10264562716189582,0.08397598044924166,0.18247803244275757
666,0.5422171369292581,0.5486565067450634,0.06238657236099243,0.034737348556518555,1,0.5216469982078574,0.6031662780484022,1,0.4618800591094747,0.6649066094157892,1,0.5063751945763781,0.5326252375190882,0.4979912597239125,0.5799058695503795,0.49126480659023797,0.41308117086828267,0.047197875518720234,0.06652850285129774,0.020343710966041595,0.001913872718819043,0.0009994532726276262,0.0019595199492898896,-0.06174033136738699,0.08592994545875458,0.05826187239147025,0.14130864249427993
667,0.5507574891708782,0.5563404960098077,0.06407696008682251,0.036242902278900146,1,0.5157694279094536,0.6206854192258965,1,0.4635762139143248,0.6659856307193126,1,0.5090687906747089,0.5354970491086692,0.49468983341092454,0.5798929005449651,0.49113783132982264,0.4129831463487936,0.00768398926474434,-0.039513886253975894,0.017519141177494313,0.001079021303523442,0.0028718115895810525,-1.2969005414364965e-05,-0.04530021149341612,0.06911035196328792,0.07324229361862968,0.14008079925822953
668,0.5576610610157565,0.5658169643775652,0.06187093257904053,0.036826252937316895,1,0.5271062845043618,0.6247898741359291,1,0.46790454664195735,0.6653203806997288,1,0.5104035829349588,0.5313016206795234,0.4865353867770575,0.5789870854629964,0.49118741517081876,0.41338563072053897,0.009476468367757507,0.001792479103013167,0.00410445491003264,-0.0006652500195838407,-0.0041954284291458865,-0.0009058150819687416,-0.04053050656379964,0.07174655203037328,0.0664183593069673,0.13400433475196172
669,0.5628438622983437,0.5764343017242546,0.0649450421333313,0.0381050705909729,1,0.5446615734202519,0.6243848873492801,1,0.47095960751305255,0.6648507351651101,1,0.5158477953752889,0.5253743359292676,0.48315010472946723,0.5784619758805819,0.494199935477105,0.41195780148030336,0.010617337346689348,0.0011408689789318416,-0.00040498678664901977,-0.0004696455346187012,-0.0059272847502557235,-0.0005251095824144736,-0.04046584781582996,0.08408010833746521,0.051282104974633064,0.12751541859653492
670,0.5671309265357053,0.5888047352899779,0.06712543964385986,0.036743879318237305,1,0.5564024124913765,0.6153463960038902,1,0.47292459007328286,0.6642945133260726,1,0.5248842473944679,0.520572917416155,0.4843229082303368,0.5781832337425679,0.4990215519915437,0.41211086524083423,0.012370433565723316,0.0017530962190339672,-0.00903849134538992,-0.000556221839037474,-0.004801418513112665,-0.00027874213801404313,-0.048948117322182405,0.0967701659864904,0.02862797175930904,0.1207209195525365
671,0.5719510550232573,0.6032372797495354,0.0693250298500061,0.03830122947692871,1,0.5642492697227082,0.5745313423238935,1,0.4720228845705454,0.6611915698122663,1,0.5345133713431364,0.513535989746881,0.4851523391649026,0.5779973644440308,0.5039056971214191,0.4127390015190703,0.01443254445955755,0.0020621108938342347,-0.040815053679996716,-0.0031029435138062444,-0.007036927669273996,-0.0001858692985370336,-0.08666022748837288,0.1265531554192609,0.02972117663048735,0.11551769988491539
672,0.5754155205643431,0.5987290283832599,0.07092982530593872,0.041359901428222656,1,0.5613029304838781,0.5483454755918297,1,0.47746397204597946,0.6597412735775078,1,0.540935548180193,0.5125027562251198,0.48746983328687854,0.5790763492322027,0.5167492535194025,0.4156905915508744,-0.004508251366275529,-0.01894079582583308,-0.0261858667320638,-0.0014502962347585635,-0.001033233521761212,0.0010789847881719217,-0.11139579798567811,0.13942020929842885,0.05232272537498479,0.11539930641380981
673,0.5777057834812084,0.5801461377683623,0.06848388910293579,0.03939253091812134,1,0.5787392653433946,0.565804273064537,1,0.4800987002485079,0.6599603264879521,1,0.5411158890365934,0.517912796626606,0.48916518942811904,0.5822082803161787,0.5229424731796716,0.41815335673571286,-0.018582890614897596,-0.014074639248622067,0.017458797472707288,0.0002190529104443284,0.0054100404014862935,0.003131931083975914,-0.09415605342341515,0.1363646709324361,0.014379053096163871,0.12608508007754768
674,0.5756720799533258,0.544498008380054,0.06816327571868896,0.03765428066253662,1,0.5835586780114598,0.5904587700313083,1,0.47965238324046494,0.660908501014975,1,0.5455994614545259,0.5227345039813067,0.4899053476510889,0.584821979789122,0.5246115363298389,0.4188113717878643,-0.0356481293883083,-0.017065238773410707,0.024654496966771355,0.0009481745270228936,0.004821707354700666,0.0026136994729433205,-0.07044973098366669,0.12553757480813413,0.0466324998310617,0.1509012423816808
675,0.5750832006270356,0.5242273622405577,0.06465393304824829,0.03598886728286743,1,0.5730078886271367,0.6284780303120687,1,0.47858083847090904,0.6618708573648406,1,0.5694707446098617,0.5445701265562054,0.48977457997600293,0.5847311175366758,0.5244308057482995,0.41874209989111594,-0.020270646139496362,0.01537748324881194,0.038019260280760414,0.000962356349865634,0.021835622574898683,-9.086225244614443e-05,-0.03339282705277191,0.10015761927972863,0.104271322583217,0.1681024617658549
676,0.5675770909915561,0.5105750091163427,0.07084101438522339,0.03876692056655884,1,0.569068610052957,0.656703449750464,1,0.4783279076196925,0.6627417025917368,1,0.5789219495943719,0.5459933303710769,0.48963106713624044,0.5834986012061523,0.5360717293146036,0.4177474075259268,-0.013652353124214978,0.006618293015281385,0.028225419438395294,0.0008708452268961775,0.0014232038148714876,-0.0012325163305235698,-0.006038252841272795,0.09094138538342915,0.1461360523323059,0.17640895480609559
677,0.5637364199366084,0.5122843390514212,0.07271689176559448,0.03958296775817871,1,0.5693089702768032,0.6564458903699926,1,0.4774945426734937,0.6630402112226238,1,0.5773579857171051,0.5405505922837652,0.48985165174220036,0.5820911365479549,0.5367211762900869,0.41688848986806387,0.0017093299350785518,0.01536168305929353,-0.00025755938047145044,0.00029850863088698443,-0.00544273808731166,-0.0014074646581974104,-0.00659432085263123,0.09205093255166293,0.14426921430392237,0.17368072543597377
678,0.5640917134922024,0.5127876600357484,0.07258367538452148,0.039058566093444824,1,0.5722921868854486,0.654222269637821,1,0.4768971744212531,0.6629559276288678,1,0.5643411090550486,0.5456623760048455,0.49204185269722667,0.5814338514967445,0.5423103279110002,0.4163635339821131,0.0005033209843271491,-0.0012060089507514027,-0.0022236207321715273,-8.428359375600714e-05,0.005111783721080232,-0.0006572850512103212,-0.00873365799104675,0.09579397259195686,0.14167214460564942,0.17364733293579265
679,0.5655015021045062,0.5137431211058885,0.07174015045166016,0.04063776135444641,1,0.5755774985716579,0.6652655885232701,1,0.47476669552424494,0.6639082520673222,1,0.5554128190860257,0.5607041013157412,0.494682432472582,0.5804650646413593,0.5428876337525941,0.41347429005080116,0.0009554610701401067,0.0004521400858129576,0.011043318885449072,0.0009523244384543883,0.01504172531089576,-0.0009687868553852619,0.0013573364559479328,0.1008199403556604,0.1518571165176579,0.17544905722693968
680,0.5673208760765645,0.5124339721118819,0.0717516541481018,0.04010745882987976,1,0.5727225043175499,0.6753019247115851,1,0.4735884101011982,0.6642957201130564,1,0.5564821481493588,0.573981997446118,0.4967710197491413,0.5792504527600741,0.5428893069974521,0.4082517012830315,-0.0013091489940065815,-0.002264610064146688,0.01003633618831501,0.00038746804573419613,0.013277896130376776,-0.0012146118812851325,0.011006204598528746,0.09974319613768738,0.1629575023485356,0.17845942307369317
681,0.568061067348293,0.5108192667439495,0.07115060091018677,0.039278507232666016,1,0.5705942985159824,0.6730554087814626,1,0.4751874544405896,0.6644042107715808,1,0.5600186884257207,0.5778194312498294,0.49898735919448506,0.5709851543043271,0.5442718640679771,0.4056715527658699,-0.0016147053679324008,-0.00030555637392581936,-0.0022465159301224835,0.00010849065852447382,0.0038374338037113764,-0.008265298455747083,0.008651198009881789,0.09579827307124335,0.16225591836159656,0.17948215233415435
682,0.5674454507124547,0.5110465478721681,0.07166606187820435,0.039594680070877075,1,0.5704622752090298,0.6657431664065726,1,0.47729048161258547,0.6640750890594097,1,0.5627342986093938,0.5864650429772763,0.5038820795482344,0.5710407621805069,0.5476970887983227,0.40654384889579903,0.0002272811282185705,0.0018419864961509713,-0.007312242374890032,-0.00032912171217114317,0.008645611727446934,5.560787617986396e-05,0.0016680773471628996,0.09318672439792347,0.1547260321213667,0.1776109593220353
683,0.5649742736255595,0.5139221962099937,0.07109570503234863,0.03960159420967102,1,0.5699097904760092,0.6614022893790605,1,0.488995179559478,0.6608708190212533,1,0.5665855861434683,0.5870806511521146,0.5182966417814208,0.5692219401703071,0.5487127514676513,0.4079994164633964,0.0028756483378256092,0.0026483672096070388,-0.004340877027512069,-0.003204270038156376,0.0006156081748383002,-0.0018188220101997832,0.0005314703578072066,0.08091635632253133,0.1475626551934388,0.16542889856741572
684,0.5619665322371941,0.5231392807494878,0.07319217920303345,0.03855159878730774,1,0.5690621594387858,0.6599914256868451,1,0.5187583264695116,0.6526526863328415,1,0.5705798192964024,0.5816177565156956,0.5337469472458,0.5593072294027691,0.5461596574268003,0.4098878498488814,0.009217084539494103,0.006341436201668493,-0.001410863692215436,-0.008218132688411872,-0.0054628946364190245,-0.009914710767538026,0.007338739354003643,0.05083633254579485,0.13703597155250669,0.13653084366347648
685,0.5598627571996083,0.5317767768529579,,,0,0.5694258353530343,0.6596606416981063,1,0.5483568133055765,0.6420613049317577,1,0.570986164287561,0.5792562364839093,0.5417604433807572,0.5413148052318774,0.5436663180692309,0.41180708942158184,0.008637496103470088,-0.0005795884360240144,-0.0003307839887387587,-0.010591381401083733,-0.002361520031786246,-0.017992424170891752,0.017599336766348617,0.027452510716719718,0.12824092697536435,0.11088310907643328
686,0.5574613217844144,0.5426460121991455,,,0,0.5697959701737639,0.6614089871323733,1,0.57738799967249,0.6175166955450941,1,0.5753704869729476,0.5797663597068509,0.5539779827822868,0.5292730899640593,0.5472965301292744,0.4120907636716314,0.010869235346187667,0.0022317392427175786,0.0017483454342669402,-0.024544609386663585,0.0005101232229415276,-0.012041715267818054,0.04389229158727914,0.04454404755623654,0.11940179130096568,0.07747703993019109
687,0.5547622259916124,0.5557469867880509,,,0,0.5683530946055779,0.6616750510963794,1,0.5661715885408131,0.5548789853072991,1,0.5823432549027191,0.5826057741943084,0.5491826575512961,0.5141090745515388,0.5535139585030788,0.4125234120408276,0.013100974588905356,0.0022317392427176896,0.00026606396400608023,-0.06263771023779507,0.0028394144874575034,-0.015164015412520548,0.1067960657890803,0.10681834410220079,0.10679637876721965,0.011442332819390022
688,0.5517654698212021,0.571079700619674,,,0,0.5678263741351864,0.6623509763935936,1,0.5657134872153348,0.527783769892761,1,0.5888087613550287,0.5869925378125843,0.5502671349187974,0.509012317803574,0.5563174584205903,0.41447577084074105,0.015332713831623046,0.0022317392427176896,0.0006759252972142749,-0.027095215414538076,0.004386763618275946,-0.005096756747964726,0.13456720650083265,0.13458379306801327,0.09267361236501931,0.04548719387626228
689,0.5391703662424515,0.5224772240470265,0.0773235559463501,0.0416681170463562,1,0.5701530890075986,0.6648470744316087,1,0.5784711083184656,0.5288637951762208,1,0.594160056978799,0.5883646206841514,0.5541792962224276,0.4971939341243709,0.5614527306864484,0.4163926268826799,-0.04860247657264749,-0.06393519040427054,0.0024960980380150932,0.0010800252834598512,0.001372082871567093,-0.011818383679203126,0.1359832792553879,0.13623744596220513,0.14570210502415643,0.03981628584528751
690,0.5381621682475695,0.49345682554912834,0.07122623920440674,0.042704373598098755,1,0.5728525240825613,0.6651703634586151,1,0.5799900915410926,0.538906445704893,1,0.5928314128480804,0.586454216505774,0.5480125766705445,0.48820319819165214,0.5666562879872916,0.41356488990896667,-0.029020398497898114,0.019582078074749376,0.0003232890270064015,0.010042650528672148,-0.0019104041783774006,-0.008990735932718763,0.12626391775372214,0.12646549646343777,0.17518264722669055,0.06176765447507412
691,0.5316968681562303,0.4740956772502676,0.07247704267501831,0.04153969883918762,1,0.5737091579040937,0.6651386078056055,1,0.5760334020858472,0.5695509683215548,1,0.5896116710370778,0.5857072685816314,0.5383716708593129,0.5049847790319085,0.5703773494955975,0.40704301690068784,-0.019361148298860764,0.00965925019903735,-3.175565300961303e-05,0.03064452261666184,-0.0007469479241426491,0.016781580840256383,0.09558763948405069,0.09561589268081568,0.19560785721700982,0.10524942201454715
692,0.5262609928402955,0.45192368853325054,,,0,0.5726804869200459,0.6645749716712102,1,0.5751907699046278,0.6062077538763798,1,0.5882539912658785,0.5828376016816347,0.5440883138049343,0.5284778480461336,0.5642281143336426,0.4025826735670721,-0.022171988717017033,-0.0028108404181562685,-0.0005636361343953622,0.03665678555482499,-0.0028696668999966812,0.0234930690142251,0.05836721779483034,0.058421174532628496,0.2176587642408195,0.16185702302454547
693,0.5205009540870952,0.4257343280612114,,,0,0.5755730915689945,0.6640795197935663,1,0.5680414889787642,0.6477151230546786,1,0.5861979028214449,0.5812388021489103,0.5486268802115922,0.5266914054502008,0.5585181883556186,0.3991613293826213,-0.026189360472039125,-0.004017371755022092,-0.0004954518776438821,0.04150736917829878,-0.0015987995327243487,-0.0017864425959328578,0.016364396738887677,0.018014397525448415,0.24462495937405532,0.22701448368709362
694,0.5144167518966293,0.39552759583415015,,,0,0.5751251452968231,0.6647280399251031,1,0.5605092803587279,0.6557292473953608,1,0.5846126006190299,0.581189634549189,0.550711245161188,0.5234473701215214,0.5583394156069202,0.3948510958543483,-0.030206732227061273,-0.004017371755022148,0.0006485201315368228,0.00801412434068216,-4.916759972128926e-05,-0.00324403532867934,0.008998792529742339,0.017163967340972974,0.27596084528062853,0.26425256981761036
695,0.5080083862688979,0.3613034918520667,,,0,0.5737543937745682,0.6658039844413213,1,0.5546204220842553,0.6612444483922193,1,0.5866397289323975,0.5815200629357601,0.5534703089478098,0.5341175343356069,0.5602460198288919,0.38715949122771964,-0.03422410398208342,-0.004017371755022148,0.0010759445162181747,0.005515200996858538,0.00033042838657104667,0.010670164214085509,0.004559536049101975,0.019669729068514226,0.31151739516443433,0.3035411986750297
696,0.501275857203901,0.3230620161149612,,,0,0.5700112222523527,0.6656510792053053,1,0.5547392312386608,0.6683622115304289,1,0.5890596047320534,0.5809143719265707,0.5574737362176813,0.56203052602692,0.5631787029728372,0.3856575579188427,-0.03824147573710551,-0.004017371755022092,-0.0001529052360159655,0.007117763138209554,-0.0006056910091893908,0.027912991691313116,-0.002711132325123544,0.01551076877548681,0.34941639423110027,0.34941459230710553
697,0.49421916470163857,0.28080316862283355,,,0,0.5664611172095801,0.6650768233301504,1,0.5562964222823398,0.67415727002254,1,0.5899235558691345,0.5806087248002816,0.558260250905878,0.587510620921714,0.5671313717780085,0.38910888847708597,-0.04225884749212766,-0.004017371755022148,-0.0005742558751549165,0.005795058492111149,-0.0003056471262891103,0.02548009489479397,-0.00908044669238961,0.013629949930105962,0.39100529587753396,0.39822234366834725
698,0.4868383087621106,0.23452694937568377,,,0,0.5660842035777999,0.6645923177626012,1,0.546244381624078,0.6753989435028711,1,0.5897931382292955,0.5808715646311726,0.5563901543385609,0.5994608804573207,0.5713536433892453,0.39255449562888384,-0.04627621924714978,-0.00401737175502212,-0.00048450556754919827,0.001241673480331107,0.00026283983089103735,0.011950259535606689,-0.010806625740269915,0.022592071508510465,0.43730553727447163,0.44485637760805913
699,0.9675445868748692,0.46298865887387486,0.23175185918807983,0.1483578383922577,1,0.5663855543670344,0.6643694990010529,1,0.5404655530701417,0.6699507519750086,1,0.5889949654330533,0.5823576766272622,0.5541215561069333,0.5955476321572654,0.5731245248430461,0.3924706839204809,0.22846170949819108,0.27473792874534086,-0.0002228187615482824,-0.005448191527862467,0.0014861119960896119,-0.00391324830005535,-0.00558125297395573,0.026514087802340325,0.4488683683809209,0.4745838272596128
700,1.066373350335383,0.4696656771026394,,,0,0.5672051827604201,0.6653631791589024,1,0.5406463003455952,0.6624451977977451,1,0.5879507013558681,0.5794568867251473,0.5436360635998959,0.5793172102861924,0.5789560882615985,0.38793298880221766,0.006677018228764542,-0.22178469126942654,0.000993680157849508,-0.007505554177263507,-0.002900789902114953,-0.01623042187107293,0.0029179813611572847,0.02671869851524497,0.5361589053920557,0.5599579222498772
701,1.1757452209266377,0.47852769704393705,,,0,0.5682270341384411,0.6656841529951165,1,0.5324930039536901,0.6600105631170003,1,0.5835499159054622,0.5765834653735773,0.525650933375127,0.571899804049403,0.5831271448827704,0.3796779031039451,0.00886201994129765,0.002185001712533108,0.00032097383621410014,-0.002434634680744785,-0.0028734213515699825,-0.007417406236789437,0.00567358987811617,0.03618163256888439,0.6356932328431882,0.6683632585044643
702,0.24023902229811742,0.45741276936775355,0.07294073700904846,0.04247170686721802,1,0.5687876540609443,0.6655579175559635,1,0.5203520277673892,0.6538332618354932,1,0.5800368295318431,0.5711149898368035,0.5119425843736779,0.561030826349788,0.5785542877741121,0.37463747719050183,-0.021114927676183504,-0.029976947617481153,-0.00012623543915302182,-0.006177301281507175,-0.005468475536773765,-0.010868977699615034,0.011724655720470323,0.04983450056148338,0.38893264988622067,0.34211738584044166
703,-0.033912920626332554,0.4583150730891291,,,0,0.5676378105583194,0.6653161587353734,1,0.4975365287887252,0.6500547567361774,1,0.5770280096736561,0.5641227907926862,0.49860898420205707,0.5587319892374775,0.5738265335524113,0.37822918822402013,0.0009023037213755636,0.022017231397559067,-0.0002417588205900767,-0.0037785050993157654,-0.006992199044117298,-0.0022988371123104923,0.015261401999196011,0.0717432930434693,0.6361703636978959,0.5649801975013267
704,-0.35570283543946357,0.45962942099923804,,,0,0.5659989167262176,0.6651258745416708,1,0.46901926107374614,0.6506576978794542,1,0.5736288577714878,0.5654131484251799,0.49555452359878077,0.557416597967263,0.5684952403193002,0.3791587071531971,0.0013143479101089262,0.00041204418873336257,-0.00019028419370259453,0.0006029411432767473,0.0012903576324936328,-0.0013153912702145165,0.01446817666221667,0.09805295378723199,0.9443319926613755,0.8465567547689691
705,0.43160030762790363,0.5079047970180656,0.07124325633049011,0.04497811198234558,1,0.566421687544719,0.6652346230689012,1,0.44720517654115194,0.6395360908734407,1,0.5746497171741028,0.5715112304576444,0.4911437863759388,0.5598486448731849,0.5652165824101946,0.38046178348122245,0.04827537601882753,0.046961028108718605,0.00010874852723041784,-0.0111216070060135,0.006098082032464536,0.002432046905921914,0.02569853219546059,0.1219548730181158,0.2071943016780637,0.13255304393275838
706,0.47592057928204134,0.5256485781448217,0.07667228579521179,0.043092042207717896,1,0.5668720604675735,0.6656777699100656,1,0.4264276862507893,0.6257394613122101,1,0.5767218424864279,0.5804388345311112,0.4755135731283932,0.5509828698336348,0.5658495246502825,0.3950460123892583,0.01774378112675612,-0.030531594892071412,0.00044314684116431025,-0.013796629561230511,0.008927604073466822,-0.008865775039550106,0.03993830859785541,0.14601263898307457,0.16697408923623347,0.11165899584821083
707,0.47218318397965536,0.5456402155545913,0.07432892918586731,0.042756736278533936,1,0.5656106816441464,0.6672849017356799,1,0.4023731441237881,0.6131010467945408,1,0.5785702381418403,0.58587906602454,0.4771755177016278,0.5256534392792466,0.5671589304129486,0.41030911734114583,0.019991637409769614,0.002247856283013494,0.0016071318256143385,-0.012638414517669339,0.00544023149342876,-0.025329430554388188,0.05418385494113909,0.1719953016567394,0.1533822903595588,0.09707937688439663
708,0.44468545933458786,0.5699328313837878,0.07982245087623596,0.04848742485046387,1,0.5654424509181184,0.6679164916136314,1,0.38192573474302294,0.5990584453357569,1,0.5796479110976354,0.5861774291781429,0.47243353926834825,0.5160208103262166,0.5567304821810637,0.4175018876128713,0.024292615829196507,0.004300978419426893,0.0006315898779515328,-0.014042601458783888,0.00029836315360287635,-0.009632628953029965,0.06885804627787451,0.19600973356671972,0.15550899873750812,0.06918875933913121
709,0.42081923785470343,0.5854237970137737,0.07071766257286072,0.039869487285614014,1,0.5656670936467768,0.66762642274073,1,0.3701095639525907,0.569652319419115,1,0.5807409630671944,0.5831741681677546,0.4786196424070175,0.5107239869788966,0.5546143006591563,0.4176437461929734,0.015490965629985864,-0.008801650199210642,-0.0002900688729013945,-0.029406125916641934,-0.0030032610103882806,-0.005296823347319957,0.09797410332161505,0.21872739275583886,0.16654780996448842,0.05310565443319038
710,0.4100027579854621,0.5819873307191331,0.07547241449356079,0.042556166648864746,1,0.5659379171006322,0.6671055647112439,1,0.3664904208301011,0.5393405663731572,1,0.5816585558158825,0.5807630198890903,0.4890399820230521,0.5068490543819171,0.5499533186573191,0.4149326972907966,-0.003436466294640561,-0.018927431924626426,-0.0005208580294860932,-0.03031175304595779,-0.002411148278664288,-0.0038749325969795745,0.12776499833808674,0.2368611377345698,0.17765384208119217,0.06092675925981139
711,0.41040517201063986,0.5601478294275928,0.07715418934822083,0.04348963499069214,1,0.5665973366877988,0.6663865594630642,1,0.3524240391068085,0.5343513292236275,1,0.5812047817740315,0.5803108287712971,0.48920655154168424,0.5166658912120856,0.5479726850661831,0.4079342869967427,-0.02183950129154033,-0.01840303499689977,-0.0007190052481796938,-0.004989237149529702,-0.0004521911177931548,0.00981683683016854,0.13203523023943675,0.2516018748362112,0.18889854437259834,0.06346078470665913
712,0.42072553087109626,0.5342904730170668,0.07576298713684082,0.043395400047302246,1,0.5682528488477572,0.6657008940754559,1,0.35873319275018306,0.5605504414371479,1,0.5804488811669353,0.5798805921012088,0.4741437361464151,0.5314704635276173,0.5454177872370669,0.40282201107426263,-0.025857356410526,-0.004017855118985669,-0.0006856653876083918,0.026199112213520448,-0.00043023667008834643,0.014804572315531672,0.10515045263830791,0.23442504981611234,0.19756773094847732,0.06732485371035936
713,0.434551628037731,0.5166613783219359,0.07275760173797607,0.043620407581329346,1,0.5684317818972955,0.6653558724810869,1,0.37819155121797743,0.5976190662283405,1,0.5796962415073149,0.5787148479567524,0.4669001821912481,0.5394886147259674,0.5440969481046486,0.40018948042244645,-0.017629094695130854,0.008228261715395147,-0.0003450215943689994,0.03706862479119255,-0.0011657441444563599,0.008018151198350143,0.06773680625274636,0.2019396451671693,0.20008485247690896,0.09864383148620763
714,0.4435040962988656,0.5068812169366358,0.0702698826789856,0.03998875617980957,1,0.5680432552008617,0.6648615382856042,1,0.39989268579131454,0.6312668231925637,1,0.5791246896044466,0.5772804146072839,0.47113089558641436,0.540608298898091,0.545702178022305,0.40075659765318283,-0.009780161385300135,0.007848933309830719,-0.0004943341954826153,0.033647756964223174,-0.001434433349468578,0.0011196841721236028,0.03359471509304057,0.1714736681678488,0.20116606083914845,0.13180946161073892
715,0.4501531349188982,0.5052651786778696,0.0669085681438446,0.03745448589324951,1,0.5675714399862994,0.6650285816672503,1,0.41696856873721283,0.6637193537710679,1,0.5786060497894544,0.5770647739524797,0.4768023446688485,0.5463740030063714,0.5459404866237411,0.3984331135860287,-0.001616038258766217,0.008164123126533918,0.00016704338164608146,0.03245253057850428,-0.00021564065480417227,0.005765704108280367,0.0013092278961823745,0.1506085618620439,0.19827103494875034,0.16189175716240967
716,0.4537262283930325,0.5095191558564861,0.06417754292488098,0.03703075647354126,1,0.5683662987239323,0.6655456585244015,1,0.4664788526773318,0.6833003041938626,1,0.5781580690332694,0.5792683768166026,0.4802083092160298,0.5650954959049627,0.5437377460441248,0.39692394821621774,0.00425397717861653,0.005870015437382747,0.0005170768571511886,0.01958095042279462,0.002203602864122911,0.018721492898591263,-0.017754645669461055,0.10342281713793644,0.19361460497662533,0.1742484345513432
717,0.4576806167041756,0.5159519834762908,0.06611466407775879,0.038566529750823975,1,0.5688839866208476,0.6658325405337185,1,0.5134978792202601,0.6885398248562989,1,0.578328784835941,0.5812056375485142,0.48578319300862294,0.5737805162739575,0.5402651016476915,0.39543092479329056,0.006432827619804682,0.0021788504411881515,0.00028688200931703545,0.005239520662436381,0.001937260731911583,0.008685020368994878,-0.0227072843225804,0.05986018421535232,0.18662896577077484,0.18138944232507126
718,0.46283811528163954,0.5215320078303669,0.06628173589706421,0.03869593143463135,1,0.5691459696812156,0.666575528098743,1,0.5471734629099294,0.6799429159406877,1,0.578258436224506,0.5825984433911348,0.498366358606829,0.5800538352088043,0.5393593570047374,0.39670828770786376,0.0055800243540761185,-0.0008528032657285634,0.0007429875650244444,-0.008596908915611268,0.0013928058426205814,0.006273318934846728,-0.013367387841944689,0.02571921677522833,0.17983042756687279,0.17946160221039206
719,0.4696953173676187,0.5269040386420013,0.06749740242958069,0.03708416223526001,1,0.5700500746140926,0.6669467869263378,1,0.5571031117256087,0.6679941576008046,1,0.5784530599538815,0.5824028612932309,0.5163733496797775,0.5762172301389469,0.5404811767094277,0.3983497228026087,0.0053720308116343984,-0.00020799354244172008,0.00037125882759481144,-0.01194875833988307,-0.00019558209790382364,-0.0038366050698573906,-0.0010473706744668076,0.012989258383969193,0.1722876915192398,0.16597151617774036
720,0.4770156270945011,0.5350386309490563,0.06881055235862732,0.03796499967575073,1,0.569860799565839,0.6671060506041996,1,0.532117969577616,0.6606064520642584,1,0.5743825866056501,0.5837921439186029,0.5316738326185019,0.5799965628540666,0.538727598701053,0.39988746703881156,0.008134592307055044,0.0027625614954206457,0.0001592636778617873,-0.0073877055365462185,0.0013892826253719681,0.0037793327151197653,0.006499598539941198,0.03829838112375391,0.16143738534057156,0.1371260217710186
721,0.4836167584773589,0.5471318785284777,0.06686583161354065,0.04060947895050049,1,0.5662230010973964,0.6663926577754233,1,0.5051997681145673,0.66166565646305,1,0.5677890659835234,0.5823232415703359,0.5415204640197709,0.5803848710828112,0.5346943552399077,0.40061657042791626,0.012093247579421318,0.003958655272366274,-0.0007133928287762492,0.0010592043987915911,-0.0014689023482670205,0.0003883082287445827,0.004727001312373358,0.06120604141000967,0.145075583012405,0.11654961429779918
722,0.4913411570977641,0.5609045206312481,0.06720215082168579,0.03787410259246826,1,0.5590872439785037,0.6643136803406002,1,0.4920897275913497,0.6597680420015454,1,0.5549289451247225,0.5764622727768013,0.5403784744779366,0.5744286105090322,0.5289958205493958,0.40163660200791124,0.013772642102770405,0.001679394523349087,-0.002078977434823104,-0.0018976144615046042,-0.005860968793534593,-0.005956260573779071,0.004545638339054858,0.0671515452536757,0.12362437704371669,0.09886635532636519
723,0.498510832211996,0.57519759788326,0.06813353300094604,0.03707325458526611,1,0.5550980699718697,0.6622673205838302,1,0.49378493842728327,0.6602849135542022,1,0.5427914059054991,0.5709407634173914,0.5319858588899747,0.5750378367392871,0.5120427994222861,0.4108252692681104,0.014293077252011899,0.0005204351492414938,-0.002046359756770033,0.0005168715526567835,-0.005521509359409871,0.0006092262302549445,0.0019824070296280416,0.06134517126420694,0.10384243876395947,0.08521845668721624
724,0.504121055522961,0.5906950694088131,0.0681939423084259,0.03857088088989258,1,0.5455428876580645,0.6563155785682149,1,0.500511933024309,0.6599803484665611,1,0.5390511430077789,0.5675934708763911,0.5189822043529103,0.5769612717042703,0.5079372675917692,0.4176965684914456,0.015497471525553141,0.0012043942735412427,-0.0059517420156153245,-0.00030456508764109547,-0.003347292541000302,0.0019234349649831506,-0.0036647698983461874,0.04517983414793785,0.07760038272951891,0.0693792163354436
725,0.5102476221204983,0.6074885005459183,0.07122448086738586,0.03947669267654419,1,0.5143136442993878,0.6504782010731753,1,0.5038818719251887,0.6600294176945434,1,0.5377238929104365,0.5635330202453527,0.5245889160659403,0.575855609920505,0.5122531111126055,0.4193924390058712,0.016793431137105186,0.0012959596115520444,-0.005837377495039542,4.906922798231239e-05,-0.004060450631038437,-0.001105661783765255,-0.009551216621368042,0.014143818926138684,0.043181557264444094,0.05292514289416486
726,0.5136619167532337,0.6252861417675083,0.06991493701934814,0.039496421813964844,1,0.5015121946599965,0.6446318435252117,1,0.5180461522664905,0.6564148756729475,1,0.5405548135952972,0.5516333883612143,0.5318981837440944,0.5730739207899563,0.5190251056741249,0.4188890106413332,0.01779764122159,0.0010042100844848134,-0.005846357547963588,-0.0036145420215958346,-0.01189963188413834,-0.002781689130548659,-0.011783032147735795,0.02030299487090307,0.022844516266292567,0.03143596023014639
727,0.5196610147877325,0.6454942587487926,0.06953856348991394,0.037160634994506836,1,0.5078369392916708,0.6288055549665271,1,0.5173131038942916,0.6320764467846952,1,0.547748593503334,0.5491966193591641,0.5298926437592429,0.567347081725061,0.5251024545339521,0.4171600276019959,0.02020811698128433,0.0024104757596943305,-0.01582628855868462,-0.024338428888252328,-0.002436769002050254,-0.0057268390648953504,-0.003270891818168087,0.010024790714130758,0.02045291165748215,0.013621687247452647
728,0.5191858882531912,0.6494536026071496,0.06840181350708008,0.03724151849746704,1,0.515763517214324,0.6231590975087596,1,0.5149343698601284,0.6232047746385855,1,0.5509225205228637,0.550241899098198,0.5262456072486552,0.5643767822137247,0.5251317586279677,0.4162103252821694,0.003959343858356945,-0.016248773122927385,-0.005646457457767484,-0.008871672146109733,0.0010452797390338997,-0.002970299511336316,-4.567712982583849e-05,0.0008304045611379292,0.026516289746058574,0.02659090781394693
729,0.5120418714651217,0.6335455728798501,0.06757327914237976,0.03828030824661255,1,0.5215066318333059,0.6287107015379846,1,0.5093317546099062,0.6473034961964856,1,0.5503323649074094,0.5516681126945281,0.5295110630192255,0.56583235566681,0.5226669778121328,0.41575974461614273,-0.015908029727299433,-0.019867373585656378,0.0055516040292249436,0.02409872155790016,0.001426213596330106,0.0014555734530853348,-0.018592794658501055,0.02222430310759018,0.010628154577326373,0.0140223103429979
730,0.49607773684305784,0.6010917019435362,0.07051652669906616,0.03823727369308472,1,0.5195658812696015,0.6406138648760209,1,0.5068483337214671,0.6576729380695975,1,0.5490551955036365,0.553743291697448,0.5313185558339125,0.5681357330170578,0.5204358137235002,0.415221999607277,-0.03245387093631391,-0.016545841209014478,0.011903163338036316,0.01036944187311184,0.002075179002919869,0.0023033773502477706,-0.01705907319357658,0.021277875689618583,0.045974931119731305,0.057597239852880955
731,0.4890078268099576,0.5841305779916919,0.06940019130706787,0.039619266986846924,1,0.521087574500319,0.6439443706550454,1,0.503111737476101,0.6653345852047315,1,0.548190405125181,0.5554717221287262,0.5306920700952813,0.5746754359460559,0.518984844435347,0.414807564372315,-0.016961123951844348,0.015492746984469563,0.003330505779024495,0.007661647135134064,0.0017284304312782384,0.006539702928998081,-0.02139021454968615,0.027940508141457415,0.06787341161789268,0.08241972508771159
732,0.485253966936542,0.5770516299943516,0.06987330317497253,0.039140284061431885,1,0.5190764515329542,0.6505440910857859,1,0.5039898351743036,0.6633499068085569,1,0.5467662710134363,0.5565914337764024,0.5300699100634318,0.5779324148814069,0.5183939097606379,0.414314891847223,-0.0070789479973403235,0.009882175954504024,0.00659972043074053,-0.001984678396174666,0.0011197116476762137,0.0032569789353510403,-0.012805815722770952,0.019788757148408078,0.08090180654071044,0.08830869345497064
733,0.4828566682787003,0.5766853786112836,0.0702880322933197,0.03960263729095459,1,0.5146224428810137,0.6600130404670749,1,0.5098660288159169,0.6585941337474992,1,0.5420598184216364,0.5582670901444922,0.5274631841416184,0.5779116738531987,0.5188419060303288,0.414165967390728,-0.00036625138306800586,0.006712696614272318,0.00946894938128895,-0.004755773061057678,0.0016756563680897507,-2.0741028208148826e-05,0.0014189067195756744,0.00496354420122428,0.0891771476693333,0.08624702733772271
734,0.4794449916292851,0.5810264078339296,0.06914636492729187,0.03950655460357666,1,0.5044646309227331,0.66042584957772,1,0.5099688098286528,0.6545728433077749,1,0.5382133853328146,0.5580535347540794,0.5269306777238055,0.5776279187066298,0.5193949388816692,0.41436260889779347,0.004341029222646009,0.004707280605714015,0.00041280911064511816,-0.004021290439724323,-0.0002135553904127896,-0.0002837551465689758,0.005853006269945116,0.0080345297201758,0.08324814532228221,0.07962902516279188
735,0.4759757384108562,0.5869545265982395,0.06978097558021545,0.03964918851852417,1,0.4996975575967707,0.6562538443970217,1,0.508948282097239,0.6526298918825676,1,0.5351339812221934,0.5591276265520735,0.5271694873531175,0.5757356195816551,0.5198586121989545,0.41458268358026,0.005928118764309986,0.0015870895416639774,-0.004172005180698268,-0.0019429514252072844,0.0010740917979941145,-0.0018922991249746834,0.003623952514454132,0.009935237068665361,0.07324698050340252,0.07348770130015185
736,0.47229345246488996,0.5927343792930091,0.06886240839958191,0.03933990001678467,1,0.501540714952037,0.6520184029380559,1,0.5078503571024275,0.6523149917349943,1,0.5322946324217065,0.5588988696260643,0.526431962047474,0.5743204655254988,0.519980834919294,0.4146876190286958,0.0057798526947695494,-0.00014826606954043697,-0.004235441458965816,-0.00031490014757329376,-0.00022875692600921038,-0.0014151540561563314,-0.0002965887969383907,0.006316608977960746,0.06610595905467637,0.0693840244318891
737,0.4678626902359984,0.5989653784371509,0.06796136498451233,0.03928422927856445,1,0.5024532957288589,0.6316444175863869,1,0.490441406383465,0.6527910143592421,1,0.5338809765979441,0.5535083594979093,0.5265484344484369,0.5767281827650375,0.5192745110084581,0.414771249193478,0.006230999144141824,0.000451146449372275,-0.02037398535166901,0.0004760226242478405,-0.005390510128154946,0.002407717239538698,-0.021146596772855242,0.02432003373187872,0.04758602303281927,0.05836949122003194
738,0.4628582176098605,0.6072472499472891,0.06874170899391174,0.03839772939682007,1,0.4774957535622316,0.6217344516365152,1,0.47429146718168924,0.655097619257274,1,0.5337815052306794,0.5460011431229167,0.527533762353296,0.5816551987346554,0.5180731494343055,0.41555448236670817,0.00828187151013815,0.0020508723659963257,-0.009909965949871702,0.0023066048980319165,-0.007507216374992631,0.004927015969617976,-0.03336316762075886,0.033516688453655165,0.020594573837330866,0.049197327558249286
739,0.4580333755525014,0.6169334228205601,0.06854969263076782,0.03801298141479492,1,0.4501180506164103,0.6105924561938084,1,0.47606193183189077,0.6565496757219157,1,0.5330928106445241,0.5380612637864919,0.5278941708186604,0.5809812229953322,0.5171091120523564,0.41604879493775065,0.009686172873271004,0.0014043013631328538,-0.011141995442706776,0.0014520564646416378,-0.007939879336424815,-0.0006739757393232626,-0.045957219528107274,0.05277452983473756,0.010142003086446175,0.043525582540194424
740,0.45487678151361943,0.6173834625803873,0.06743913888931274,0.038473665714263916,1,0.45066032924127974,0.5916626528976453,1,0.48628276698035106,0.6604188037245536,1,0.5343844977970117,0.5330217878330573,0.5278081805399798,0.5785830513096394,0.5152436230458746,0.4176811079182071,0.00045003975982726985,-0.009236133113443734,-0.018929803296163117,0.003869128002637945,-0.005039475953434569,-0.002398171685692785,-0.06875615082690834,0.07743620824269858,0.026064123244428448,0.05327641608189622
741,0.46090368206752397,0.6004924970766695,0.0678587257862091,0.03856801986694336,1,0.4688065436973212,0.6032194303925383,1,0.4987203537035741,0.6655435870506106,1,0.5355526619452796,0.52884080449737,0.5275731501424576,0.5796920510682829,0.5130708816176633,0.4180098778492934,-0.016890965503717825,-0.017341005263545095,0.011556777494893034,0.005124783326056925,-0.004180983335687283,0.0011089997586435363,-0.06232415665807223,0.0691312992227842,0.00836010689219444,0.07524456764728342
742,0.47154235977144277,0.5765642371752042,0.06763014197349548,0.03829771280288696,1,0.4607084152136668,0.6082300110377438,1,0.497281600366407,0.6789857649198705,1,0.5317689623620453,0.5311975558767389,0.5252287669659731,0.5815008064185381,0.5109766934449602,0.4174001601366584,-0.0239282599014653,-0.007037294397747473,0.005010580645205431,0.013442177869259941,0.00235675137936886,0.0018087553502551534,-0.07075575388212674,0.07964907142989622,0.03346782916465388,0.10560623964499873
743,0.48265217935379906,0.5566520327875674,0.06751325726509094,0.03938263654708862,1,0.4620231734772731,0.6206640986975028,1,0.4960074222988258,0.6783580179853905,1,0.5296266715727798,0.5351541510438153,0.5247208688850804,0.5810792689849978,0.5114821870485816,0.41685817845794515,-0.019912204387636856,0.004016055513828443,0.012434087659759063,-0.000627746934479978,0.00395659516707636,-0.0004215374335402311,-0.057693919287887696,0.06695907325196865,0.06725399962464436,0.12243655233259974
744,0.48913482856588064,0.544120377505619,0.06727197766304016,0.038054823875427246,1,0.4730131649119548,0.6286262323046375,1,0.4856103572274028,0.6736761423190031,1,0.5295218396794409,0.5399081745172039,0.5257570300500294,0.5794678037402597,0.5125902583747128,0.4164568611677991,-0.012531655281948328,0.0073805491056885275,0.007962133607134714,-0.004681875666387447,0.004754023473388602,-0.0016114652447380973,-0.045049910014365535,0.04677802525262065,0.08602992231940648,0.12960369629989968
745,0.494449867485553,0.539187599283457,0.06629401445388794,0.0359647274017334,1,0.5037874552332042,0.634396946840317,1,0.4901497164503285,0.6514470172376592,1,0.5306868227217515,0.5415601280286417,0.5263872282621642,0.5727270536436793,0.51375736132976,0.4160455586576416,-0.004932778222161982,0.007598877059786346,0.005770714535679455,-0.022229125081343892,0.0016519535114378758,-0.006740750096580483,-0.017050070397342187,0.0218332961245955,0.09566614033788569,0.11234174744208843
746,0.5024401214416142,0.5373118064352138,0.06480976939201355,0.035060226917266846,1,0.5325014480125043,0.6741258524316469,1,0.5218351494387687,0.6364901605692578,1,0.5295411407743366,0.5533251352603971,0.5249827089283359,0.5630288003553063,0.5142896219806814,0.4144375845866334,-0.0018757928482432407,0.0030569853739187414,0.03972890559132991,-0.014956856668401408,0.011765007231755331,-0.009698253288372927,0.03763569186238913,0.03911796553023658,0.1400777160618912,0.10105697917387123
747,0.5085578429644223,0.5392180401507362,0.06522232294082642,0.03631240129470825,1,0.5652343103287971,0.6465870696581584,1,0.5260306553407598,0.6610771100749144,1,0.5297867008943249,0.5667615697725961,0.5285405401846079,0.5681712391331949,0.5171783548264063,0.4125588066175094,0.001906233715522343,0.0037820265637655837,-0.027538782773488535,0.024586949505656652,0.013436434512199003,0.005142438777888558,-0.014490040416756056,0.04179578729609349,0.12140976258221885,0.12310536988744424
748,0.5134945781160036,0.5418721578929327,0.06561201810836792,0.03639894723892212,1,0.5838254481322553,0.6746458061582944,1,0.520576459461229,0.6714099315084313,1,0.5484601731504205,0.5862176581486482,0.535295766461475,0.5701169797127136,0.5206824188635913,0.41213015364860706,0.0026541177421965934,0.0007478840266742504,0.028058736500136017,0.010332821433516881,0.019456088376052172,0.0019457405795186844,0.0032358746498630797,0.06333170969314855,0.15025070033426421,0.1297312138101236
749,0.5177250158092815,0.5453750126250341,0.06444475054740906,0.036001384258270264,1,0.5901730298918877,0.6791292934256321,1,0.5117423279492875,0.6734041662334503,1,0.5678923550138723,0.5908422132300518,0.535456318223626,0.569596803390742,0.5232683403836932,0.41262515042684356,0.0035028547321013237,0.0008487369899047303,0.004483487267337716,0.0019942347250190284,0.004624555081403581,-0.0005201763219715438,0.005725127192181767,0.07863938001138897,0.1521148328631982,0.12816886021072968
750,0.5220302100936207,0.5506996871662532,0.0667991042137146,0.03705853223800659,1,0.5735262541892502,0.6742142375623399,1,0.5053906287027344,0.6719115623641507,1,0.5805044927423203,0.5850293208694182,0.5307970043470784,0.5709895113849143,0.5257327001135761,0.4132919725644928,0.005324674541219099,0.001821819809117775,-0.004915055863292217,-0.0014926038692996135,-0.005812892360633648,0.0013927079941722376,0.0023026751981891636,0.0681745243731637,0.1338196051296164,0.12234865899491755
751,0.526010362401465,0.5569361965198119,0.06960517168045044,0.03807961940765381,1,0.5666026614963604,0.6688313255689103,1,0.5010111408404045,0.6697329136257093,1,0.5871295484109487,0.5802033114614228,0.5228025900239255,0.5734073775964293,0.5324125556623829,0.4134686858139265,0.0062365093535586835,0.0009118348123395847,-0.005382911993429551,-0.0021786487384414244,-0.00482600940799538,0.002417866211515074,-0.0009015880567989631,0.0655977167513081,0.119030477822799,0.11553380660450364
752,0.5304086495138243,0.565199632746054,0.06857496500015259,0.03676152229309082,1,0.5515415726080566,0.6663518070724772,1,0.5012916690166552,0.6680208820150103,1,0.5863698251148486,0.5794576389694249,0.5177309636669952,0.5768929649818685,0.5325271596983542,0.4142486585214164,0.008263436226242149,0.0020269268726834655,-0.0024795184964331307,-0.0017120316106989941,-0.0007456724919978619,0.0034855873854391373,-0.0016690749425330997,0.05027761551733458,0.1033361640930698,0.10686443680898416
753,0.5374042258865311,0.5779811909087555,0.06342649459838867,0.034163594245910645,1,0.5508681993309019,0.665442265808505,1,0.5096326783134708,0.6670902190930983,1,0.5820325345373537,0.580050395361733,0.518609803097234,0.5810584104602651,0.5308009996183447,0.4167374119897432,0.012781558162701545,0.004518121936459396,-0.0009095412639722467,-0.0009306629219120177,0.000592756392308047,0.00416544547839659,-0.0016479532845933287,0.0412684376201378,0.08849134535947738,0.09333636889530653
754,0.5469164649888162,0.5932929140723225,0.06638014316558838,0.03935009241104126,1,0.5598907877508844,0.6645861231624738,1,0.5329698964946569,0.666200519464521,1,0.5765991675209899,0.5787145530765135,0.5269197089055192,0.5832468511590967,0.5289549847462013,0.41872059863347827,0.015311723163566993,0.0025301650008654475,-0.0008561426460311772,-0.0008896996285773229,-0.0013358422852194352,0.0021884406988316174,-0.001614396302047183,0.026969254002469037,0.07246416158009658,0.07422954732979851
755,0.5501089967859651,0.6049449532180774,0.06825846433639526,0.0404704213142395,1,0.5699045913609966,0.6645552277977961,1,0.5490828675319779,0.6661605871583348,1,0.5707916253394368,0.5811405068689227,0.5351463647871436,0.5833666791036688,0.5322451082438966,0.4226215045380668,0.011652039145754856,-0.003659684017812137,-3.0895364677707704e-05,-3.993230618615229e-05,0.0024259537924091745,0.000119827944572104,-0.0016053593605387384,0.020883518905787754,0.06281122829597005,0.06122423360037661
756,0.5519230923053888,0.617069976558708,0.067421555519104,0.03962266445159912,1,0.5722277427735804,0.6634737601315261,1,0.5558684473896722,0.6627177172486497,1,0.5704931287828494,0.5781351409582273,0.5383926352550328,0.5813911595521755,0.5391907431013576,0.4255905394473192,0.012125023340630592,0.0004729841948757363,-0.0010814676662699307,-0.00344286990968512,-0.0030053659106954456,-0.001975519551493332,0.0007560428828764509,0.016376756281349058,0.05065165308761777,0.04581792287781323
757,0.5587365380948457,0.6359986413751176,0.0649920105934143,0.038320958614349365,1,0.5712583008381038,0.6578325529786531,1,0.558953800170672,0.6533286401597184,1,0.5692781908805411,0.5725068747284339,0.5439716194533027,0.5672167846291319,0.54366014791838,0.42846200434047144,0.018928664816409646,0.006803641475779054,-0.0056412071528730845,-0.00938907708893133,-0.005628266229793399,-0.01417437492304352,0.004503912818934697,0.013102899196566941,0.025169708741053124,0.01733136061259632
758,0.5635676655821259,0.6550269968294081,,,0,0.577781317655773,0.6513529190072541,1,0.5612018291005284,0.643977275753078,1,0.5693104790802992,0.5718697543244469,0.5457200515904547,0.5560000805194355,0.5468674901469098,0.4288225328074511,0.01902835545429049,9.969063788084487e-05,-0.006479633971398946,-0.009351364406640417,-0.0006371204039870015,-0.01121670410969644,0.007375643254176167,0.018146061670962135,0.014680829442301166,0.011300155668058426
759,0.5683132959513719,0.6757595300301139,,,0,0.592297327557099,0.6408834439935283,1,0.5586990116063438,0.641332479722826,1,0.570585405015005,0.5684723432633868,0.5453344238086553,0.5553927608666982,0.5496834402186747,0.4263613093953422,0.020732533200705783,0.0017041777464152918,-0.01046947501372586,-0.002644796030251917,-0.0033974110610600627,-0.0006073196527373037,-0.00044903572929777535,0.03360131645952213,0.042327002602308594,0.03574431781874683
760,0.5924248168040886,0.6163552026148006,0.0664374828338623,0.03871166706085205,1,0.592099208083622,0.6195591688380356,1,0.5692995997097564,0.6485888299234273,1,0.5716417154961083,0.5597160020475526,0.5443764664652169,0.5599464308474523,0.5531163573527447,0.4236114987905765,-0.05940432741531332,-0.0801368606160191,-0.021324275155492622,0.007256350200601225,-0.00875634121583424,0.004553669980754127,-0.029029661085391623,0.03691264505199193,0.0032204690028744157,0.039670926320561746
761,0.5903523603210201,0.6118669668469131,0.06642323732376099,0.03871333599090576,1,0.5867697030644622,0.618243486605354,1,0.5671079916930347,0.6552556898750508,1,0.5721854864643816,0.5579792292310856,0.5423773662744773,0.5642168786103123,0.5587945798259777,0.4223602585581607,-0.004488235767887483,0.054916091647425835,-0.0013156822326816364,0.006666859951623527,-0.0017367728164670027,0.004270447762860008,-0.037012203269696786,0.04191045317018982,0.007314057509191069,0.04922277886229216
762,0.5927540408423687,0.6046804681086837,0.06726032495498657,0.038107454776763916,1,0.5892837146182707,0.6150255299880639,1,0.5688590268614406,0.6586005125000572,1,0.57335335107853,0.5611807760655475,0.5430487314724688,0.5660684675004655,0.5618118345569592,0.4181451358709775,-0.007186498738229408,-0.0026982629703419247,-0.003217956617290074,0.0033448226250064605,0.0032015468344619435,0.001851588890153133,-0.04357498251199332,0.04812428670520246,0.010911620841555504,0.058977477737831775
763,0.5991923693430863,0.5965293933719692,0.0702052116394043,0.03972500562667847,1,0.585455142355524,0.6251012327815069,1,0.5699834269169242,0.6596527662609052,1,0.5739380931948344,0.5653438052878597,0.5467091086823022,0.5675303837771943,0.5627282080813307,0.41454952839386217,-0.008151074736714503,-0.0009645759984850955,0.010075702793442942,0.0010522537608479432,0.0041630292223121534,0.0014619162767288696,-0.03455153347939832,0.037857396164963475,0.03170270355272906,0.06955373837925977
764,0.6080485830007784,0.5933803428648111,0.07279664278030396,0.04007518291473389,1,0.5864385458964776,0.6383526557153251,1,0.5731334678085565,0.6586286505457153,1,0.573874811527526,0.5667752728084262,0.5524843976422424,0.5657456990147447,0.5652045732474652,0.4141001342567478,-0.00314905050715808,0.005002024229556423,0.013251422933818202,-0.0010241157151898994,0.001431467520566554,-0.0017846847624496398,-0.02027599483039022,0.024251619931206454,0.04989491584093271,0.07400274943613962
765,0.6205400365708883,0.594109687854972,0.0697396993637085,0.04027944803237915,1,0.5687284135055855,0.6727189466589562,1,0.5725874097548886,0.6573117240839043,1,0.5702841474094758,0.5738818575076314,0.5597543235779006,0.5646530505747941,0.5678360516529393,0.4137075610298909,0.0007293449901608628,0.0038783954973189427,0.034366290943631084,-0.00131692646181103,0.007106584699205221,-0.0010926484399506053,0.015407222575051893,0.01588314702851185,0.09414807408743306,0.07933443011730656
766,0.6305108298116385,0.5982866465192613,0.06988412141799927,0.039224088191986084,1,0.5653900086028616,0.6910495240001343,1,0.6033356142324848,0.6563014818705638,1,0.5671409572054522,0.5855266506696089,0.5672800879119297,0.561990647116799,0.5664535255908245,0.41502572843858176,0.004176958664289354,0.0034476136741284913,0.018330577341178156,-0.001010242213340451,0.011644793161977418,-0.002662403457995066,0.0347480421295705,0.051451874780587936,0.11333875239050827,0.06406413554097341
767,0.639825030844938,0.6050841640585419,0.07033663988113403,0.03960639238357544,1,0.5524781893181511,0.6904101978370135,1,0.6385846691816421,0.6557562117053595,1,0.566980755819768,0.5933547770274763,0.5762563488080791,0.5609160809521353,0.5671513124550359,0.4165951978100924,0.006797517539280595,0.002620558874991241,-0.0006393261631207903,-0.0005452701652043368,0.007828126357867449,-0.0010745661646637261,0.034653986131654047,0.09281823435777403,0.12210652220528807,0.05068722629792561
768,0.6471535541849535,0.6126327263061647,0.06997376680374146,0.03898012638092041,1,0.5436728711755697,0.6789123724281342,1,0.6541612340359724,0.6469246367558666,1,0.569497170634007,0.5984811356503746,0.5855242685501494,0.5655783957050327,0.5719885136501364,0.4172371867385745,0.007548562247622792,0.0007510447083421967,-0.011497825408879336,-0.008831574949492826,0.0051263586228983415,0.004662314752897356,0.03198773567226754,0.11502562132416785,0.12288711586713255,0.03500060998303819
769,0.6533348202980995,0.6200059683015294,0.07093155384063721,0.03924846649169922,1,0.5422821970542729,0.6662603791644532,1,0.6751377844967358,0.6351525781491284,1,0.5719991334833737,0.5942540072736016,0.5878264356191787,0.5595095069778494,0.5806434770588127,0.4216936680510417,0.00737324199536471,-0.00017532025225808212,-0.012651993263680938,-0.011772058606738245,-0.004227128376773082,-0.0060688887271832526,0.031107801015324843,0.136448900320563,0.1203002728742186,0.02654786314795216
770,0.6571016761973244,0.6119233902673282,0.07102537155151367,0.03896892070770264,1,0.5438946318466982,0.6605580454927632,1,0.6655488832914755,0.5965824424983056,1,0.5727891250000473,0.58705811500182,0.5783544582833656,0.5382120697715929,0.5924270450332834,0.4211093379760846,-0.008082578034201204,-0.015455820029565914,-0.005702333671690041,-0.03857013565082279,-0.007195892271781523,-0.021297437206256542,0.06397560299445759,0.13745048080342814,0.12321186866329714,0.01751285202767834
771,0.6600922095884164,0.5935909795453499,0.07124614715576172,0.04125291109085083,1,0.5457980560357605,0.6591780649991119,1,0.6488821656485272,0.60313487350761,1,0.5709986497130898,0.5813614280371757,0.5707484687490549,0.5313685005043165,0.5942515932942223,0.41986272440666017,-0.01833241072197833,-0.010249832687777127,-0.0013799804936512894,0.00655243100930436,-0.005696686964644315,-0.0068435692672763615,0.05604319149150194,0.11733359692436798,0.13177564006536707,0.01472246572748979
772,0.6635761960428144,0.5731121145320309,0.07179594039916992,0.04157149791717529,1,0.5518940011199858,0.6589621282678545,1,0.6273847078766666,0.6052444166235522,1,0.5671502353670694,0.5799953865690558,0.5677582943625517,0.5234025352718431,0.5944329832021283,0.41832654598760644,-0.02047886501331897,-0.002146454291340638,-0.00021593673125741564,0.0021095431159422473,-0.0013660414681199162,-0.007965965232473393,0.05371771164430228,0.09265224957292499,0.1408656719049101,0.048397403374367105
773,0.6653044881327769,0.5582596063839115,0.07159644365310669,0.04189485311508179,1,0.570901494902723,0.6617915302646215,1,0.6117312740717786,0.6158170699619907,1,0.5652670935759587,0.5741363046328154,0.5665409279265378,0.5209722952985598,0.5920929650356357,0.4153701102549734,-0.014852508148119448,0.005626356865199522,0.002829401996766956,0.010572653338438487,-0.005859081936240407,-0.002430239973283288,0.04597446030263075,0.06148757490023508,0.1401099011249195,0.07863174218067062
774,0.6674487931858369,0.550108041460436,0.07154238224029541,0.0407065749168396,1,0.5812917223833279,0.666394328551789,1,0.5980316389761,0.6305709300615691,1,0.5643539078333897,0.5683004988551283,0.5669600536851878,0.5287055629533298,0.599730343030313,0.40671742987265525,-0.008151564923475463,0.006700943224643985,0.0046027982871675865,0.014753860099578353,-0.005835805777687053,0.007733267654770004,0.03582339849021998,0.03954163232495671,0.1447257455146151,0.10626861126699992
775,0.6705975288250152,0.5474047064955055,0.07002151012420654,0.03950166702270508,1,0.5847573366696717,0.6623607723731866,1,0.5667010653436718,0.6492894312523244,1,0.5654746699379736,0.5680252782346742,0.5685909834292548,0.5402649669762356,0.6024903453939565,0.40020156830848325,-0.0027033349649304705,0.005448229958544992,-0.00403355617860246,0.018718501190755354,-0.00027522062045415296,0.011559404022905784,0.013071341120862168,0.02229100475295061,0.14346928476625248,0.1455162268020404
776,0.6738922466709916,0.5481893973580296,0.07065963745117188,0.038782596588134766,1,0.5858849166614875,0.6639151563884612,1,0.5408501827333064,0.6690380857093159,1,0.5665990431745991,0.57164786806054,0.5694185806074781,0.5564447575262321,0.6020938105072196,0.4008637842169781,0.0007846908625240845,0.003488025827454555,0.0015543840152746347,0.019748654456991477,0.0036225898258658296,0.01617979054999652,-0.0051229293208546745,0.04532517694183368,0.14538824381142817,0.17973479421922015
777,0.6770299717946809,0.5511345649395086,0.07020413875579834,0.03840667009353638,1,0.5723916138093759,0.6636246653145992,1,0.5289379592729713,0.6878541485634804,1,0.5798363915007552,0.5723057319648392,0.5631003043218086,0.5851679433951144,0.6015769803224252,0.40344652033182726,0.0029451675814790024,0.002160476718954918,-0.00029049107386203143,0.018816062854164484,0.0006578639042992274,0.02872318586888223,-0.02422948324888119,0.049752265788373995,0.1536333578499761,0.20155269464594716
778,0.6809077045087795,0.5555898684296009,0.06823790073394775,0.03748619556427002,1,0.5600288972096887,0.6656453456206435,1,0.5338302877469356,0.6895602910778355,1,0.587058600537136,0.575688616083367,0.5524563077650595,0.5983142864379926,0.600178312639235,0.40758518486050915,0.004455303490092266,0.0015101359086132637,0.002020680306044298,0.0017061425143550801,0.003382884118527718,0.013146343042878206,-0.02391494545719197,0.03547240834793041,0.16347444483404372,0.1989468287404544
779,0.6854319975504352,0.564906756390032,0.06662094593048096,0.038022398948669434,1,0.5597623422158253,0.6663230365192613,1,0.552783112066779,0.6822580198347888,1,0.6076395621448439,0.5770221876283921,0.541517939780988,0.6008783576269642,0.602916348631951,0.41018181902391765,0.009316887960431064,0.004861584470338798,0.0006776908986177999,-0.00730227124304661,0.001333571545025114,0.0025640711889716172,-0.015934983315527562,0.01739636015778873,0.16148722595663703,0.17710744154929475
780,0.688805048360477,0.5754801332678042,0.06951582431793213,0.04006385803222656,1,0.5757337007105486,0.6681105753746927,1,0.5701723695639066,0.6711855896168359,1,0.62414695015168,0.5769427671661878,0.5364882592313145,0.5914595486581028,0.6052467786129259,0.4101783078548392,0.010573376877772267,0.001256488917341203,0.0017875388554313698,-0.0110724302179529,-7.942046220432708e-05,-0.00941880896886138,-0.0030750142421432924,0.006354849857549342,0.1461695196143456,0.15242456118823713
781,0.6918523347800037,0.5856769800902695,0.07115954160690308,0.040479421615600586,1,0.6177264490777352,0.6677072896248709,1,0.5821000862304616,0.665493306236669,1,0.6274682635011302,0.5750067063255784,0.5392719954246116,0.5815377719964017,0.6061532495519238,0.41140469389471207,0.010196846822465244,-0.00037653005530702277,-0.0004032857498217357,-0.005692283380166918,-0.0019360608406093771,-0.009921776661701132,0.00221398338820189,0.03569509002886575,0.11056047491526211,0.13570630781650828
782,0.6944970723546859,0.5972773459037624,0.07192152738571167,0.040857553482055664,1,0.6620292430740073,0.6640806901128128,1,0.585253522036038,0.6674295854634644,1,0.6316815788843997,0.568105144501211,0.5441868489829389,0.5761057953054356,0.6120707606514654,0.41094651512309754,0.011600365813492886,0.0014035189910276413,-0.0036265995120581263,0.001936279226795401,-0.006901561824367408,-0.005431976690966067,-0.0033488953506516372,0.0768487243939007,0.07427547869729391,0.12982869483078383
783,0.6966941063283396,0.6105641822903011,0.0708233118057251,0.040173351764678955,1,0.7064839669195514,0.65807156539032,1,0.582638944895619,0.6736189788569416,1,0.63369257312508,0.5636722051397437,0.547597731136045,0.5754661601308055,0.623564023800418,0.4097069272537188,0.013286836386538714,0.0016864705730458285,-0.00600912472249282,0.006189393393477127,-0.00443293936146727,-0.0006396351746300599,-0.015547413466621585,0.12481711239093139,0.04850559575355531,0.1303245457291311
784,0.6998529037820632,0.6258071276519196,0.06955432891845703,0.03915286064147949,1,0.7140626485574544,0.6521655918852391,1,0.5773119510491717,0.6749844286088956,1,0.6335620369500028,0.5629574117036577,0.5499053268551067,0.577159855859276,0.6228101322204473,0.4124319962801996,0.01524294536161852,0.0019561089750798066,-0.005905973505080819,0.0013654497519540731,-0.0007147934360860475,0.0016936957284704457,-0.022818836723656477,0.13864145331906594,0.029944707100269703,0.1320404938876622
785,0.7046891173206085,0.6391226794692855,0.06683152914047241,0.03670620918273926,1,0.7249629737030906,0.6224031506475828,1,0.5728177672376863,0.6715419718970621,1,0.6328912858313205,0.5591053163520352,0.5507219238717306,0.5786434632926253,0.6211941921925865,0.4138632789949547,0.013315551817365878,-0.0019273935442526424,-0.029762441237656367,-0.003442456711833519,-0.003852095351622453,0.0014836074333492988,-0.049138821249479325,0.15988366897275275,0.026278734684859896,0.1357978773553192
786,0.707985125262867,0.6349346763757052,0.06911498308181763,0.03802919387817383,1,0.7313959705746981,0.6044886569623177,1,0.5705937859283189,0.6699224188258078,1,0.6341148306262829,0.5574643603937129,0.5502522321307327,0.5807302605220943,0.6198404307704619,0.41566646836793625,-0.00418800309358025,-0.01750355491094613,-0.017914493685265098,-0.001619553071254276,-0.0016409559583222544,0.0020867972294690285,-0.06543376186349015,0.17360564443201773,0.03840609035471915,0.14177631059487927
787,0.7079541300411551,0.6179181038453151,0.07060235738754272,0.03986704349517822,1,0.7166077668000013,0.623934824295069,1,0.5705301354875708,0.6723139102617622,1,0.6340199138393382,0.5601582633980006,0.5489647682712242,0.5849701147898919,0.6178161187918063,0.4161688273343808,-0.01701657253039013,-0.012828569436809878,0.019446167332751285,0.002391491435954407,0.0026939030042876233,0.004239854267797605,-0.04837908596669327,0.15388050665637626,0.010539751141489974,0.14779803122761537
788,0.7055811197953707,0.5976904927145785,0.07188522815704346,0.040664851665496826,1,0.7087722696320045,0.6427441400319128,1,0.571691149587723,0.6751172404070954,1,0.634647179546041,0.5639057995306828,0.5480104291239271,0.5865833253205668,0.6192197998822904,0.4151315827736811,-0.020227611130736567,-0.0032110386003464386,0.018809315736843857,0.0028033301453331827,0.0037475361326821943,0.001613210530674869,-0.032373100375182595,0.1408518764535863,0.045166520497760196,0.15466552744695716
789,0.7035458492291465,0.5828974367787683,0.07297074794769287,0.04128396511077881,1,0.7041006794066976,0.6521868804140499,1,0.5730340331911209,0.6751689302987198,1,0.6305668837473491,0.5659901424882529,0.5475367333402894,0.5849599922985609,0.6224649432465158,0.4132413725410579,-0.014793055935810262,0.005434555194926305,0.009442740382137105,5.168989162440685e-05,0.0020843429575700956,-0.0016233330220059017,-0.022982049884669897,0.1330663006440797,0.0692916649808099,0.15983542361424738
790,0.7023705693738193,0.5759275576932272,0.07324296236038208,0.04125422239303589,1,0.6955769284445562,0.6601115898140548,1,0.5739200910738292,0.6747782214243875,1,0.6271324104714013,0.566107420590192,0.5479441612980296,0.5828942156662255,0.6266281695833964,0.40794890107918685,-0.006969879085541031,0.007823176850269231,0.007924709400004892,-0.00039070887433234613,0.00011727810193917776,-0.0020657766323354254,-0.014666631610332659,0.12253773362454816,0.0844577102530982,0.16208324742423913
791,0.7018610658130867,0.5744796993168632,0.07196354866027832,0.041841089725494385,1,0.6930711474976882,0.6653890126321801,1,0.5762145662616309,0.6747161331172754,1,0.6263243916401996,0.5656874496234131,0.548362974344419,0.5831278315811098,0.6272679086633551,0.40574339273681376,-0.001447858376364075,0.005522020709176956,0.005277422818125266,-6.208830711207369e-05,-0.0004199709667789264,0.0002336159148843553,-0.00932712048509532,0.11722822081189635,0.09133326837168283,0.1607307858207581
792,0.7017059629701615,0.5775091638309802,0.07183384895324707,0.04270237684249878,1,0.699885930755908,0.6624954918858477,1,0.5769277000709085,0.6747980938652544,1,0.6277245639972635,0.565301253443079,0.5486548650500744,0.5842081755835884,0.6251069890170826,0.40599548184843975,0.0030294645141170085,0.0044773228904810836,-0.002893520746332423,8.196074797894859e-05,-0.0003861961803340863,0.0010803440024785838,-0.012302601979406691,0.12357216720867706,0.08500581435119882,0.1582237365232189
793,0.700940651863933,0.5828295776410656,0.07200050354003906,0.04318892955780029,1,0.7120602032474121,0.6582028206526687,1,0.5773559223814284,0.6749821592860563,1,0.6325010211213696,0.5665503658630553,0.54869081144799,0.5857326200514446,0.6236907596480192,0.4052480178459865,0.0053204138100854115,0.002290949295968403,-0.004292671233179002,0.00018406542080195987,0.0012491124199762726,0.0015244444678561564,-0.016779338633387653,0.13574531111090257,0.07618904242117765,0.15415992885669255
794,0.6997561279182727,0.5896509198648519,0.07393920421600342,0.043218135833740234,1,0.7202418377704318,0.6538589360011433,1,0.5772074203712906,0.6751427209141675,1,0.636805175274754,0.5664475956253723,0.5502858625500859,0.5855247894140146,0.6230198089607919,0.40599496398264207,0.006821342223786275,0.0015009284137008638,-0.004343884651525354,0.0001605616281111777,-0.00010277023768301419,-0.0002078306374299066,-0.021283784913024184,0.14460928068742904,0.06739683704970964,0.14942233356527235
795,0.7002680982395689,0.5969311851234057,0.07277733087539673,0.04264312982559204,1,0.7147911447969698,0.6503121050405353,1,0.576305853044674,0.6755120717038215,1,0.639786704122313,0.5612364221524659,0.5513815936543186,0.5846614140127027,0.6231103186281888,0.4073871598991936,0.007280265258553853,0.0004589230347675777,-0.0035468309606080384,0.0003693507896540549,-0.005211173472906339,-0.0008633754013119832,-0.025199966663286277,0.14075942011655646,0.05532125714865339,0.1467705487130284
796,0.6999883013224282,0.6056194818294142,0.07218658924102783,0.04193377494812012,1,0.7071271313156221,0.6392596164801532,1,0.5738295716646853,0.6755456638621462,1,0.6471913393068166,0.5500801469297937,0.5512731960751991,0.5843826750790578,0.6263422687644953,0.4081778726314864,0.008688296706008458,0.0014080314474546052,-0.011052488560382101,3.3592158324657895e-05,-0.011156275222672263,-0.0002787389336448287,-0.036286047381993036,0.13814816916449998,0.03438926508362132,0.14424179700256867
797,0.6985552281928005,0.6160732142009328,0.07247602939605713,0.04157888889312744,1,0.6899397986922801,0.6149902813760069,1,0.5691260289500675,0.675263855680939,1,0.6541221598540399,0.5361147194534789,0.5489278110639073,0.5842499727005246,0.6305357861246017,0.4079309882457638,0.010453732371518587,0.0017654356655101289,-0.024269335104146306,-0.0002818081812071549,-0.013965427476314796,-0.00013270237853324485,-0.06027357430493219,0.13501433523450962,0.008683223421157567,0.1423216415568262
798,0.6949493668849828,0.6110755193389426,0.07393079996109009,0.04189741611480713,1,0.6804655293133781,0.6058767425848297,1,0.5666728822434715,0.6752618693823661,1,0.6554897468918941,0.5186554031598546,0.5417558613327677,0.5862967484118489,0.6346322383116694,0.4101121610085839,-0.004997694861990198,-0.015451427233508785,-0.009113538791177156,-1.9862985729535154e-06,-0.017459316293624294,0.002046775711324278,-0.06938512679753639,0.13327813904720662,0.01538859417035002,0.1434389906680913
799,0.6874687024943787,0.5892798896879159,0.07325601577758789,0.04147529602050781,1,0.6718377937065925,0.609581494076625,1,0.5626544488715701,0.6749423725460343,1,0.6552994017261011,0.5076795071041672,0.5364360720997422,0.5863232009775147,0.6377788118013983,0.412096377706044,-0.02179562965102666,-0.01679793478903646,0.0037047514917952773,-0.0003194968363318118,-0.010975896055687384,2.645256566580212e-05,-0.0653608784694093,0.12725190459736269,0.025621874449144946,0.15138249197590925
800,0.6768710661696403,0.5643709677544397,0.0737183690071106,0.042244017124176025,1,0.6776448262970093,0.5994691892699765,1,0.5615588588029414,0.6738498503952695,1,0.6495493246671247,0.5058570323228978,0.5326133665320111,0.5854761054327636,0.6403547351871651,0.41393579664639263,-0.024908921933476158,-0.003113292282449498,-0.010112304806648487,-0.0010925221507648297,-0.0018224747812694009,-0.000847095544751042,-0.07438066112529296,0.1378710796304629,0.03510674946913191,0.15900481411600448
801,0.6667371754543503,0.5452992960033725,0.07444220781326294,0.04135924577713013,1,0.685832086010621,0.6097630228097972,1,0.5636144008506817,0.6736472984791938,1,0.6554681813868789,0.5283735178916754,0.5321237177639764,0.5849498757651939,0.64332659863015,0.41515464613485686,-0.019071671751067276,0.005837250182408882,0.010293833539820718,-0.00020255191607565504,0.02251648556877761,-0.0005262296675697664,-0.06388427566939658,0.1379070819198836,0.06723234104897242,0.16464360413175022
802,0.6582735443374076,0.5340929548582061,0.07489132881164551,0.04195880889892578,1,0.6901054049213189,0.6225056887417469,1,0.5663019798797804,0.6738626843428771,1,0.6633242986550622,0.5472505236220357,0.5337004157131893,0.5847686300717426,0.649122946636229,0.4139291692712208,-0.011206341145166387,0.007865330605900889,0.012742665931949726,0.00021538586368330392,0.01887700573036033,-0.00018124569345123742,-0.05135699560113016,0.1340329401646862,0.09396849930160309,0.16731510974506036
803,0.6512746643440347,0.5278804955197586,0.07274836301803589,0.0408058762550354,1,0.6684185091983039,0.653299241991875,1,0.567987504704473,0.6750445518120807,1,0.6604230173535819,0.5590636362855581,0.536896710578924,0.5847819369887898,0.6462403278313521,0.4092309055429222,-0.006212459338447496,0.004993881806718892,0.030793553250128003,0.001181867469203568,0.011813112663522363,1.3306917047151146e-05,-0.021745309820205727,0.1027581878139967,0.12658504407324056,0.16909763577659973
804,0.6427765680700337,0.5275199323466497,0.07500576972961426,0.042037129402160645,1,0.632183310084748,0.687262682220129,1,0.5692539612362004,0.6758813178831297,1,0.652474129670136,0.5596493108988587,0.5408112632514409,0.5820640604947745,0.6434505285087274,0.4025164548597039,-0.000360563173108841,0.005851896165338655,0.03396344022825404,0.0008367660710489888,0.000585674613300613,-0.0027178764940152256,0.011381364336999322,0.06395028069268907,0.16009360777958553,0.1655798128817232
805,0.6339683227480365,0.5287589544298125,0.07690978050231934,0.04210907220840454,1,0.5892389079256464,0.699126641836273,1,0.5695502383293152,0.6759793049077774,1,0.6272416688335221,0.5593069418853124,0.55025936481199,0.5735843956598838,0.6455299947872014,0.39066552288648265,0.001239022083162733,0.001599585256271574,0.01186395961614406,9.798702464769438e-05,-0.00034236901354633975,-0.00847966483489071,0.023147336928495688,0.03038820358880723,0.17614161763359312,0.16069698564388918
806,0.6266440857138044,0.5296042209848767,0.07454919815063477,0.04176896810531616,1,0.5760590998586216,0.6909823635023364,1,0.5686885040124092,0.6718721790012986,1,0.5948860783662375,0.568096104910658,0.5646242572544797,0.5661183468593943,0.6433699134131708,0.39163885935314197,0.000845266555064228,-0.000393755528098505,-0.008144278333936605,-0.00410712590647877,0.008789163025345603,-0.007466048800489511,0.019110184501037852,0.020482305407153515,0.16912050637446244,0.1536197296199595
807,0.617386500809291,0.5327343812155433,0.07572710514068604,0.04199016094207764,1,0.5839300710438701,0.6791118634373211,1,0.5653036902801842,0.6675305491551059,1,0.5814639619978461,0.5780519845621005,0.5682541471314685,0.564134630708268,0.6399571793895745,0.3942255860972021,0.00313016023066659,0.002284893675602362,-0.011870500065015333,-0.004341629846192685,0.009955879651442512,-0.001983716151126358,0.011581314282215205,0.021933282947549086,0.15015225604111124,0.14450822137097116
808,0.6087601895836581,0.5381971485995846,0.0775957703590393,0.043393492698669434,1,0.595319637173614,0.6709660296755748,1,0.5599654635027654,0.6667588309873519,1,0.5909508296026772,0.5750381120325015,0.5659428233804858,0.5683219883206515,0.6284198297868785,0.39893805826484163,0.005462767384041278,0.0023326071533746884,-0.008145833761746268,-0.0007717181677540097,-0.003013872529598949,0.004187357612383535,0.004207198688222946,0.03560362505069826,0.13344745869164235,0.13751011407050212
809,0.5971332372502596,0.5516423257215285,0.08008623123168945,0.04654616117477417,1,0.5999476215071229,0.667932311959803,1,0.5566341840385893,0.6583392792644183,1,0.6055194325805823,0.5758056756598781,0.5681984244588477,0.5490577930865272,0.6246769647640463,0.4023193196649296,0.01344517712194393,0.007982409737902652,-0.0030337177157718775,-0.008419551722933627,0.0007675636273765107,-0.01926419523412426,0.009593032695384696,0.0443630492824297,0.11632403731836058,0.11412455128663278
810,0.5922352337937493,0.5526746530209311,0.07457000017166138,0.04073220491409302,1,0.6050242439564796,0.66581931588752,1,0.5551556024531634,0.6440945711968995,1,0.6130768700854609,0.5748292961817808,0.5645081662244832,0.5419130630818705,0.6249246981159858,0.40494518155774684,0.0010323272994026134,-0.012412849822541316,-0.002112996072282991,-0.014244708067518763,-0.0009763794780972557,-0.007144730004656763,0.021724744690620468,0.05439527495342688,0.11386515496909698,0.09865343632968147
811,0.5823503045183251,0.5623989867514397,0.07271367311477661,0.04146343469619751,1,0.6082281882114482,0.6653098028471175,1,0.5538837781680677,0.6233341991226737,1,0.6115425090177358,0.5716322860818177,0.5595763729274446,0.525197022402278,0.6232132066471302,0.4039668421690959,0.009724333730508627,0.008692006431106014,-0.0005095130404024761,-0.020760372074225764,-0.0031970100999630935,-0.016716040679592536,0.041975603724443755,0.06866779602546316,0.10611456513557982,0.06725654785355321
812,0.5731291942341543,0.5762183870592777,0.0743665099143982,0.042699337005615234,1,0.6145960093114344,0.6677450559203251,1,0.555342004218518,0.5577904066836074,1,0.602657008416716,0.5749361944785953,0.5569905897195847,0.49342567664782866,0.6215806954931795,0.3945694776578407,0.013819400307838015,0.004095066577329387,0.0024352530732075772,-0.06554379243906638,0.003303908396777633,-0.03177134575444929,0.10995464923671772,0.12490421133140786,0.10048197781419888,0.025612000885882502
813,0.5645514781145755,0.5908187076028947,0.07921242713928223,0.046118080615997314,1,0.6142301472019649,0.6683897482632765,1,0.5589847168764218,0.5402202850231171,1,0.5980117727505462,0.5770352492670181,0.5567295695375603,0.4929658117041815,0.6182219216060636,0.3871868318067338,0.01460032054361693,0.0007809202357789147,0.0006446923429513918,-0.017570121660490212,0.0020990547884227606,-0.0004598649436471369,0.12816946324015932,0.13956886787219056,0.09211534351794462,0.050903724797350065
814,0.5557621563734944,0.6075122611558632,,,0,0.6106475025444935,0.6703436720139284,1,0.5630370876764574,0.5498700245232668,1,0.5969382060448325,0.5827690436345524,0.5574855546025272,0.5059810351630601,0.6184277694250186,0.3848843456767272,0.016693553552968532,0.0020932330093516027,0.0019539237506519536,0.00964973950014969,0.005733794367534295,0.013015223458878622,0.12047364749066158,0.12954015340276043,0.0834277376819329,0.05809950145630398
815,0.5582199857266978,0.5432260121906621,0.07888883352279663,0.04437893629074097,1,0.6078719176492199,0.6732891359764969,1,0.5650089967814127,0.593416145740584,1,0.5997922343273558,0.5842375070524201,0.5698678281253572,0.522121539176077,0.6172381513444198,0.3841998636207649,-0.06428624896520108,-0.08097980251816961,0.002945463962568451,0.04354612121731716,0.0014684634178676603,0.01614050401301681,0.07987299023591288,0.09064725343079147,0.1392182836863324,0.05064721292292432
816,0.5548453124473517,0.5227028298004555,0.0790514349937439,0.04481470584869385,1,0.6063494928856138,0.6751131188390315,1,0.5690837683308247,0.628651273931215,1,0.6032702606287166,0.5792585858462981,0.5707171069302174,0.5272383938025729,0.6196750901587702,0.38589668819530143,-0.020523182390206673,0.0437630665749944,0.001823982862534601,0.035235128190631015,-0.004978921206121978,0.005116854626495915,0.04646184490781646,0.05956036651021716,0.16087752113778775,0.10690091879714732
817,0.5502941507268091,0.5106017621116816,0.07804059982299805,0.04290878772735596,1,0.6067868358670466,0.6760629822185981,1,0.5646573857922561,0.643888782762385,1,0.605322324495679,0.577001375040797,0.5680224198765838,0.5342640529890514,0.6219260370784003,0.38391053912625395,-0.012101067688773837,0.008422114701432837,0.0009498633795665956,0.015237508831170032,-0.0022572108055011197,0.007025659186478572,0.032174199456213026,0.053010090306020476,0.17483946589263955,0.13405869011550994
818,0.5437078137748119,0.5050494035591079,0.07742929458618164,0.04256033897399902,1,0.6073127122878031,0.6754127947263822,1,0.5572440573104012,0.6509933524356398,1,0.6052469043544186,0.5765143893596872,0.5658933716945328,0.5314724515763868,0.6210500278036156,0.38281264541247106,-0.005552358552573744,0.006548709136200093,-0.0006501874922159034,0.00710456967325479,-0.0004869856811097195,-0.002791601412664657,0.024419442290742333,0.055706187924116794,0.18184957565213514,0.14657034523644458
819,0.5365566652216782,0.5055915225658502,0.07945901155471802,0.04587438702583313,1,0.6069305424621434,0.6740393612561425,1,0.5495509936171453,0.6499647147655205,1,0.6049331543092503,0.5784131672436437,0.5635966480393636,0.5262286306058215,0.6149748738304714,0.3841136814732749,0.000542119006742281,0.006094477559316025,-0.00137343347023966,-0.0010286376701192923,0.0018987778839564262,-0.005243820970565305,0.024074646490621965,0.06222540662224664,0.18255727034902447,0.14495679079081533
820,0.5310917842092089,0.5096629894692776,0.08078756928443909,0.049161553382873535,1,0.6053169545250299,0.6730018897079074,1,0.536780072807764,0.6419485049887435,1,0.6067296789493316,0.5785390236673791,0.5580801934941271,0.5193719133401783,0.6081313142474645,0.3845940161518328,0.004071466903427412,0.003529347896685131,-0.0010374715482350805,-0.008016209776777083,0.0001258564237354154,-0.006856717265643186,0.031053384719163968,0.07524371640238742,0.17941285416484992,0.13240775748962483
821,0.5267640369140816,0.5134782850541939,0.08167243003845215,0.048402875661849976,1,0.6034244824698981,0.6724066608928031,1,0.52195023042027,0.6325084971570089,1,0.6077126442863837,0.5782621273285423,0.5487675134430339,0.5173152246815833,0.5959221384478,0.38498303013850216,0.003815295584916334,-0.0002561713185110781,-0.0005952288151043206,-0.009440007831734598,-0.0002768963388367629,-0.002056688658594985,0.039898163735794245,0.09071889117782787,0.1764512753128028,0.11912751204571081
822,0.520484680621612,0.5177259872175877,0.08485972881317139,0.04580757021903992,1,0.6028993633990778,0.6723077871797966,1,0.5082551151185637,0.6257731230958952,1,0.6076156522163111,0.577956887972946,0.53885781426286,0.5169588973366182,0.5973738778613282,0.38311645720709486,0.004247702163393763,0.0004324065784774289,-9.887371300654202e-05,-0.006735374061113686,-0.00030523935559634285,-0.00035632734496515717,0.04653466408390139,0.10546567543037469,0.17517908784117664,0.1087370490858511
823,0.5214502793520555,0.5176942374769653,0.09124848246574402,0.0540044903755188,1,0.6038479873731224,0.6728670741334445,1,0.4978361848516945,0.6088970109968224,1,0.6062740592489183,0.5778005191108495,0.5276253636667237,0.5130275250990987,0.5926130072921082,0.3813542824348293,-3.1749740622366573e-05,-0.004279451904016129,0.0005592869536479306,-0.016876112099072804,-0.0001563688620964676,-0.003931372237519493,0.06397006313662212,0.12381708788186567,0.1756928897910879,0.0942102508052405
824,0.5059401374924707,0.5315408300213355,0.07957762479782104,0.04393726587295532,1,0.6044108656603845,0.6732465557953665,1,0.49950723626797716,0.5789661715866012,1,0.6041484163409779,0.5764863210147475,0.528184669612941,0.491312049314529,0.5885552687770365,0.3812930695863748,0.013846592544370151,0.013878342284992518,0.00037948166192203203,-0.02993083941022112,-0.0013141980961020039,-0.02171547578456967,0.09428038420876528,0.14104454015045015,0.1725601258201444,0.04785964104280576
825,0.49399906971984464,0.5434934621196701,0.07651662826538086,0.041961669921875,1,0.60328353601763,0.6733807728131126,1,0.48902895543213803,0.4923680311298739,1,0.6018508511768492,0.5770888948039303,0.5360671802460393,0.4638704782807772,0.5858826486159979,0.38301422903427307,0.011952632098334637,-0.0018939604460355142,0.00013421701774607442,-0.08659814045672737,0.0006025737891828253,-0.027441571033751777,0.18101274168323872,0.21405541767600644,0.16974630497647553,0.05136644556444684
826,0.4913684717455507,0.5302479999350527,0.07661336660385132,0.04269421100616455,1,0.6010495578894306,0.6740333991278015,1,0.4829999388353503,0.4939234139456779,1,0.6008642348358678,0.577480365965407,0.5333154906275515,0.46290677954615417,0.5817710758281255,0.38441899036756366,-0.013245462184617418,-0.025198094282952055,0.0006526263146888756,0.0015553828158040295,0.00039147116147664196,-0.0009636987346230419,0.18010998518212357,0.21534929607760098,0.1808429751987047,0.03727610347620294
827,0.48356962079432997,0.5324385959096657,,,0,0.6002751816305318,0.6744330017373076,1,0.46569351559509686,0.5187043830229008,1,0.6013758303837854,0.5776252160360206,0.5166732471961054,0.46341479450487955,0.5771066327987322,0.382571377293266,0.002190595974613019,0.015436058159230437,0.00039960260950611115,0.02478096907722288,0.00014485007061360022,0.0005080149587253779,0.1557286187144068,0.20582426368037962,0.1838004331236395,0.022542931058605224
828,0.4755409410532891,0.5342900409490965,,,0,0.6008434773242142,0.674937940413155,1,0.48033493095612173,0.5393167237227404,1,0.6014533646270221,0.5785130923960012,0.5053780306177734,0.444560940960698,0.5651415154954889,0.378633388544984,0.001851445039430799,-0.0003391509351822197,0.0005049386758474439,0.020612340699839637,0.000887876359980666,-0.018853853544181565,0.1356212166904146,0.1814260845753418,0.18836814279378136,0.006946213277413094
829,0.467282432522428,0.5358023350533451,,,0,0.6015759104216587,0.6747971309224055,1,0.49456792296916524,0.5539207323671397,1,0.6003603444670637,0.5785865901903781,0.5161800038225702,0.4645932188389248,0.5596805680193572,0.3739259347531027,0.0015122941042485794,-0.0003391509351822197,-0.0001408094907495716,0.014604008644399258,7.349779437682002e-05,0.020032277878226812,0.12087639855526577,0.16143671548419355,0.19327258337631056,0.03275323358295343
830,0.5042893067303695,0.36108416613230665,0.08221232891082764,0.05016118288040161,1,0.6039231184156765,0.6742746259949007,1,0.49002063551633857,0.5624330750201667,1,0.5986970955350016,0.5776055498609881,0.5268631508412008,0.4864246497024235,0.5564795125518671,0.3728900396379494,-0.17471816892103842,-0.176230463025287,-0.0005225049275047189,0.008512342653027027,-0.0009810403293899483,0.021831430863498702,0.11184155097473403,0.1596317892371942,0.32865659978142286,0.20185385329130054
831,0.5111718225193559,0.3016035820272086,,,0,0.6060560461026271,0.6742700387276357,1,0.46691417469148494,0.6097198804392847,1,0.5964944390863783,0.5772611455950806,0.525682444594453,0.4944807462292328,0.5571008933011756,0.37450531950399574,-0.059480584105098044,0.11523758481594037,-4.587267265043771e-06,0.047286805419118005,-0.0003444042659075386,0.008056096526809331,0.06455015828835098,0.1533857337396343,0.3845559827055763,0.3112786416354572
832,0.5201262452542748,0.23288499137018914,,,0,0.6063471228279073,0.6742237980321244,1,0.45447772450914037,0.6574130201346068,1,0.5959573817656354,0.5773234324262665,0.5101753906970092,0.517969372018877,0.5579746248205936,0.3710811477118277,-0.06871859065701946,-0.009238006551921418,-4.62406955112904e-05,0.04769313969532207,6.228683118592038e-05,0.023488625789644224,0.016810777897517615,0.15279697771626224,0.44968208992058867,0.42957394646629415
833,0.5311525749351261,0.15492839416124823,,,0,0.6048986055203216,0.6737124961919956,1,0.4552713875634856,0.6854901889040091,1,0.5949876782883113,0.5782997036722048,0.4946881227843574,0.5450534709445476,0.5635401149439186,0.37089564929069185,-0.07795659720894091,-0.009238006551921446,-0.0005113018401288194,0.02807716876940236,0.0009762712459383538,0.02708409892567054,-0.011777692712013565,0.1500900343098139,0.5239994480406648,0.5359606073561652
834,0.54425081156191,0.06773379040038587,,,0,0.6046181464926648,0.6733406357437118,1,0.45959517732567556,0.6981149122224171,1,0.59362174564522,0.5797564963857678,0.4786911742854897,0.5843327234331935,0.5594716375568486,0.3696294141931264,-0.08719460376086237,-0.00923800655192146,-0.0003718604482837451,0.012624723318407916,0.0014567927135629155,0.039279252488645944,-0.024774276478705226,0.14712384701690215,0.6086081385040272,0.6360400421023362
835,0.5005343569115354,0.30446657059212867,0.08105763792991638,0.049517154693603516,1,0.6061568847328095,0.6735085293153553,1,0.468023141822975,0.6989368037989941,1,0.5922960305608409,0.5826262742990432,0.4836361682768324,0.6070965604380854,0.5512217567113122,0.36662935749426234,0.23673278019174282,0.3239273839526052,0.00016789357164348484,0.0008218915765770829,0.002869777913275473,0.022763837004891818,-0.025428274483638824,0.1404547189434927,0.38385946084684636,0.39580771088094463
836,0.5001216987654493,0.298681803547554,,,0,0.6063852256124456,0.6738899592407446,1,0.475317357511338,0.685117280452793,1,0.5889167664597976,0.5862202553284965,0.4918886937746513,0.6078289699561589,0.5410779525378275,0.3669859181428075,-0.005784767044574646,-0.24251754723631747,0.0003814299253892539,-0.013819523346201179,0.003593981029453297,0.000732409518073518,-0.011227321212048391,0.13154785741382424,0.3899655077524778,0.3872307234143875
837,0.49948042159550116,0.29667482057609557,,,0,0.6072002274929981,0.6743888924681453,1,0.4776781583387691,0.6744946129954043,1,0.5842297228260961,0.5911729917876817,0.49884217665696656,0.6006993704282021,0.5313204541370161,0.3683329202936071,-0.0020069829714584597,0.003777784073116186,0.0004989332274006886,-0.010622667457388713,0.0049527364591851475,-0.007129599527956776,-0.00010572052725899006,0.1295221123006522,0.3927740784316945,0.3784483243811305
838,0.49861052540169076,0.29844562167775335,,,0,0.6079239135843687,0.6745025700235777,1,0.47726820674687853,0.669250301183312,1,0.576435887806385,0.5945048515771142,0.4996896981781824,0.5900617908127651,0.5243659948901187,0.3700459529102502,0.0017708011016577818,0.0037777840731162415,0.0001136775554324565,-0.005244311812092284,0.003331859789432512,-0.010637579615436987,0.00525226884026575,0.1307612330057139,0.39162258008847095,0.37141836910522286
839,0.49751201018401814,0.30399420685252737,,,0,0.6083690403630426,0.6744373795776741,1,0.47569014274773247,0.6680608461755491,1,0.5711466988235429,0.5947851808335091,0.49730060575062346,0.5843721868116986,0.52518257262052,0.3711096599225736,0.005548585174774023,0.0037777840731162415,-6.519044590358458e-05,-0.0011894550077629074,0.0002803292563948734,-0.0056896040010665505,0.006376533402125073,0.13283203698898233,0.38667483155590315,0.3647200457424379
840,0.4961848759424833,0.3133205761004176,,,0,0.599303778379762,0.6743269756921785,1,0.47230847615565363,0.672320346046327,1,0.5665839896583285,0.592257383244023,0.4933488367656014,0.5824360955657802,0.5219498090543545,0.371394741436967,0.00932636924789021,0.003777784073116186,-0.00011040388549565794,0.004259499870777894,-0.0025277975894860694,-0.0019360912459183144,0.002006629645851521,0.12701115442955488,0.3754452404626741,0.35979288109688384
841,0.4946291226770862,0.32642472942142403,,,0,0.581608159852407,0.674795143474381,1,0.47086120510434504,0.6747357685611609,1,0.5621321204371674,0.5892671461451129,0.49177510697201465,0.5804866534170747,0.5197836974079696,0.36928737616602225,0.013104153321006451,0.0037777840731162415,0.0004681677822024888,0.0024154225148339536,-0.002990237098910109,-0.0019494421487055158,5.937491322005606e-05,0.1107469706644367,0.359064476515534,0.34912103043550374
842,0.4928447503878269,0.34330666681554667,,,0,0.5680125548515325,0.6779601818773514,1,0.4703684728707646,0.6786943339530976,1,0.5596067806381068,0.5849218988550504,0.4921033993621648,0.5794124875692979,0.5229768026587498,0.3675009814528597,0.016881937394122637,0.003777784073116186,0.0031650384029704437,0.00395856539193673,-0.004345247290062471,-0.0010741658477768645,-0.0007341520757462305,0.09764684185951553,0.34299150714138016,0.33613995644521744
843,0.48847731529450533,0.28975981994237004,0.08645588159561157,0.051847904920578,1,0.5554171939650387,0.6846599772320194,1,0.4679768744085659,0.6790180730344657,1,0.558769806419491,0.5769150163420989,0.4926020017126081,0.5752552720886336,0.5205569247445397,0.3554567802397633,-0.05354684687317662,-0.07042878426729926,0.0066997953546680256,0.0003237390813680685,-0.008006882512951563,-0.004157215480664278,0.0056419041975537265,0.08762214655617873,0.40053349620701584,0.3897977112257432
844,0.4857306335148384,0.29827865337704573,,,0,0.5424158843865318,0.6892616229005626,1,0.4638035846966678,0.6767318178028522,1,0.557660603900502,0.5722056174623534,0.4894919831527227,0.5725933937945729,0.5224259118890061,0.3469643514181317,0.008518833434675688,0.06206568030785231,0.004601645668543153,-0.002286255231613521,-0.004709398879745419,-0.0026618782940607266,0.0125298050977104,0.07960458327455519,0.39507075331364905,0.3790878435584303
845,0.48270555301132473,0.30900633101889885,,,0,0.5241638495697779,0.6942691856134388,1,0.457956251620448,0.67604972307785,1,0.554266367971548,0.5717371903143955,0.48800743239533867,0.5721762789102325,0.5273735520682692,0.34622922647621585,0.010727677641853117,0.0022088442071774295,0.005007562712876168,-0.0006820947250021359,-0.0004684271479579172,-0.0004171148843403749,0.018219462535588704,0.06866873263215095,0.3874871062162743,0.3678768538158896
846,0.47940207378396427,0.32194285286792945,,,0,0.5135633195562709,0.6998022416596145,1,0.4582139021262887,0.6736421795501581,1,0.5530117375505086,0.5755780181088578,0.4882698152797888,0.5733621057908477,0.5304229394992716,0.34612422723577263,0.012936521849030602,0.002208844207177485,0.0055330560461757106,-0.002407543527691902,0.003840827794462265,0.0011858268806151928,0.026160062109456317,0.061220150762710694,0.3794004591598984,0.35233699068779045
847,0.4758201958327571,0.3370882189241375,,,0,0.5156052649754972,0.6997434275603401,1,0.46179420114793035,0.6717143785753323,1,0.5511292422013556,0.5788348189512439,0.4874751315056996,0.5788537335733855,0.548809566932921,0.3485735658095186,0.015145366056208032,0.0022088442071774295,-5.8814099274329124e-05,-0.0019278009748258107,0.0032568008423861095,0.005491627782537867,0.0280290489850078,0.060673372885133386,0.36483099111459855,0.3349199833539434
848,0.47195991915770313,0.354442429187523,,,0,0.5198616820618588,0.6981162513538535,1,0.46482379327338974,0.6630280590156518,1,0.549712295268496,0.5865362030354191,0.48764552619889,0.5807786037425894,0.5508975425360121,0.3541387451225714,0.017354210263385517,0.002208844207177485,-0.001627176206486669,-0.008686319559680578,0.0077013840841752,0.0019248701692038406,0.03508819233820171,0.0652713600582562,0.34699607336645827,0.30866813121710457
849,0.4678212437588024,0.37400548365808595,,,0,0.5283643108919187,0.6955918944908597,1,0.4662592481942637,0.6491434401522402,1,0.5487296294531582,0.5882456890847503,0.48835789597278856,0.5805151211328287,0.5499819679920259,0.3604018167269879,0.019563054470562946,0.0022088442071774295,-0.002524356862993793,-0.013884618863411524,0.001709486049331188,-0.00026348260976072346,0.04644845433861944,0.07755319286223152,0.32723582109877664,0.2751423902889607
850,0.47350012267462716,0.41108248885908644,0.08975809812545776,0.052291661500930786,1,0.5374876208210329,0.6952546940418829,1,0.4676433071215393,0.6468447160734195,1,0.5514160901131618,0.5882102874927333,0.48921513033074576,0.5757101667659525,0.5421948774049937,0.3678412389241407,0.03707700520100049,0.017513950730437544,-0.00033720044897678214,-0.002298724078820702,-3.5401592016981454e-05,-0.004804954366876113,0.04840997796846336,0.08498090446129868,0.2912872158497342,0.23583496362813916
851,0.47028377982900804,0.43975962064942165,0.08935585618019104,0.05262085795402527,1,0.5369821679173216,0.694205178695219,1,0.47016328573489297,0.6522756828846462,1,0.553262533602371,0.5863620005019201,0.4926344052198209,0.5605972364939693,0.5247903282990881,0.37426747819286554,0.02867713179033521,-0.008399873410665282,-0.0010495153466638651,0.0054309668112266785,-0.001848286990813186,-0.015112930271983238,0.041929495810572814,0.07888501527564101,0.26304223421879713,0.21251609639458505
852,0.46853980845937604,0.4703695676368318,0.08837920427322388,0.05112099647521973,1,0.5336818644878014,0.6953401033146036,1,0.47368793499119416,0.6751749759966982,1,0.5543404183007469,0.5819680559416093,0.49320377349860317,0.5478198474072405,0.5152000027922292,0.3755305990187506,0.030609946987410153,0.001932815197074944,0.0011349246193845808,0.022899293112051966,-0.004393944560310836,-0.012777389086728763,0.02016512731790543,0.06329221070709427,0.23421193263101286,0.20487010152835683
853,0.46317557431034273,0.5094047369549335,0.09354624152183533,0.06001698970794678,1,0.5333720954459008,0.6959243586462712,1,0.47478486694817273,0.6826535157025709,1,0.5540860611932711,0.5796024286340751,0.4727101052440977,0.5345706167763097,0.5136154128248681,0.37525647614586627,0.03903516931810169,0.00842522233069154,0.0005842553316676158,0.007478539705872755,-0.0023656273075342016,-0.013249230630930864,0.01327084294370029,0.060071445924676725,0.19929154737573443,0.17363730881667858
854,0.46437682220950316,0.5405754389796432,0.09181395173072815,0.052398473024368286,1,0.5285059622673774,0.6955303615372301,1,0.4738623991757792,0.6596177305907549,1,0.5524797623287745,0.5683832183464284,0.4714025653882035,0.4930863866328058,0.515324056541156,0.3751608390479878,0.03117070202470973,-0.007864467293391963,-0.00039399710904108876,-0.02303578511181603,-0.01121921028764672,-0.041484230143503886,0.03591263094647523,0.06538834795927488,0.16770084862453802,0.11941961045995794
855,0.4588864208148615,0.5775681199745296,0.08649161458015442,0.05052173137664795,1,0.5265030212955945,0.6961567314800676,1,0.4718763436011037,0.5843625489494003,1,0.5510776672530633,0.5688669836949206,0.47446323986202416,0.4710770985077035,0.5183521630322259,0.3731077339505832,0.036992680994886395,0.005821978970176667,0.0006263699428374903,-0.07525518164135458,0.00048376534849225994,-0.022009288125102278,0.11179418253066731,0.12442673813790159,0.136511037793222,0.014659548393013255
856,0.449107091432699,0.5165946945005166,0.09645259380340576,0.053913772106170654,1,0.521203338158155,0.6965227053852536,1,0.4530101666907443,0.49176891778705306,1,0.5497138673920484,0.5721369895594269,0.4632229131219606,0.45150881010329635,0.5154671904067495,0.3725131657556805,-0.060973425474012966,-0.09796610646889936,0.00036597390518600115,-0.09259363116234726,0.00327000586450632,-0.019568288404407164,0.20475378759820057,0.2158110798142503,0.19383487274697464,0.02513072195335256
857,0.4337209860342111,0.3677208722122121,0.09196209907531738,0.053348809480667114,1,0.5179450218835965,0.6959165931993044,1,0.4738697369135259,0.45454171826630163,1,0.5490936096606176,0.5752716713280476,0.467292837082204,0.4593956585602828,0.5103257006691826,0.37160142029453597,-0.14887382228830454,-0.08790039681429157,-0.0006061121859491925,-0.03722719952075143,0.0031346817686206396,0.00788684845698645,0.2413748749330028,0.24536597358663176,0.33883051735195857,0.09565449025904216
858,0.42116206772289555,0.27117647303653053,,,0,0.5197024879739497,0.6956176411395101,1,0.518113404144887,0.4901032830045808,1,0.5473050332803225,0.5834534836986638,0.4792947471322169,0.475014838943113,0.5091832429148204,0.3705187535632162,-0.09654439917568158,0.05232942311262295,-0.00029895205979435513,0.03556156473827915,0.008181812370616215,0.015619180382830222,0.2055143581349293,0.2055205016221685,0.43572986999272395,0.23943372727499557
859,0.4067440758402924,0.150035482037249,,,0,0.5233294425766527,0.6954863369297519,1,0.5226323478429825,0.5391331555034281,1,0.5444667284077488,0.585037911334007,0.4817851766794921,0.47991544140692305,0.5112793132886252,0.361000245595636,-0.12114099099928152,-0.02459659182359994,-0.00013130420975815404,0.04902987249884733,0.0015844276353431663,0.004900602463810022,0.15635318142632382,0.15635473540382666,0.5577712639066429,0.405989028281015
860,0.38836000969212,0.03234015089794532,0.09760069847106934,0.05896715819835663,1,0.525809149887735,0.6948653286878298,1,0.4865764881857529,0.5139665694312564,1,0.5442696805507962,0.583670600898278,0.4818019507563236,0.48196150109947966,0.5143668689039683,0.350801593453075,-0.1176953311393037,0.0034456598599778288,-0.0006210082419221274,-0.025166586072171704,-0.0013673104357289079,0.002046059692556612,0.1808987592565734,0.18510419456292684,0.6766327492414418,0.4915388933511919
861,0.36939082812838286,-0.12690698965652392,,,0,0.5269157034723019,0.6947805452597982,1,0.45940710440355687,0.5459065516512316,1,0.545475132273369,0.5826605183114366,0.4805146459946855,0.4813732224058586,0.5163656563843402,0.34057270389361627,-0.15924714055446923,-0.041551809415165536,-8.478342803164285e-05,0.03193998221997518,-0.001010082586841432,-0.0005882786936210471,0.14887399360856657,0.16346521624244126,0.8366507583149491,0.6788085086101464
862,0.34842555785408935,-0.30892717587712665,,,0,0.5270908846375092,0.6949928749700449,1,0.44550718211314777,0.6092644377005518,1,0.5460378759559522,0.5799651667118213,0.47907777710918054,0.49104386931377225,0.5175048433246459,0.3375798154147638,-0.18202018622060273,-0.0227730456661335,0.0002123297102467614,0.06335788604932024,-0.0026953515996153143,0.009670646907913638,0.08572843726949309,0.11834384426007509,1.0196944481008092,0.923309634420197
863,0.3254641988692395,-0.5137204077638629,,,0,0.5267758229648187,0.6949143610300516,1,0.43291606265947785,0.6618001597733648,1,0.5443222418782967,0.5788981514804895,0.4751935489341382,0.5038584105978893,0.5213372314260237,0.3436655062749024,-0.2047932318867362,-0.022773045666133473,-7.85139399933632e-05,0.052535722072812985,-0.0010670152313317915,0.01281454128411702,0.03311420125668674,0.09952991977010932,1.225285425659474,1.1804213263640408
864,0.30050675117383324,-0.7412866853167326,,,0,0.526403606471273,0.6964176350909237,1,0.4218531187371706,0.7002480476972986,1,0.5421906029457432,0.581364463962402,0.4701248125020837,0.5359068146694911,0.5301655061933658,0.34899425789522215,-0.22756627755286973,-0.02277304566613353,0.0015032740608721396,0.03844788792393383,0.002466312481912536,0.03204840407160181,-0.0038304126063749555,0.1046206315512088,1.455342950012853,1.4466331004807855
865,0.2735532147678706,-0.9916260085357359,,,0,0.5268136494719711,0.6966852126035747,1,0.4214849526705989,0.7103936953969512,1,0.5416061697805727,0.5818561919609019,0.4666401792535223,0.5733329917464167,0.5303565720248362,0.3518243191030055,-0.2503393232190033,-0.022773045666133584,0.00026757751265105156,0.010145647699652538,0.0004917279984998357,0.03742617707692564,-0.013708482793376442,0.10621702721490416,1.707201109187614,1.708436382091541
866,0.24460358965135154,-1.2647383774208727,,,0,0.5255925275237013,0.6952443519128662,1,0.4308670802381498,0.7065174511662746,1,0.5423763251469649,0.5817813701656903,0.4599493513376969,0.604607765055797,0.5279614214375605,0.3528504438015811,-0.2731123688851368,-0.022773045666133473,-0.0014408606907085897,-0.003876244230676562,-7.482179521156596e-05,0.03127477330938033,-0.01127309925340847,0.09539388413428296,1.9800219904064609,1.980036269785071
867,0.21365787582427612,-1.560623791972143,,,0,0.5217235457578521,0.6943102852156259,1,0.4369593557534262,0.6988468703973252,1,0.5432275646685005,0.5816274620972537,0.4592589907077945,0.5999529809297789,0.5260140638944698,0.35372905406004407,-0.2958854145512704,-0.022773045666133584,-0.0009340666972402767,-0.007670580768949442,-0.00015390806843662563,-0.004654784126018163,-0.004536585181699304,0.08488550236770248,2.2758805217880567,2.270478193034866
868,0.18071607328664432,-1.879282252189547,,,0,0.5209326450790667,0.6939647538597844,1,0.44393817889738324,0.6884397423741889,1,0.5437407019389732,0.5824646679485869,0.46079768446310915,0.5881897534670685,0.5244531631838972,0.34756134826821905,-0.31865846021740385,-0.022773045666133473,-0.00034553135584147743,-0.010407128023136258,0.0008372058513331782,-0.011763227462710413,0.005525011485595477,0.07719244506114802,2.5956400886609905,2.581178435956825
869,0.14577818203845613,-2.2207137580730847,,,0,0.5161706698968158,0.6941261449960263,1,0.4470935997259133,0.6824959323110212,1,0.5432295872740883,0.5840819265425599,0.46313112682082813,0.5797524712167794,0.5236811430400159,0.347017587703317,-0.34143150588353777,-0.022773045666133918,0.00016139113624191737,-0.005943810063167687,0.0016172585939729922,-0.008437282250289058,0.011630212685005081,0.0700492931477131,2.9382787913310486,2.9188041193742933
870,0.10884420207971159,-2.584918309622756,,,0,0.5156161023535805,0.6940774883032902,1,0.4570640585999773,0.6771569540588598,1,0.5391591640924571,0.5842987621283613,0.4655849846788611,0.5698289486448253,0.523581478006645,0.34673889425428406,-0.36420455154967124,-0.022773045666133473,-4.8656692736126494e-05,-0.005338978252161453,0.0002168355858014337,-0.009923522571954169,0.016920534244430407,0.06094789829715872,3.304130267055021,3.280608494532451
871,0.06991413341041067,-2.9718959068385606,,,0,0.5163042057304097,0.6942536200032414,1,0.4590651117277371,0.66863323319972,1,0.5349225028724526,0.5839913523861512,0.4650281744501724,0.5682292557444213,0.518991549460929,0.34785296508497965,-0.3869775972158047,-0.022773045666133473,0.0001761316999512319,-0.008523720859139772,-0.0003074097422101074,-0.0015996929004039595,0.02562038680352141,0.0627113873408079,3.6932257512678834,3.6612690290926717
872,0.028987976030553367,-3.381646549720499,,,0,0.5163835359831488,0.6939283548670129,1,0.4595374373383242,0.6651051402776407,1,0.5325667583420449,0.5835415564656703,0.4611607469980724,0.5710598167791673,0.5123138345316142,0.34845338596079894,-0.4097506428819382,-0.022773045666133473,-0.00032526513622854747,-0.00352809292207934,-0.0004497959204808888,0.002830561034745993,0.028823214589372204,0.06373583474311863,4.104615114083781,4.069591143976899
873,-0.01393427005986031,-3.8141702382685705,,,0,0.521294040674218,0.6940875113438237,1,0.4631362110039906,0.6643720226942917,1,0.5276776512772094,0.5832278475538499,0.45499030176012795,0.5777749741277834,0.5101021595818043,0.34717854511493523,-0.43252368854807166,-0.022773045666133473,0.0001591564768108622,-0.0007331175833489301,-0.0003137089118203651,0.006715157348616163,0.029715488649531996,0.06530959667331938,4.539918202077154,4.503880219003702
874,-0.05885260486083036,-4.269466972482776,,,0,0.5225201435560853,0.6944467679202107,1,0.4716032742737959,0.664890572525497,1,0.5267255386162423,0.5830872898633789,0.4436573149985647,0.5810923382036601,0.5067727751733277,0.3435835859632497,-0.45529673421420513,-0.022773045666133473,0.00035925657638691266,0.0005185498312052506,-0.00014055769047105482,0.003317364075876683,0.029556195394713658,0.05887356167007601,4.997842924178731,4.962788311190449
875,-0.10576702837235678,-4.747536752363114,,,0,0.5221641623238383,0.6944538102680489,1,0.48012262285800106,0.6673677309111915,1,0.5254589829865708,0.5830830956167735,0.4346759207164907,0.5800642241832963,0.5034405787155777,0.34064790136159995,-0.4780697798803386,-0.022773045666133473,7.042347838215335e-06,0.002477158385694511,-4.1942466053601635e-06,-0.0010281140203638461,0.027086079356857362,0.05001146604113428,5.478098106461383,5.446508720859906
876,-0.1546775405944396,-5.248379577909586,,,0,0.5231835145917672,0.6945705182193994,1,0.4955627963594189,0.6708335619211769,1,0.5213740236610851,0.5841368212218843,0.4301078043876589,0.5812123502043632,0.4965716400172479,0.34038406336823657,-0.5008428255464716,-0.02277304566613303,0.00011670795135054757,0.0034658310099854317,0.0010537256051107446,0.001148126021066953,0.023736956298222478,0.03641904954792887,5.981484051238261,5.95482129795236
877,-0.2055841415270788,-5.771995449122191,,,0,0.5214813428677245,0.694603963230808,1,0.4968509185691311,0.678127457457924,1,0.5131571971480936,0.5857961593873223,0.43220176363485435,0.5854982947098442,0.487750342551454,0.34139204056411,-0.5236158712126056,-0.022773045666133918,3.34450114085616e-05,0.007293895536747086,0.0016593381654380623,0.004285944505480921,0.016476505772883954,0.029633309697241365,6.507344479773789,6.488258666517687
878,-0.2584868311702743,-6.31838436600093,,,0,0.5158463103502068,0.6929313640785213,1,0.4890276489131485,0.6864505978184372,1,0.49914552217768576,0.5860973745566735,0.4352587125066667,0.5868981023203729,0.470302041688302,0.34835787534254975,-0.5463889168787386,-0.02277304566613303,-0.00167259915228668,0.008323140360513182,0.00030121516935122106,0.0013998076105287138,0.006480766260084092,0.027590595002525812,7.053945001268192,7.044607211781269
879,-0.3133856095240263,-6.8875463285458025,,,0,0.5186957954471377,0.6927921088423025,1,0.48418044131725363,0.6895909871891102,1,0.48500789022177443,0.587178297026505,0.4409456512632696,0.5917834939804055,0.46372895819319054,0.3600461927536186,-0.5691619625448725,-0.022773045666133918,-0.00013925523621882707,0.003140389370672958,0.0010809224698314912,0.004885391660032656,0.003201121653192307,0.03466348006980609,7.6258698054610345,7.618997408252416
880,-0.3702804765883346,-7.479481336756808,,,0,0.5198312561420486,0.6926044247758819,1,0.4795687551972643,0.6916051097547438,1,0.4555554448788083,0.5874093833454783,0.442673120364369,0.5919174951294905,0.4523986712601301,0.36876233067093234,-0.5919350082110055,-0.02277304566613303,-0.00018768406642055702,0.0020141225656336026,0.0002310863189732837,0.0001340011490850168,0.0009993150211381474,0.04027490053172363,8.220418760050464,8.215162654088557
881,-0.42917143236319927,-8.094189390633948,,,0,0.5080423335118437,0.692287028199903,1,0.4726647246257945,0.6898489550499838,1,0.4205173054555064,0.5881818781421032,0.4386185395753523,0.590534192024932,0.43576246527888757,0.37313238568295704,-0.6147080538771403,-0.022773045666134806,-0.00031739657597895654,-0.0017561547047599824,0.0007724947966248896,-0.0013833031045585864,0.0024380731499191732,0.03546152014759975,8.836319228144093,8.830211668612389
882,-0.4900584768486203,-8.731670490177223,,,0,0.5039848790457673,0.6859166991349088,1,0.4821153192283036,0.6916106471309547,1,0.3893500262789358,0.5877761405155777,0.42730828167049023,0.5923410875772872,0.4186852488277156,0.37631093166066415,-0.6374810995432743,-0.022773045666133918,-0.006370329064994129,0.001761692080970878,-0.00040573762652551526,0.0018068955523552477,-0.005693947996045834,0.022598643552020924,9.469903413535627,9.473296642802161
883,-0.5529416100445977,-9.39192463538663,,,0,0.4812978545359256,0.6715204075110583,1,0.48809884680544174,0.6886617271959743,1,0.36636644373363253,0.5847189752697145,0.4171999625521603,0.5961842380677195,0.39286596965122045,0.38341750440701144,-0.6602541452094073,-0.02277304566613303,-0.014396291623850477,-0.002948919934980365,-0.0030571652458631915,0.0038431504904322678,-0.017141319684915945,0.018441212985877725,10.116450830282222,10.134198865538654
884,-0.6178208319511316,-10.07495182626217,,,0,0.42484524214137503,0.6728362345612161,1,0.47843571728979606,0.6847354715144094,1,0.34942524730099317,0.5754237289133187,0.4079343818909371,0.5942104653081358,0.3750494644847469,0.38061696213373536,-0.6830271908755403,-0.02277304566613303,0.0013158270501577585,-0.003926255681564905,-0.009295246356395781,-0.0019737727595836585,-0.011899236953193282,0.054895636135322924,10.798245262191502,10.81538945982475
885,-0.6846961425682218,-10.780752062803844,,,0,0.34576337787717715,0.6775148952373491,1,0.4710064682620936,0.6828501886715533,1,0.3313020551578433,0.5691272756963862,0.40849219310940826,0.5919305392168478,0.3514119695913907,0.3808065666797644,-0.7058002365416733,-0.02277304566613303,0.004678660676132984,-0.0018852828428560509,-0.006296453216932507,-0.0022799260912880204,-0.005335293434204247,0.12535667930028063,11.50450905102061,11.521711031991376
886,-0.7535675418958683,-11.509325345011652,,,0,0.279341703571822,0.6848700286527787,1,0.4712685275357003,0.682444579391308,1,0.30876771812036113,0.5678497771715589,0.406727065374967,0.5936900133146162,0.3397527951698193,0.3749071064821536,-0.7285732822078081,-0.022773045666134806,0.007355133415429593,-0.0004056092802453559,-0.0012774985248272808,0.001759474097768443,0.0024254492614707024,0.19194214899542392,12.23786347041311,12.253141527239336
887,-0.8244350299340713,-12.260671672885593,,,0,0.22662943696631122,0.6934495757739938,1,0.4693988354694879,0.6829631857927022,1,0.2945209128571456,0.5686157302640981,0.3866179213744843,0.593947552774413,0.32804762008803484,0.3594239402031718,-0.7513463278739412,-0.02277304566613303,0.008579547121215114,0.0005186064013942282,0.0007659530925391289,0.00025753945979678505,0.010486389981291588,0.24299577202995518,12.996691649745115,13.00813935296117
888,-0.8972986066828306,-13.034791046425667,,,0,0.22008614544033464,0.7027330824967987,1,0.47160342130632854,0.6838001541029983,1,0.27812120100357746,0.5731882322932802,0.3500175817212164,0.5877097828436978,0.3189230666117486,0.34937598237696094,-0.7741193735400742,-0.02277304566613303,0.009283506722804868,0.0008369683102961156,0.004572502029182135,-0.006237769930715231,0.01893292839380034,0.25222885607442946,13.782892217419548,13.786719598564968
889,-0.9721582721421462,-13.831683465631874,,,0,0.23233803361979039,0.7090955491221036,1,0.4640639323780902,0.6842923673282898,1,0.26289869985824493,0.5783055893149065,0.31813145706781726,0.5861151147250938,0.2914250438463992,0.3481639442695403,-0.7968924192062072,-0.02277304566613303,0.00636246662530493,0.0004922132252914713,0.005117357021626301,-0.0015946681186039813,0.0248031817938138,0.2330495440511283,14.590581403991543,14.586853279711855
890,-1.0490140263120182,-14.651348930504216,,,0,0.24352150937924488,0.7078052033382941,1,0.42639223519011354,0.6820726665061032,1,0.2515005812932144,0.5902292349741239,0.2800572540274043,0.5914715281696289,0.2624781565856528,0.35331953761557255,-0.819665464872342,-0.022773045666134806,-0.0012903457838094878,-0.0022197008221865877,0.011923645659217441,0.00535641344453508,0.0257325368321909,0.18467232009809692,15.413444255524336,15.404241023437091
891,-1.1278658691924466,-15.493787441042691,,,0,0.25857278767414066,0.7072981941942139,1,0.37018527405857626,0.6767652850914095,1,0.23610530699828958,0.6023118395094896,0.24251392926161253,0.5987044480234577,0.2542795710584407,0.35741210605719187,-0.8424385105384751,-0.02277304566613303,-0.0005070091440801949,-0.005307381414693668,0.012082604535365693,0.00723291985382879,0.030532909102804373,0.11571346358655045,16.260300978442363,16.239794724579454
892,-1.2087138007834313,-16.3589989972473,,,0,0.30095432112553944,0.7100663086674956,1,0.2556997313021664,0.673024342878571,1,0.2180292107392892,0.6228707179723922,0.14016250321830995,0.6090417935827618,0.19947459182249463,0.3604477115829753,-0.8652115562046099,-0.022773045666134806,0.0027681144732817353,-0.003740942212838494,0.020558878462902608,0.0103373455593041,0.0370419657889246,0.058481493906958296,17.13569631663366,17.094862563107895
893,-1.2915578210849725,-17.246983599118042,,,0,0.29535090219867777,0.7053188337076611,1,0.2464754476302696,0.6730133513247881,1,0.22303221432413364,0.6231488266709045,0.13701904815230695,0.6089564404435774,0.19742646025760255,0.36189343469979735,-0.8879846018707411,-0.022773045666131253,-0.004747474959834519,-1.0991553782924157e-05,0.0002781086985123027,-8.535313918434095e-05,0.03230548238287301,0.05858715090579716,18.02230401296331,17.985878823108845
894,-1.3763979300970701,-18.15774124665492,,,0,0.2671549843243382,0.7016621543567635,1,0.2298432465273646,0.6537087107156581,1,0.21827428131249862,0.6209534413665747,0.10611739574711546,0.6069831548931083,0.1792521916422016,0.362084591939015,-0.9107576475368759,-0.022773045666134806,-0.0036566793508976403,-0.019304640609130064,-0.0021953853043298333,-0.0019732855504691615,0.04795344364110543,0.060759349358520814,18.930883836329304,18.879900958854137
895,-1.463234127819724,-19.091271939857926,,,0,0.24598293757898598,0.7000148619840623,1,0.16076085339879168,0.6799265418358564,1,0.22617142106708807,0.6083974514987055,0.06603861754851442,0.6020379820269777,0.15666400642382025,0.3493824666148425,-0.9335306932030072,-0.022773045666131253,-0.0016472923727012256,0.026217831120198376,-0.01255598986786921,-0.004945172866130609,0.02008832014820583,0.0875576623625422,19.864955480680422,19.83778337167622
896,-1.5520664142529343,-20.047575678727068,,,0,0.25475012522269047,0.6998890073489404,1,0.07611832004165581,0.7016771646198339,1,0.22423316945818578,0.5986454082690418,0.021342621533974187,0.5910162759865704,0.12711253307384646,0.31526675331090637,-0.956303738869142,-0.022773045666134806,-0.00012585463512182482,0.021750622783977436,-0.00975204322966372,-0.011021706040407309,-0.0017881572708934312,0.17864075494875342,20.82599041840012,20.813036277442304
897,-1.642894789396701,-21.026652463262344,,,0,0.25939928898194636,0.7009636693874732,1,-0.08982249598999316,0.7146536531106541,1,0.18606810817988803,0.5803669503907891,-0.043358060755940904,0.5701311810908956,0.06141973447426198,0.3011302618500406,-0.9790767845352768,-0.022773045666134806,0.001074662038532792,0.012976488490820226,-0.018278457878252663,-0.020885094895674805,-0.013689983723180865,0.34949001524124906,21.810731889792674,21.7967067511215
898,-1.735719253251024,-22.028502293463752,,,0,0.2567890787493644,0.7013234846939084,1,-0.1420761994030089,0.7099736268776912,1,0.14696272019521056,0.574437703485219,-0.08390036433816776,0.5609577585613194,0.022055563083539516,0.2969687783832702,-1.001849830201408,-0.022773045666131253,0.0003598153064351406,-0.0046800262329629305,-0.0059292469055700625,-0.009173422529576203,-0.008650142183782794,0.39895906441058554,22.81699080419001,22.794253340766083
899,-1.8305398058159033,-23.053125169331295,,,0,0.2400592665562231,0.7018753598156096,1,-0.027122804291867343,0.5183197150397488,1,0.09529946475694047,0.5796461800455426,-0.10637374063951671,0.5006357601344444,-0.0032056180820226286,0.3060905795475442,-1.0246228758675429,-0.022773045666134806,0.0005518751217011841,-0.19165391183794234,0.005208476560323527,-0.06032199842687491,0.18355564477586073,0.3241588094002012,23.845071412312397,23.640332629181167
900,-1.927356447091339,-24.100521090864973,,,0,0.20102714024764726,0.702572615220923,1,0.09024356681271548,0.5360722358497992,1,0.033492909368537896,0.5870928500678695,-0.06426590113100755,0.5144297421351556,-0.03272571173177223,0.30401353163574335,-1.0473959215336777,-0.022773045666134806,0.0006972554053134017,0.01775252081005041,0.007446670022326907,0.013793982000711136,0.16650037937112372,0.19998844085031775,24.894245802749914,24.71907038223793
901,-2.026169177077331,-25.170690058064782,,,0,0.13810969141668772,0.702040456561096,1,0.1485268940588949,0.6196030608827818,1,-0.040687135989415986,0.5931058932956081,-0.04469309496196117,0.5474135611988098,-0.04727965317376897,0.30393603479356984,-1.070168967199809,-0.022773045666131253,-0.0005321586598269201,0.08353082503298259,0.006013043227738657,0.03298381906365422,0.08243739567831421,0.08309297393349059,25.963094717368783,25.881818370490304
902,-2.1269779957738795,-26.263632070930726,,,0,0.05362658365180653,0.7018519398381531,1,0.0933042204078185,0.6581370056318521,1,-0.10232319796728209,0.5864770557122988,-0.06806643917484657,0.5555464677140649,-0.04488253484401523,0.31833484405605117,-1.0929420128659437,-0.022773045666134806,-0.00018851672294295518,0.03853394474907024,-0.006628837583309344,0.008132906515255112,0.043714934206301015,0.059036516929805896,27.05350927822201,27.01316907234791
903,-2.2297829031809844,-27.379347129462804,,,0,-0.03497896217007895,0.7034545877099029,1,0.054514514760677174,0.740858905757624,1,-0.14641360646439294,0.6046437756739366,-0.09933926275916037,0.591569201084853,-0.08880909961418075,0.38446563482184626,-1.1157150585320785,-0.022773045666134806,0.001602647871749796,0.08272190012577196,0.018166719961637767,0.036022733370788096,-0.03740431804772115,0.0969956979549653,28.16843830647193,28.21283399725845
904,-2.3345838992986456,-28.517835233661014,,,0,-0.13212732182830314,0.7044336276540376,0,0.0614724104540815,0.811294375873938,0,-0.21497397122811082,0.6152407919602857,-0.10493941772555505,0.6217464094803842,-0.11138162078921567,0.42819473511478734,-1.1384881041982098,-0.022773045666131253,0.0009790399441347297,0.07043547011631401,0.010597016286349126,0.030177208395531174,-0.10686074821990044,0.22113361537750872,29.305149929297848,29.426840290666714
905,-2.441380984126863,-29.67909638352536,,,0,-0.2433090809215909,0.7056490527446471,0,0.06847591113739604,0.8976826771761449,0,-0.28802783607637567,0.6283911698353495,-0.10872929306255859,0.6593116277021873,-0.13297683855782286,0.4814766545214174,-1.1612611498643446,-0.022773045666134806,0.0012154250906094566,0.08638830130220687,0.01315037787506379,0.03756521822180314,-0.19203362443149785,0.3661786369868129,30.46414737553952,30.679615371801184
906,-2.550174157665637,-30.863130579055834,,,0,-0.3685242394499422,0.7071008629817314,0,0.07552501681062081,1.0000238096642446,0,-0.36557520100918744,0.6440949092991279,-0.11070888877017097,0.7042648557502625,-0.15359475292000238,0.5443113930417364,-1.1840341955304758,-0.022773045666131253,0.0014518102370842945,0.10234113248809973,0.015703739463778454,0.04495322804807522,-0.2929229466825133,0.5319620237185411,31.645522742869456,31.971157372767365
907,-2.6609634199149674,-32.06993782025244,,,0,-0.5077727974133572,0.7087890583652904,0,0.08261972747375579,1.1183177733382375,0,-0.44761606602654613,0.662352010351621,-0.1108782048483922,0.7566060936246097,-0.1732353638757542,0.6166989506757443,-1.206807241196607,-0.022773045666131253,0.0016881953835590213,0.11829396367399281,0.018257101052493008,0.05234123787434719,-0.40952871497294707,0.7185242527778541,32.84937085607341,33.30146480009759
908,-2.773748770874854,-33.29951810711518,,,0,-0.6610547548118357,0.7107136388953241,0,0.08976004312680098,1.2525645681981232,0,-0.5341504311284517,0.6831624729928286,-0.10923724129722227,0.816335341325229,-0.19189867142507833,0.6986393274234413,-1.229580286862742,-0.022773045666134806,0.0019245805300337482,0.13424679485988578,0.020810462641207672,0.05972924770061927,-0.5418509293027991,0.9259186197447068,34.075788170236784,34.670536481709526
909,-2.888530210545297,-34.55187143964406,,,0,0.5410191322970818,0.4715615273785971,1,0.5197018515659052,0.4439976084801206,1,0.5814651540881512,0.4442056163788311,0.5513557931773658,0.4315903695365158,0.4454483568458603,0.5486219556294138,-1.2523533325288767,-0.022773045666134806,-0.23915211151672705,-0.8085669597180026,-0.23895685661399751,-0.3847449717887132,0.02756391889847648,0.03484531651188694,35.19094578851953,35.16144047422771
910,-3.0053077389262963,-35.826997817839064,,,0,0.519932874863281,0.43317759801261263,1,0.5039228684529349,0.45636194950528236,1,0.5336634212223752,0.4186821709245452,0.5181674644425405,0.4408592189560789,0.4282404167123933,0.4993386310702593,-1.2751263781950044,-0.0227730456661277,-0.03838392936598445,0.012364341025161762,-0.02552344545428592,0.009268849419563074,-0.02318435149266973,0.028175068045968955,36.43113562014566,36.452666506886835
911,-3.124081356017852,-37.124897241700204,,,0,0.6152507762353548,0.37718166218454924,0,0.5581536898743356,0.41038918215173037,0,0.6346066845449194,0.379222305191914,0.5966420750130866,0.4195362363709226,0.5060131648799758,0.48661023618215343,-1.2978994238611392,-0.022773045666134806,-0.05599593582806339,-0.04597276735355199,-0.03945986573263116,-0.021322982585156303,-0.03320751996718113,0.06605162112536246,37.68804222705789,37.71546873437741
912,-3.244851061819964,-38.44556971122748,,,0,0.7170577571314468,0.31634426055550474,0,0.6103182672812275,0.3611547102928844,0,0.7382439298729985,0.33596740469745473,0.6733317256578772,0.39738965959256306,0.585587867983939,0.4655899023331555,-1.320672469527274,-0.022773045666134806,-0.060837401629044496,-0.049234471858845996,-0.04325490049445929,-0.022146576778359517,-0.04481044973737963,0.11576396286906947,38.96386397991849,38.99774597183621
913,-3.3676168563326327,-39.78901522642089,,,0,0.8253538175515569,0.25066539312547914,0,0.6604166006736107,0.3086585339287443,0,0.8445751572066124,0.28891746944116725,0.7482364163769122,0.3744194886210003,0.6669645260242829,0.4362776295232655,-1.3434455151934088,-0.022773045666134806,-0.0656788674300256,-0.05249617636414006,-0.04704993525628748,-0.022970170971562787,-0.057993140803265175,0.1748356081914379,40.25862674244279,40.29948504040955
914,-3.492378739555858,-41.15523378728043,,,0,0.34724776600093815,0.5598453909357822,1,0.39694414830555314,0.5642663346027602,1,0.31158294337282044,0.5210236747458087,0.30908205410403866,0.5282307853290636,0.2311708090115132,0.5215701817293508,-1.3662185608595436,-0.022773045666134806,0.3091799978103031,0.2556078006740159,0.23210620530464143,0.15381129670806337,-0.004420943666977983,0.04989263630109199,41.89141394781301,41.90040003324377
915,-3.6191367114896393,-42.5442253938061,,,0,0.2740680677142632,0.6090160828616052,0,0.340744066075688,0.6073671340458261,0,0.21273600556302935,0.5591847865352092,0.21240335843671015,0.5618635747162458,0.14594105128563625,0.5159811861342581,-1.3889916065256713,-0.0227730456661277,0.04917069192582302,0.043100799443065885,0.038161111789400515,0.03363278938718217,0.0016489488157791499,0.06669638513210284,43.32850439833356,43.33290428141526
916,-3.747890772133977,-43.95599004599791,,,0,0.18061397122290343,0.6704852184659342,0,0.2684162307635396,0.6612614698153287,0,0.08760198332867677,0.6063234558827469,0.09081533115882773,0.602689973043155,0.03908651422392077,0.507647888063363,-1.4117646521918061,-0.022773045666134806,0.061469135604328984,0.053894335769502644,0.04713866934753774,0.04082639832690915,0.00922374865060549,0.08828541396862101,44.79905628524311,44.79765456769877
917,-3.8786409214888713,-45.39052774385585,,,0,0.3427402982671704,0.4883982770271768,1,0.2572085212686297,0.4530028234345984,1,0.3807365344993045,0.46173228140437383,0.32732481247368433,0.42482798910871306,0.35032449710448993,0.4497343827608639,-1.434537697857941,-0.022773045666134806,-0.18208694143875742,-0.20825864638073033,-0.1445911744783731,-0.17786198393444191,0.035395453592578396,0.09256631683043497,46.07272416769131,46.02971372371602
918,-4.011387159554322,-46.847838487379924,,,0,0.39757461581160397,0.4506810356019619,1,0.3750404664552401,0.4511589526442594,1,0.4212968404252025,0.4298694934973105,0.3094749051212732,0.3894800061510222,0.3823811245239216,0.45087442039743464,-1.4573107435240757,-0.022773045666134806,-0.03771724142521493,-0.0018438707903389862,-0.03186278790706332,-0.03534798295769087,-0.0004779170422975487,0.022539216754675247,47.50356716082,47.50195686652955
919,-4.146129486330329,-48.327922276570135,,,0,0.4268042546696949,0.5310336381984964,1,0.43296535151046234,0.5330519988773493,1,0.4274389141677819,0.4610724967943474,0.29151629214615626,0.346699222907064,0.3785774215616735,0.47609684471733277,-1.4800837891902106,-0.022773045666134806,0.08035260259653448,0.0818930462330899,0.031203003297036902,-0.042780783243958176,-0.0020183606788529707,0.006483278037478746,49.07249021683005,49.07507429112951
920,-4.282867901816893,-49.83077911142648,,,0,0.4150567914921148,0.5404549636429403,1,0.44567221108695126,0.5562624018013067,1,0.4180932675162383,0.47417720695508303,0.27344897354833364,0.2964856393768385,0.3445969692014229,0.5056416591690126,-1.5028568348563454,-0.022773045666134806,0.009421325444443962,0.023210402923957374,0.013104710160735611,-0.050213583530225536,-0.015807438158366383,0.03445546427054025,50.58983809688896,50.60842858709486
921,-4.421602406014013,-51.35640899194895,,,0,0.39948657640478047,0.5297901005360515,1,0.44463105457273394,0.5415109585546609,1,0.4060224102899442,0.4699487101667924,0.25527294932780525,0.2388392555603456,0.3306354560439882,0.5071943151183199,-1.525629880522473,-0.0227730456661277,-0.010664863106888856,-0.01475144324664579,-0.0042284967882906255,-0.05764638381649287,-0.011720858018609448,0.046641209479914104,52.10969732440778,52.12556305002196
922,-4.562332998921689,-52.90481191813756,,,0,0.38901982442577904,0.5179352187094163,1,0.416442708919279,0.5150514728516956,1,0.4001304582782784,0.46333375261794546,0.2369882194845711,0.17376007145758537,0.32588455744803335,0.49816568156816277,-1.5484029261886079,-0.022773045666134806,-0.011854881826635189,-0.026459485702965302,-0.006614957548846945,-0.06507918410276023,0.0028837458577206654,0.027574092625429415,53.65170832721697,53.65137474716693
923,-4.705059680539922,-54.475987889992304,,,0,0.3834515483533867,0.5165071096687394,0,0.41948700778501596,0.5099074625760222,0,0.3954910743313558,0.4625972695976404,0.2185947840186312,0.10124808706855783,0.3130896246122452,0.5044973310032385,-1.5711759718547427,-0.022773045666134806,-0.001428109040676917,-0.005144010275673461,-0.0007364830203050454,-0.07251198438902755,0.006599647092717209,0.036634815110725076,55.227415771646584,55.22417646723596
924,-4.849782450868711,-56.06993690751318,,,0,0.3761939295556335,0.5136585635297525,0,0.42105859921378525,0.5019892181933269,0,0.3893099433913475,0.4618600035081372,0.20009264292998555,0.02130330239326293,0.2972111853748008,0.5118473682201237,-1.5939490175208775,-0.022773045666134806,-0.002848546138986885,-0.007918244382695283,-0.0007372660895031968,-0.0799447846752949,0.011669345336425607,0.0463574395767911,56.82441469614433,56.816939295844065
925,-4.996501309908056,-57.68665897070019,,,0,0.36724696803251955,0.5093895802924557,0,0.42115748320558677,0.49129673970360976,0,0.38158706545825366,0.4611219543494359,0.18148179621863417,-0.06607428256829931,0.27824923973570015,0.5202157932188184,-1.6167220631870123,-0.022773045666134806,-0.004268983237296742,-0.010692478489717105,-0.0007380491587012927,-0.08737758496156224,0.01809284058884597,0.05686558297247029,58.44270581123536,58.42966333499028
926,-5.145216257657958,-59.32615407955333,,,0,0.35661066378404477,0.5037001599568491,0,0.4197836597604206,0.4778300271068709,0,0.3723224405320742,0.4603831221215365,0.16276224388457702,-0.16088466781612892,0.25620378769494323,0.5296026059993225,-1.63949510885314,-0.0227730456661277,-0.005689420335606599,-0.013466712596738872,-0.0007388322278994441,-0.09481038524782961,0.025870132849978245,0.06826486061149412,60.08228988474506,60.062348764517466
927,-5.295927294118416,-60.98842223407261,,,0,0.34428501681020923,0.4965903025229326,0,0.4169371288782867,0.4615890804031102,0,0.36151606861280916,0.45964350682443894,0.14393398592781415,-0.26312785335022587,0.23107482925253003,0.5400078065616362,-1.6622681545192748,-0.022773045666134806,-0.007109857433916511,-0.016240946703760695,-0.00073961529709754,-0.10224318553409695,0.03500122211982243,0.0806437532474378,61.74316773164187,61.714995831359616
928,-5.44863441928943,-62.67346343425802,,,0,0.3302700271110129,0.48806000799070626,0,0.41261789055918513,0.4425738995923277,0,0.3491679497004585,0.4589031084581433,0.12499702234834552,-0.3728038391705902,0.2028623644084606,0.5514313949057592,-1.6850412001854096,-0.022773045666134806,-0.008530294532226368,-0.019015180810782517,-0.0007403983662956359,-0.10967598582036431,0.04548610839837858,0.09407527130818102,63.425340205207895,63.38760484012388
929,-5.603337633171001,-64.38127768010956,,,0,0.31456569468645573,0.47810927636017,0,0.40682594480311585,0.4207844846745234,0,0.3352780837950222,0.4581619270226495,0.10595135314617116,-0.4899126252772218,0.1715663931627349,0.5638733710316918,-1.7078142458515444,-0.022773045666134806,-0.00995073163053628,-0.021789414917804284,-0.0007411814354937873,-0.11710878610663161,0.05732479168564658,0.10861899232358703,65.12880818936381,65.08017614483344
930,-5.760036935763128,-66.11186497162724,,,0,0.42745849817023684,0.45426240580223326,1,0.4166659887391919,0.45893369211576135,1,0.3849072041800753,0.44365005211674485,0.08679697832129105,-0.6144542116701208,0.2905198508947166,0.4889535870803916,-1.7305872915176792,-0.022773045666134806,-0.023846870557936717,0.03814920744123795,-0.014511874905904665,-0.12454158639289903,-0.004671286313528089,0.011760066991397138,66.85308080988574,66.85673409422691
931,-5.918732327065811,-67.86522530881105,,,0,0.43725533919927156,0.4387053824710137,0,0.4117201285386265,0.44549700936341263,0,0.3823554850998944,0.43985500722326787,0.06753389787370519,-0.7464285983492872,0.28704530206611467,0.48384161664069125,-1.753360337183807,-0.0227730456661277,-0.015557023331219555,-0.013436682752348716,-0.0037950448934769843,-0.1319743866791664,-0.006791626892398928,0.02642296689111724,68.59901986977057,68.60342128438936
932,-6.079423807079051,-69.641358691661,,,0,0.40185909018230787,0.4738008361796765,1,0.4056921288671808,0.43071807534551537,0,0.36967631821298846,0.4624831434101625,0.048162111803413586,-0.8858357853147208,0.2779280478133786,0.5104019077734654,-1.7761333828499488,-0.02277304566614191,0.035095453708662794,-0.01477893401789726,0.022628136186894632,-0.13940718696543364,0.04308276083416113,0.043252935931023924,70.41407972564066,70.37153310212814
933,-6.242111375802847,-71.44026512017707,,,0,0.3921595565734204,0.47969212665279787,0,0.3985819897248549,0.41459689006206957,0,0.3622305481114098,0.470752794699469,0.028681620110416237,-1.0326757725664217,0.272411469271233,0.5188028715179125,-1.7989064285160765,-0.0227730456661277,0.005891290473121369,-0.016121185283445805,0.008269651289306512,-0.1468399872517009,0.0650952365907283,0.06541129470043792,72.22529889997,72.16106985685198
934,-6.4067950332371995,-73.26194459435928,,,0,0.3801490752781964,0.4879295997032851,0,0.3903897111116488,0.3971334535130753,0,0.3539492999065322,0.4807762801167987,0.009092422794713144,-1.1869485601043899,0.2668436237799913,0.5287323366970015,-1.8216794741822042,-0.0227730456661277,0.00823747305048722,-0.017463436548994293,0.01002348541732967,-0.15427278753796814,0.09079614619020981,0.09137182708727751,74.06150521000883,73.97203187226481
935,-6.573474779382108,-75.10639711420762,,,0,0.36582764629663594,0.4985132553311381,0,0.3811152930275624,0.37832776569853244,0,0.3448325735983556,0.4925535996621515,-0.010605480143695695,-1.3486541479286254,0.2612245113396535,0.5401903033107323,-1.8444525198483461,-0.02277304566614191,0.010583655627853017,-0.018805687814542837,0.011777319545352827,-0.1617055878242355,0.12018548963260567,0.12115388586751467,75.92270009780356,75.8044194837635
936,-6.742150614237573,-76.9736226797221,,,0,0.34919526962873904,0.511443093536357,0,0.37075873547259586,0.35817982661844106,0,0.3348803691868801,0.5060847533355275,-0.030412088704810276,-1.5177925360391282,0.25555413195021964,0.5531767713591048,-1.8672255655144738,-0.0227730456661277,0.012929838205218869,-0.02014793908009138,0.013531153673375984,-0.16913838811050286,0.15326326691791592,0.1547727755309425,77.80888512458469,77.65823303614917
